product_id,product_name,brand,category,sub_category,supplier_id,cost_price,selling_price,gst_percent,shelf_life_days,reorder_level,reorder_quantity,weight,unit,launch_date,status
1,HUL Paneer,HUL,Dairy,Paneer,170,1591.86,2236.94,12,90,47,435,6.22,ml,2022-12-23 00:00:00,Discontinued
2,Tata Atta,Tata,Grocery,Atta,315,810.52,1223.02,5,30,107,214,3.88,kg,2021-03-22 00:00:00,Active
3,Amul Bottle,Amul,Kitchen,Bottle,192,1641.73,2419.1,18,180,25,201,8.99,g,2021-07-08 00:00:00,Active
4,Dabur Milk,Dabur,Dairy,Milk,274,1749.36,2540.99,0,30,46,393,6.33,g,2023-10-28 00:00:00,Active
5,Patanjali Baby Lotion,Patanjali,Baby Care,Baby Lotion,500,974.89,1386.47,18,30,115,401,1.62,ml,2026-06-20 00:00:00,Active
6,ITC Atta,ITC,Grocery,Atta,286,111.87,163.5,0,365,49,182,4.14,ml,2023-01-04 00:00:00,Active
7,Amul Baby Soap,Amul,Baby Care,Baby Soap,4,710.26,831.62,0,365,25,408,8.5,L,2021-01-17 00:00:00,Active
8,Fortune Paneer,Fortune,Dairy,Paneer,475,1097.72,1362.33,18,180,70,470,6.64,ml,2023-10-07 00:00:00,Active
9,Sunfeast Soft Drink,Sunfeast,Beverages,Soft Drink,152,1437.24,2134.69,5,90,106,457,8.68,L,2023-03-07 00:00:00,Active
10,Nivea Tea,Nivea,Grocery,Tea,294,267.35,304.23,18,365,90,93,3.12,L,2026-01-17 00:00:00,Active
11,Dabur Knife,Dabur,Kitchen,Knife,130,343.43,475.74,5,30,43,393,8.02,kg,2024-01-22 00:00:00,Active
12,Nivea Lunch Box,Nivea,Kitchen,Lunch Box,129,145.56,205.07,0,60,112,347,4.92,L,2025-01-21 00:00:00,Active
13,Fortune Juice,Fortune,Beverages,Juice,163,1120.84,1689.16,18,180,62,365,6.63,pcs,2024-12-04 00:00:00,Active
14,Colgate Dishwash Liquid,Colgate,Household,Dishwash Liquid,403,316.02,396.5,5,180,55,480,3.66,L,2024-01-13 00:00:00,Active
15,Tata Cat Food,Tata,Pet Care,Cat Food,56,1397.96,1858.44,5,365,30,480,2.88,g,2025-05-21 00:00:00,Active
16,ITC Mineral Water,ITC,Beverages,Mineral Water,435,1313.45,1974.91,0,365,94,257,7.72,g,2025-09-11 00:00:00,Active
17,Nivea Bottle,Nivea,Kitchen,Bottle,335,1610.76,2177.85,5,90,70,164,8.93,pcs,2023-12-01 00:00:00,Active
18,Dettol Shampoo,Dettol,Personal Care,Shampoo,187,909.5,1054.05,0,60,98,400,1.74,pcs,2024-05-25 00:00:00,Active
19,Mamaearth Biscuits,Mamaearth,Snacks,Biscuits,496,1708.45,2397.89,5,180,65,70,2.27,ml,2025-09-16 00:00:00,Active
20,HUL Toothpaste,HUL,Personal Care,Toothpaste,465,91.41,110.51,12,180,80,282,8.83,kg,2025-05-05 00:00:00,Discontinued
21,Surf Excel Detergent,Surf Excel,Household,Detergent,380,1145.92,1418.19,12,365,89,341,1.82,ml,2021-04-15 00:00:00,Active
22,Godrej Cheese,Godrej,Dairy,Cheese,265,686.75,1037.07,18,90,64,299,7.95,pcs,2024-06-17 00:00:00,Active
23,Dabur Namkeen,Dabur,Snacks,Namkeen,144,425.53,570.74,5,60,43,130,3.69,kg,2023-01-23 00:00:00,Active
24,Nestle Baby Soap,Nestle,Baby Care,Baby Soap,108,874.51,1159.5,5,180,22,174,0.53,pcs,2023-03-29 00:00:00,Active
25,Britannia Chocolate,Britannia,Snacks,Chocolate,86,1605.07,1899.04,12,60,86,257,6.03,pcs,2022-07-30 00:00:00,Active
26,Patanjali Soap,Patanjali,Personal Care,Soap,445,816.83,1263.55,18,60,48,475,4.17,g,2025-10-11 00:00:00,Active
27,Surf Excel Chocolate,Surf Excel,Snacks,Chocolate,176,487.17,697.34,18,365,95,85,2.38,ml,2026-02-06 00:00:00,Active
28,Surf Excel Salt,Surf Excel,Grocery,Salt,215,1549.37,2071.31,5,365,32,140,4.81,pcs,2026-07-03 00:00:00,Active
29,Nestle Frying Pan,Nestle,Kitchen,Frying Pan,462,181.34,254.52,0,180,86,265,3.77,kg,2023-06-16 00:00:00,Active
30,Lizol Baby Powder,Lizol,Baby Care,Baby Powder,302,1424.36,1828.78,0,180,37,180,4.82,g,2025-05-03 00:00:00,Active
31,Pedigree Paneer,Pedigree,Dairy,Paneer,97,1580.03,2047.27,0,30,93,317,1.27,kg,2023-11-28 00:00:00,Active
32,Colgate Mineral Water,Colgate,Beverages,Mineral Water,334,661.65,785.08,12,90,88,266,5.69,pcs,2026-07-06 00:00:00,Active
33,Colgate Baby Powder,Colgate,Baby Care,Baby Powder,92,1000.51,1360.45,12,365,91,297,2.61,L,2025-08-23 00:00:00,Active
34,Nestle Baby Powder,Nestle,Baby Care,Baby Powder,359,1349.85,1771.05,5,30,47,310,4.07,L,2022-05-14 00:00:00,Active
35,Sunfeast Sugar,Sunfeast,Grocery,Sugar,47,1736.76,1949.12,5,180,96,272,0.97,L,2023-11-25 00:00:00,Active
36,Britannia Cheese,Britannia,Dairy,Cheese,206,1308.22,1988.75,12,365,27,446,8.22,ml,2022-06-05 00:00:00,Active
37,Patanjali Mineral Water,Patanjali,Beverages,Mineral Water,265,74.99,103.32,5,365,41,395,0.46,g,2026-02-02 00:00:00,Active
38,Godrej Chips,Godrej,Snacks,Chips,203,1406.72,1789.13,18,365,45,315,0.25,kg,2022-11-29 00:00:00,Active
39,Nivea Bottle,Nivea,Kitchen,Bottle,494,1648.29,2092.8,12,60,97,149,4.6,ml,2023-05-04 00:00:00,Active
40,Colgate Shampoo,Colgate,Personal Care,Shampoo,258,918.64,1249.54,12,90,34,461,5.18,L,2021-01-10 00:00:00,Active
41,Sunfeast Face Wash,Sunfeast,Personal Care,Face Wash,388,1020.26,1480.48,12,180,107,285,8.98,kg,2026-01-03 00:00:00,Active
42,Sunfeast Soap,Sunfeast,Personal Care,Soap,347,1146.09,1773.58,5,90,72,230,5.21,kg,2022-03-24 00:00:00,Active
43,Fortune Shampoo,Fortune,Personal Care,Shampoo,421,181.02,255.18,12,30,90,141,4.82,L,2023-04-23 00:00:00,Active
44,Patanjali Shampoo,Patanjali,Personal Care,Shampoo,377,905.71,1092.16,5,90,46,167,2.11,g,2024-10-24 00:00:00,Active
45,Nestle Floor Cleaner,Nestle,Household,Floor Cleaner,490,228.98,264.19,18,365,20,441,8.59,kg,2024-02-08 00:00:00,Active
46,Aashirvaad Garbage Bags,Aashirvaad,Household,Garbage Bags,460,893.83,1379.81,12,180,43,441,9.17,L,2023-06-02 00:00:00,Active
47,Surf Excel Chips,Surf Excel,Snacks,Chips,277,1441.7,1911.23,0,365,64,251,8.62,g,2023-09-05 00:00:00,Active
48,Dettol Cheese,Dettol,Dairy,Cheese,346,578.44,649.95,5,180,94,101,3.32,pcs,2023-07-30 00:00:00,Active
49,Godrej Chocolate,Godrej,Snacks,Chocolate,314,438.29,579.72,12,90,43,305,4.3,ml,2021-11-05 00:00:00,Active
50,Sunfeast Dishwash Liquid,Sunfeast,Household,Dishwash Liquid,68,514.14,615.61,5,30,112,188,8.06,pcs,2024-03-21 00:00:00,Active
51,Parle Baby Powder,Parle,Baby Care,Baby Powder,243,1443.07,2074.52,0,60,73,305,1.43,pcs,2023-08-15 00:00:00,Active
52,Fortune Tissue Paper,Fortune,Household,Tissue Paper,25,462.99,689.46,18,30,108,133,0.69,L,2021-03-25 00:00:00,Active
53,Aashirvaad Butter,Aashirvaad,Dairy,Butter,286,478.69,610.3,12,90,22,260,1.3,pcs,2022-01-11 00:00:00,Active
54,Fortune Knife,Fortune,Kitchen,Knife,250,648.87,914.56,18,30,68,364,2.94,g,2021-04-28 00:00:00,Active
55,Pedigree Tissue Paper,Pedigree,Household,Tissue Paper,37,1035.37,1537.55,0,60,63,166,3.2,L,2022-10-12 00:00:00,Active
56,Dettol Baby Soap,Dettol,Baby Care,Baby Soap,383,1409.04,2146.91,18,180,41,144,8.56,g,2023-11-18 00:00:00,Active
57,Patanjali Soap,Patanjali,Personal Care,Soap,33,312.94,364.35,18,365,26,63,7.73,pcs,2022-09-05 00:00:00,Active
58,Godrej Milk,Godrej,Dairy,Milk,477,1118.31,1293.05,18,90,49,176,7.4,ml,2024-07-17 00:00:00,Active
59,Dabur Chocolate,Dabur,Snacks,Chocolate,441,66,92.75,12,180,79,495,5.45,L,2025-01-29 00:00:00,Active
60,Dabur Chocolate,Dabur,Snacks,Chocolate,384,1069.63,1407.97,18,365,101,377,5.38,L,2020-10-08 00:00:00,Active
61,Dettol Juice,Dettol,Beverages,Juice,80,564.54,732.35,12,30,20,317,8.17,g,2022-07-30 00:00:00,Active
62,Amul Pet Shampoo,Amul,Pet Care,Pet Shampoo,387,1242.67,1654.65,18,90,21,442,4.36,L,2023-04-29 00:00:00,Active
63,Tata Tea,Tata,Grocery,Tea,224,351.6,527.16,18,60,40,416,7.4,ml,2022-08-12 00:00:00,Active
64,ITC Mineral Water,ITC,Beverages,Mineral Water,392,768.7,940.13,12,90,103,430,5.37,L,2024-03-09 00:00:00,Active
65,Parle Curd,Parle,Dairy,Curd,317,531.93,741.44,18,90,109,368,4.97,L,2025-05-03 00:00:00,Active
66,Amul Tea,Amul,Grocery,Tea,138,346.9,403.78,5,180,113,54,2.4,g,2025-08-12 00:00:00,Active
67,Colgate Mineral Water,Colgate,Beverages,Mineral Water,191,571.16,836.05,18,30,62,91,8.45,g,2024-10-22 00:00:00,Active
68,Nivea Baby Lotion,Nivea,Baby Care,Baby Lotion,431,854.21,1027.31,12,180,21,112,9.75,g,2020-08-01 00:00:00,Active
69,Britannia Dog Food,Britannia,Pet Care,Dog Food,49,370.54,532.17,5,180,69,398,9.62,L,2021-04-13 00:00:00,Active
70,Nivea Suji,Nivea,Grocery,Suji,327,944.85,1161.15,12,60,66,76,8.65,g,2023-06-15 00:00:00,Discontinued
71,Aashirvaad Energy Drink,Aashirvaad,Beverages,Energy Drink,300,41.9,61.24,0,180,51,54,9.69,pcs,2022-08-10 00:00:00,Active
72,Pedigree Pet Shampoo,Pedigree,Pet Care,Pet Shampoo,128,291.66,423.33,5,180,31,401,6.22,kg,2025-12-02 00:00:00,Active
73,Nestle Chocolate,Nestle,Snacks,Chocolate,286,239.6,292.32,12,180,113,148,0.31,ml,2025-12-24 00:00:00,Active
74,Britannia Cookies,Britannia,Snacks,Cookies,151,881.26,1152.8,18,60,92,145,5.48,L,2023-05-11 00:00:00,Active
75,Nivea Hair Oil,Nivea,Personal Care,Hair Oil,231,301.21,406.15,12,90,89,237,4.6,pcs,2025-09-24 00:00:00,Active
76,Pedigree Chips,Pedigree,Snacks,Chips,123,1544.44,2245.13,12,30,104,325,8.21,g,2023-06-22 00:00:00,Active
77,Parle Pet Shampoo,Parle,Pet Care,Pet Shampoo,329,1109.28,1396.27,12,30,32,317,6.62,kg,2021-01-16 00:00:00,Active
78,Britannia Biscuits,Britannia,Snacks,Biscuits,51,375.71,499.21,0,365,102,478,3.95,ml,2020-09-16 00:00:00,Active
79,Tata Soap,Tata,Personal Care,Soap,7,408.99,584.31,5,180,30,289,8.03,kg,2021-11-16 00:00:00,Active
80,Britannia Baby Soap,Britannia,Baby Care,Baby Soap,21,1485.2,1833.18,0,90,29,160,9.61,kg,2025-06-08 00:00:00,Active
81,Patanjali Energy Drink,Patanjali,Beverages,Energy Drink,292,359.72,504.49,5,365,115,335,4.21,kg,2023-11-08 00:00:00,Active
82,Colgate Tissue Paper,Colgate,Household,Tissue Paper,93,1590.84,1895.85,18,365,63,386,1.67,pcs,2020-08-25 00:00:00,Active
83,Nivea Dishwash Liquid,Nivea,Household,Dishwash Liquid,191,1784.76,2248.09,18,180,112,215,6.12,pcs,2026-06-21 00:00:00,Active
84,Tata Baby Soap,Tata,Baby Care,Baby Soap,204,1731.55,2272.53,0,30,56,355,0.26,g,2025-09-05 00:00:00,Discontinued
85,Fortune Soap,Fortune,Personal Care,Soap,162,1772.14,2148.5,0,90,90,311,5.61,pcs,2023-05-05 00:00:00,Active
86,Tata Cooking Oil,Tata,Grocery,Cooking Oil,456,293.65,362.35,5,60,52,465,3.07,pcs,2021-08-19 00:00:00,Active
87,Aashirvaad Juice,Aashirvaad,Beverages,Juice,423,1430.33,1708.31,0,365,102,203,0.47,pcs,2026-02-16 00:00:00,Active
88,Tata Moong Dal,Tata,Grocery,Moong Dal,477,1585.43,2071.76,0,60,115,384,8.51,kg,2023-08-03 00:00:00,Active
89,Fortune Baby Lotion,Fortune,Baby Care,Baby Lotion,290,951.02,1195.72,5,90,84,407,2.29,kg,2025-07-30 00:00:00,Active
90,Pedigree Diapers,Pedigree,Baby Care,Diapers,222,1041.83,1207.21,12,180,38,117,3.43,ml,2020-12-17 00:00:00,Active
91,Sunfeast Tea,Sunfeast,Grocery,Tea,223,483.67,624.6,5,60,81,336,2.06,ml,2024-04-21 00:00:00,Active
92,HUL Soft Drink,HUL,Beverages,Soft Drink,166,142.88,207.75,0,30,105,261,4.29,L,2025-12-13 00:00:00,Active
93,Amul Garbage Bags,Amul,Household,Garbage Bags,180,1388.88,1656.63,18,365,38,275,0.54,g,2022-02-17 00:00:00,Active
94,ITC Floor Cleaner,ITC,Household,Floor Cleaner,486,215.58,246.51,5,90,21,225,6.97,kg,2025-05-08 00:00:00,Active
95,Aashirvaad Dog Food,Aashirvaad,Pet Care,Dog Food,105,388.08,524.43,12,365,81,368,7.33,g,2024-04-23 00:00:00,Active
96,Mamaearth Chana Dal,Mamaearth,Grocery,Chana Dal,131,1632.28,2197.9,5,30,56,152,7.91,pcs,2025-03-03 00:00:00,Active
97,Amul Pet Shampoo,Amul,Pet Care,Pet Shampoo,340,133.88,187.96,12,30,22,199,8.69,ml,2022-04-21 00:00:00,Active
98,Aashirvaad Baby Lotion,Aashirvaad,Baby Care,Baby Lotion,46,880.12,1211.71,5,60,84,284,5.65,kg,2025-03-28 00:00:00,Active
99,Aashirvaad Bottle,Aashirvaad,Kitchen,Bottle,10,889.53,1281,12,90,65,370,3.09,pcs,2024-07-05 00:00:00,Active
100,Godrej Poha,Godrej,Grocery,Poha,418,1583.44,2379.71,0,365,55,165,1.6,ml,2023-07-24 00:00:00,Active
101,Surf Excel Butter,Surf Excel,Dairy,Butter,321,1729.68,2392.76,5,180,50,343,1.61,L,2020-12-29 00:00:00,Active
102,Nivea Tissue Paper,Nivea,Household,Tissue Paper,298,250.21,350.43,5,60,59,402,7.08,pcs,2023-09-23 00:00:00,Active
103,Mamaearth Baby Powder,Mamaearth,Baby Care,Baby Powder,286,1652.05,2075.84,0,60,60,479,8.81,kg,2023-04-07 00:00:00,Active
104,Fortune Diapers,Fortune,Baby Care,Diapers,458,805.76,1225.98,12,60,119,146,1.16,g,2022-08-10 00:00:00,Active
105,Mamaearth Hair Oil,Mamaearth,Personal Care,Hair Oil,119,1108.07,1525.19,0,90,30,402,7.82,g,2026-01-17 00:00:00,Active
106,Tata Pet Shampoo,Tata,Pet Care,Pet Shampoo,243,343.4,441.82,5,60,44,165,0.42,kg,2021-09-18 00:00:00,Active
107,Patanjali Baby Powder,Patanjali,Baby Care,Baby Powder,475,1367.63,1570.64,18,365,82,402,3.32,ml,2020-10-20 00:00:00,Active
108,Britannia Diapers,Britannia,Baby Care,Diapers,369,1100.15,1622.13,12,180,98,430,5.76,pcs,2023-08-15 00:00:00,Active
109,Nestle Tea,Nestle,Grocery,Tea,22,821.12,1211.66,5,365,88,252,9.84,kg,2024-07-03 00:00:00,Active
110,Patanjali Pressure Cooker,Patanjali,Kitchen,Pressure Cooker,156,534.76,690.46,12,180,41,266,3.01,kg,2024-07-02 00:00:00,Active
111,Dettol Namkeen,Dettol,Snacks,Namkeen,93,176.44,235.6,5,180,72,215,4.56,g,2024-12-15 00:00:00,Active
112,ITC Energy Drink,ITC,Beverages,Energy Drink,465,461.4,654.01,5,30,31,108,7.09,L,2024-07-01 00:00:00,Active
113,Sunfeast Baby Powder,Sunfeast,Baby Care,Baby Powder,88,997.37,1135.88,12,365,104,491,1.59,g,2021-05-29 00:00:00,Active
114,Fortune Chana Dal,Fortune,Grocery,Chana Dal,229,567.49,823.15,12,60,35,117,9.61,kg,2026-06-27 00:00:00,Active
115,Dettol Soap,Dettol,Personal Care,Soap,414,903.27,1205.34,0,365,83,171,2.25,ml,2024-01-17 00:00:00,Active
116,Pedigree Dog Food,Pedigree,Pet Care,Dog Food,281,1086.18,1330.82,12,365,100,335,8.22,g,2025-08-17 00:00:00,Active
117,Tata Chips,Tata,Snacks,Chips,342,80.55,119.79,12,90,31,75,1.18,g,2021-10-25 00:00:00,Active
118,Pedigree Hair Oil,Pedigree,Personal Care,Hair Oil,495,1036.52,1411.47,18,365,66,68,1.02,L,2022-09-03 00:00:00,Active
119,Colgate Baby Lotion,Colgate,Baby Care,Baby Lotion,242,1520.31,1745.19,5,30,108,490,2.82,pcs,2026-05-24 00:00:00,Active
120,Pedigree Soft Drink,Pedigree,Beverages,Soft Drink,323,118.86,162.33,0,180,112,402,6.09,L,2023-03-21 00:00:00,Active
121,Surf Excel Dishwash Liquid,Surf Excel,Household,Dishwash Liquid,475,1041.63,1445.78,5,365,92,304,5.25,ml,2025-07-10 00:00:00,Active
122,HUL Chocolate,HUL,Snacks,Chocolate,1,1279.83,1972.32,0,30,79,370,7.99,g,2023-09-30 00:00:00,Active
123,Britannia Diapers,Britannia,Baby Care,Diapers,327,610.82,831.31,5,30,101,153,6.93,L,2022-12-07 00:00:00,Active
124,Surf Excel Toothpaste,Surf Excel,Personal Care,Toothpaste,59,996.74,1445.1,12,90,70,420,5.73,kg,2025-02-12 00:00:00,Active
125,Aashirvaad Mineral Water,Aashirvaad,Beverages,Mineral Water,243,1661.27,2202.87,0,60,81,129,6.31,pcs,2025-02-10 00:00:00,Active
126,Britannia Cat Food,Britannia,Pet Care,Cat Food,372,1505.66,1880.14,12,365,88,59,2.16,L,2023-07-31 00:00:00,Active
127,Parle Detergent,Parle,Household,Detergent,193,515.62,584.41,5,365,97,249,1.96,kg,2026-01-27 00:00:00,Active
128,Britannia Toothpaste,Britannia,Personal Care,Toothpaste,450,499.62,578.22,5,90,77,474,9.51,g,2023-09-12 00:00:00,Active
129,Tata Chips,Tata,Snacks,Chips,468,1416.13,2059.69,0,180,84,62,8.01,pcs,2021-05-18 00:00:00,Active
130,Surf Excel Tissue Paper,Surf Excel,Household,Tissue Paper,394,568.99,717.36,0,365,106,117,2.13,kg,2024-01-04 00:00:00,Active
131,Amul Pressure Cooker,Amul,Kitchen,Pressure Cooker,435,570.1,649.31,0,90,79,73,1.12,L,2025-04-02 00:00:00,Active
132,Aashirvaad Shampoo,Aashirvaad,Personal Care,Shampoo,273,372.99,463.71,12,180,105,110,2.8,g,2022-02-15 00:00:00,Active
133,Nivea Coffee,Nivea,Grocery,Coffee,180,932.6,1127.35,12,90,38,410,8.06,pcs,2020-12-16 00:00:00,Active
134,Pedigree Paneer,Pedigree,Dairy,Paneer,26,1607.65,2174.26,5,30,80,395,0.6,ml,2023-01-17 00:00:00,Active
135,Dabur Diapers,Dabur,Baby Care,Diapers,323,1272.85,1913.41,18,365,65,209,3.39,g,2023-07-09 00:00:00,Active
136,Dettol Pressure Cooker,Dettol,Kitchen,Pressure Cooker,411,1028.5,1193.01,18,30,78,208,6.88,ml,2023-09-19 00:00:00,Active
137,Pedigree Soft Drink,Pedigree,Beverages,Soft Drink,94,475.62,607.03,12,90,78,299,0.4,ml,2021-01-11 00:00:00,Active
138,Dabur Cat Food,Dabur,Pet Care,Cat Food,295,518.83,658.86,5,365,33,257,8.19,kg,2023-04-30 00:00:00,Active
139,Nivea Paneer,Nivea,Dairy,Paneer,123,837.84,1151.13,5,365,40,296,3.9,L,2026-05-30 00:00:00,Active
140,Mamaearth Diapers,Mamaearth,Baby Care,Diapers,121,1420.38,1923.4,5,30,114,414,5.78,ml,2021-03-20 00:00:00,Active
141,Nivea Cat Food,Nivea,Pet Care,Cat Food,158,189.31,248.27,18,30,96,105,6.89,pcs,2021-05-31 00:00:00,Active
142,Lizol Baby Soap,Lizol,Baby Care,Baby Soap,112,1166.31,1337.1,5,365,116,375,8.12,g,2022-11-01 00:00:00,Active
143,Fortune Pet Shampoo,Fortune,Pet Care,Pet Shampoo,101,711.12,973.18,5,90,58,341,7.96,L,2022-07-09 00:00:00,Active
144,ITC Baby Soap,ITC,Baby Care,Baby Soap,262,1055.17,1459.24,18,60,57,81,3.76,pcs,2024-01-21 00:00:00,Active
145,Nivea Suji,Nivea,Grocery,Suji,441,1480.04,1886.27,12,30,50,271,7.05,ml,2026-04-01 00:00:00,Active
146,Sunfeast Diapers,Sunfeast,Baby Care,Diapers,89,791.81,958.74,18,60,44,334,3.91,L,2020-09-09 00:00:00,Active
147,Parle Cookies,Parle,Snacks,Cookies,9,254.69,293.11,5,180,104,273,9.75,g,2026-04-16 00:00:00,Active
148,Pedigree Diapers,Pedigree,Baby Care,Diapers,233,1675.61,2325.74,18,365,77,246,3.62,g,2023-03-14 00:00:00,Active
149,Lizol Coffee,Lizol,Grocery,Coffee,257,1526.54,1865.13,12,180,89,345,3.73,kg,2020-09-28 00:00:00,Active
150,Mamaearth Detergent,Mamaearth,Household,Detergent,73,874.54,1239.15,12,180,86,90,5.28,pcs,2022-06-25 00:00:00,Active
151,ITC Pet Shampoo,ITC,Pet Care,Pet Shampoo,297,1236.07,1670.99,12,365,26,225,5.4,kg,2023-05-22 00:00:00,Active
152,Mamaearth Lunch Box,Mamaearth,Kitchen,Lunch Box,492,1324.86,1723.69,12,90,41,68,6.98,pcs,2021-05-06 00:00:00,Active
153,Lizol Soap,Lizol,Personal Care,Soap,337,1046.98,1430.52,12,365,23,196,4.9,g,2024-02-27 00:00:00,Active
154,Parle Toothpaste,Parle,Personal Care,Toothpaste,132,1114.2,1379.76,0,30,97,139,9.11,g,2022-03-28 00:00:00,Active
155,Godrej Floor Cleaner,Godrej,Household,Floor Cleaner,93,1411.81,1724.62,0,90,30,124,6,g,2026-03-17 00:00:00,Active
156,HUL Diapers,HUL,Baby Care,Diapers,86,1194.29,1710.44,5,365,113,481,3.52,L,2026-04-26 00:00:00,Active
157,Dabur Milk,Dabur,Dairy,Milk,244,843.27,1117.15,5,180,107,411,3.96,L,2026-01-04 00:00:00,Active
158,Fortune Baby Lotion,Fortune,Baby Care,Baby Lotion,348,1670.09,2192.82,12,365,107,71,1.06,pcs,2023-07-18 00:00:00,Active
159,Aashirvaad Baby Soap,Aashirvaad,Baby Care,Baby Soap,131,497.53,728.88,18,180,118,395,7.52,pcs,2026-02-14 00:00:00,Active
160,Dabur Bottle,Dabur,Kitchen,Bottle,5,574.19,645.7,0,30,72,100,5.3,ml,2023-10-01 00:00:00,Active
161,Patanjali Toothpaste,Patanjali,Personal Care,Toothpaste,30,75.76,105.03,5,365,101,112,7.11,kg,2020-11-07 00:00:00,Active
162,Mamaearth Namkeen,Mamaearth,Snacks,Namkeen,57,1448.71,1737.66,5,90,57,289,6.64,kg,2022-07-26 00:00:00,Active
163,Aashirvaad Face Wash,Aashirvaad,Personal Care,Face Wash,142,474.35,690.52,0,180,69,220,9.96,L,2022-02-27 00:00:00,Active
164,Dettol Shampoo,Dettol,Personal Care,Shampoo,103,138.88,214.04,18,60,102,301,1.17,pcs,2023-03-28 00:00:00,Active
165,Dettol Juice,Dettol,Beverages,Juice,38,1291.99,1504.41,0,365,113,178,7.79,kg,2024-04-12 00:00:00,Active
166,Britannia Chips,Britannia,Snacks,Chips,359,1201.32,1483.11,12,180,93,51,5.2,ml,2023-04-26 00:00:00,Active
167,Nivea Baby Lotion,Nivea,Baby Care,Baby Lotion,353,418.14,537.44,18,30,92,324,9.36,L,2022-05-21 00:00:00,Active
168,Britannia Face Wash,Britannia,Personal Care,Face Wash,47,1143.61,1752.35,12,365,63,91,8.43,L,2021-07-16 00:00:00,Active
169,Britannia Chocolate,Britannia,Snacks,Chocolate,154,1742.01,2445.98,18,30,100,402,3.66,kg,2021-04-12 00:00:00,Active
170,Patanjali Pet Shampoo,Patanjali,Pet Care,Pet Shampoo,369,264.8,318.56,5,180,69,82,7.95,L,2020-11-08 00:00:00,Active
171,Britannia Dog Food,Britannia,Pet Care,Dog Food,370,620.62,785.22,0,180,35,158,8.09,pcs,2024-09-11 00:00:00,Active
172,Mamaearth Knife,Mamaearth,Kitchen,Knife,377,430.88,495.93,5,180,103,59,4.77,pcs,2023-11-28 00:00:00,Active
173,Dabur Chips,Dabur,Snacks,Chips,421,1144.3,1726.75,0,180,98,137,8.37,kg,2021-05-02 00:00:00,Active
174,Lizol Milk,Lizol,Dairy,Milk,33,1077.03,1491.39,5,180,63,465,8.38,ml,2022-08-03 00:00:00,Active
175,Aashirvaad Knife,Aashirvaad,Kitchen,Knife,392,1508.02,2203.27,0,365,42,221,0.73,L,2026-02-08 00:00:00,Active
176,Tata Baby Powder,Tata,Baby Care,Baby Powder,474,1002.83,1312.33,0,60,32,455,8.49,pcs,2020-09-10 00:00:00,Active
177,Lizol Chips,Lizol,Snacks,Chips,475,159.09,178.67,0,365,56,263,6.97,ml,2025-12-31 00:00:00,Active
178,Godrej Soft Drink,Godrej,Beverages,Soft Drink,481,948.71,1230.64,5,365,108,69,6,ml,2025-03-14 00:00:00,Active
179,Tata Paneer,Tata,Dairy,Paneer,99,762.53,1036.9,0,365,32,366,3.68,pcs,2024-11-11 00:00:00,Active
180,Patanjali Pet Shampoo,Patanjali,Pet Care,Pet Shampoo,408,508.42,611.78,5,180,83,140,1.68,kg,2021-10-14 00:00:00,Active
181,Patanjali Dishwash Liquid,Patanjali,Household,Dishwash Liquid,413,790.89,999.48,18,30,33,429,0.62,pcs,2026-03-25 00:00:00,Active
182,Surf Excel Cooking Oil,Surf Excel,Grocery,Cooking Oil,370,222.18,334.36,18,365,94,216,4.25,L,2025-08-05 00:00:00,Active
183,HUL Paneer,HUL,Dairy,Paneer,446,190.04,273.13,5,180,48,87,4.76,ml,2024-06-23 00:00:00,Active
184,Patanjali Baby Powder,Patanjali,Baby Care,Baby Powder,199,1671.28,2198.81,12,60,78,418,2.02,L,2023-12-04 00:00:00,Discontinued
185,Parle Mineral Water,Parle,Beverages,Mineral Water,144,72.29,98.64,5,30,79,284,4.24,L,2021-09-27 00:00:00,Active
186,Dabur Hair Oil,Dabur,Personal Care,Hair Oil,314,1424.34,1986.01,5,365,90,487,2.37,ml,2024-12-09 00:00:00,Active
187,Mamaearth Dog Food,Mamaearth,Pet Care,Dog Food,8,860.18,1134.57,18,60,51,217,4.4,g,2021-04-28 00:00:00,Active
188,Amul Chocolate,Amul,Snacks,Chocolate,241,760.72,866.47,0,180,87,251,4.84,kg,2022-08-09 00:00:00,Active
189,Nivea Juice,Nivea,Beverages,Juice,209,1359.25,1927.5,5,60,65,201,2.47,kg,2022-05-07 00:00:00,Active
190,Dettol Shampoo,Dettol,Personal Care,Shampoo,13,1546.39,2228.86,18,180,118,120,8.75,ml,2024-04-27 00:00:00,Active
191,Amul Tissue Paper,Amul,Household,Tissue Paper,458,1550.78,1784.02,12,365,24,201,4.32,L,2025-03-27 00:00:00,Active
192,Patanjali Frying Pan,Patanjali,Kitchen,Frying Pan,451,1421.03,1641.02,12,30,85,395,3.7,kg,2021-01-03 00:00:00,Active
193,Pedigree Tissue Paper,Pedigree,Household,Tissue Paper,332,87.96,112.37,0,365,110,446,2.13,L,2025-09-01 00:00:00,Active
194,Mamaearth Butter,Mamaearth,Dairy,Butter,386,1569.97,2232.85,5,90,65,186,5.09,ml,2022-11-19 00:00:00,Active
195,Tata Paneer,Tata,Dairy,Paneer,425,822.55,1098.62,0,180,110,322,6.82,pcs,2020-09-12 00:00:00,Active
196,Tata Pet Shampoo,Tata,Pet Care,Pet Shampoo,415,1442.83,2202.49,0,60,78,94,0.89,g,2021-07-15 00:00:00,Active
197,Dabur Milk,Dabur,Dairy,Milk,255,507.56,720.61,5,60,86,371,0.32,ml,2023-10-15 00:00:00,Active
198,Lizol Knife,Lizol,Kitchen,Knife,331,633.86,830.9,0,90,44,82,0.32,g,2023-08-21 00:00:00,Active
199,Colgate Bottle,Colgate,Kitchen,Bottle,403,1047.99,1469.26,12,180,95,390,7,pcs,2026-07-10 00:00:00,Active
200,Parle Hair Oil,Parle,Personal Care,Hair Oil,405,1618.43,2025.94,12,60,81,240,9.71,kg,2023-01-22 00:00:00,Active
201,Dabur Face Wash,Dabur,Personal Care,Face Wash,275,1119.25,1330.94,12,60,42,479,7.11,g,2026-07-14 00:00:00,Active
202,Aashirvaad Milk,Aashirvaad,Dairy,Milk,190,1040.53,1362.66,5,60,91,412,0.44,L,2020-12-31 00:00:00,Discontinued
203,Dettol Cookies,Dettol,Snacks,Cookies,155,978.66,1164.52,0,30,71,305,7.71,ml,2021-04-04 00:00:00,Active
204,Nivea Chips,Nivea,Snacks,Chips,362,1756.45,2217.43,12,180,57,436,9.81,pcs,2021-07-27 00:00:00,Active
205,Nestle Cat Food,Nestle,Pet Care,Cat Food,72,1320.98,1990.82,0,90,23,255,6.21,g,2025-09-03 00:00:00,Active
206,Britannia Paneer,Britannia,Dairy,Paneer,270,1100.55,1324.97,5,90,45,61,0.93,ml,2026-06-03 00:00:00,Active
207,Sunfeast Cheese,Sunfeast,Dairy,Cheese,310,362.09,455.02,0,90,70,125,7.19,ml,2022-07-15 00:00:00,Active
208,Fortune Detergent,Fortune,Household,Detergent,229,630.68,789.91,0,60,113,277,7.44,ml,2023-08-04 00:00:00,Active
209,Colgate Shampoo,Colgate,Personal Care,Shampoo,428,1315.56,1707.73,0,60,46,205,4.8,pcs,2024-11-14 00:00:00,Discontinued
210,Sunfeast Cheese,Sunfeast,Dairy,Cheese,469,172.88,224.06,12,180,42,334,4.67,pcs,2021-03-04 00:00:00,Active
211,Dabur Biscuits,Dabur,Snacks,Biscuits,252,1500.63,1867.49,0,90,94,205,4.99,ml,2025-10-31 00:00:00,Active
212,Godrej Sugar,Godrej,Grocery,Sugar,326,550.8,768.61,18,30,103,390,8.94,ml,2023-08-21 00:00:00,Active
213,Nestle Juice,Nestle,Beverages,Juice,497,1380.02,1838.2,0,365,115,235,5.85,pcs,2023-08-21 00:00:00,Active
214,Nestle Face Wash,Nestle,Personal Care,Face Wash,9,681.17,977.6,12,60,94,79,1.55,ml,2023-11-17 00:00:00,Active
215,Dabur Cookies,Dabur,Snacks,Cookies,326,109.41,139.53,12,30,57,199,5.34,kg,2022-12-30 00:00:00,Active
216,Pedigree Chips,Pedigree,Snacks,Chips,447,1358.44,1839.05,12,90,54,400,7.01,L,2022-12-07 00:00:00,Active
217,Amul Floor Cleaner,Amul,Household,Floor Cleaner,399,259.45,321.98,18,180,63,133,1.11,g,2023-09-02 00:00:00,Active
218,Colgate Juice,Colgate,Beverages,Juice,420,836.98,964.91,5,30,81,228,3.18,L,2021-09-09 00:00:00,Active
219,Surf Excel Pet Shampoo,Surf Excel,Pet Care,Pet Shampoo,364,1378.01,1746.05,12,30,115,467,1.27,g,2022-05-28 00:00:00,Active
220,Fortune Biscuits,Fortune,Snacks,Biscuits,41,238.74,280.76,18,30,29,59,7.77,ml,2025-08-10 00:00:00,Active
221,Surf Excel Milk,Surf Excel,Dairy,Milk,466,1073.82,1419.27,12,30,28,204,6.71,kg,2020-11-14 00:00:00,Active
222,Dabur Soft Drink,Dabur,Beverages,Soft Drink,75,1212.02,1372.71,12,365,64,230,1.69,pcs,2021-12-21 00:00:00,Active
223,Nestle Juice,Nestle,Beverages,Juice,271,1477.96,2140.37,5,60,56,137,9.03,pcs,2026-03-08 00:00:00,Active
224,Surf Excel Curd,Surf Excel,Dairy,Curd,358,1534.56,2031.95,5,180,106,104,1.89,L,2020-09-02 00:00:00,Discontinued
225,Surf Excel Baby Powder,Surf Excel,Baby Care,Baby Powder,161,421.18,492.16,0,180,34,316,1.45,L,2023-05-18 00:00:00,Active
226,ITC Pressure Cooker,ITC,Kitchen,Pressure Cooker,146,600.69,702.66,18,365,114,209,6.9,ml,2021-10-22 00:00:00,Active
227,Colgate Baby Soap,Colgate,Baby Care,Baby Soap,431,351.98,404.75,18,90,42,56,9.99,ml,2021-10-14 00:00:00,Active
228,Surf Excel Diapers,Surf Excel,Baby Care,Diapers,74,1190.51,1376.89,18,180,108,352,9.78,g,2021-12-21 00:00:00,Active
229,Patanjali Mineral Water,Patanjali,Beverages,Mineral Water,63,1077.01,1665.04,5,180,112,305,2.86,pcs,2021-10-05 00:00:00,Active
230,Lizol Baby Soap,Lizol,Baby Care,Baby Soap,249,1205.02,1841.94,12,60,118,282,1.17,L,2023-07-02 00:00:00,Active
231,Amul Soft Drink,Amul,Beverages,Soft Drink,35,192.79,220.31,18,30,42,245,6.09,L,2024-09-11 00:00:00,Active
232,Surf Excel Milk,Surf Excel,Dairy,Milk,104,1385.12,2023.49,12,180,82,308,2.69,L,2026-07-20 00:00:00,Active
233,Amul Frying Pan,Amul,Kitchen,Frying Pan,221,1715.36,1944.51,0,180,77,211,8.54,ml,2021-03-08 00:00:00,Active
234,Nivea Sugar,Nivea,Grocery,Sugar,453,1192.05,1734.59,5,180,75,118,3.19,ml,2020-09-23 00:00:00,Active
235,Lizol Cheese,Lizol,Dairy,Cheese,293,1193.24,1688.09,18,180,91,487,1.65,kg,2022-01-16 00:00:00,Active
236,Sunfeast Pet Shampoo,Sunfeast,Pet Care,Pet Shampoo,146,1116.24,1419.51,12,30,23,352,0.55,L,2022-12-09 00:00:00,Active
237,Aashirvaad Poha,Aashirvaad,Grocery,Poha,183,694.32,905.47,18,90,27,388,2.52,g,2022-07-21 00:00:00,Active
238,Fortune Milk,Fortune,Dairy,Milk,276,219.33,261.66,12,30,78,386,8.65,pcs,2026-02-17 00:00:00,Active
239,Amul Baby Soap,Amul,Baby Care,Baby Soap,163,1257.29,1726.05,18,365,69,215,5.77,ml,2021-07-17 00:00:00,Active
240,Lizol Mineral Water,Lizol,Beverages,Mineral Water,174,912.44,1322.04,5,365,58,236,9.7,g,2021-04-21 00:00:00,Active
241,Patanjali Cheese,Patanjali,Dairy,Cheese,294,527.93,602.07,18,60,99,430,9.58,pcs,2023-07-07 00:00:00,Active
242,ITC Dishwash Liquid,ITC,Household,Dishwash Liquid,219,1026.07,1383.51,5,90,29,383,8.26,pcs,2026-06-23 00:00:00,Active
243,Patanjali Baby Soap,Patanjali,Baby Care,Baby Soap,264,754.55,926.62,18,365,43,59,6.32,pcs,2025-01-15 00:00:00,Active
244,Dettol Dog Food,Dettol,Pet Care,Dog Food,415,493.27,687.77,18,365,113,370,0.69,g,2020-09-28 00:00:00,Active
245,Parle Biscuits,Parle,Snacks,Biscuits,433,1347.38,1952.59,18,180,60,490,8.32,kg,2024-04-03 00:00:00,Active
246,Fortune Baby Soap,Fortune,Baby Care,Baby Soap,308,1168.19,1437.19,5,180,50,108,1.58,kg,2023-12-23 00:00:00,Active
247,Lizol Face Wash,Lizol,Personal Care,Face Wash,332,1014.29,1326.22,0,60,40,189,1.45,L,2023-11-16 00:00:00,Active
248,Dabur Hair Oil,Dabur,Personal Care,Hair Oil,370,1165.06,1326.02,18,30,27,490,8.98,L,2020-09-29 00:00:00,Active
249,Tata Butter,Tata,Dairy,Butter,204,1213.93,1821.94,5,60,34,342,7.37,kg,2025-01-15 00:00:00,Active
250,Lizol Bottle,Lizol,Kitchen,Bottle,63,1593.95,1948.4,12,90,94,427,3.96,g,2023-10-07 00:00:00,Active
251,Nestle Soft Drink,Nestle,Beverages,Soft Drink,226,327.65,503.62,18,90,95,78,4.95,L,2021-12-15 00:00:00,Active
252,Nivea Paneer,Nivea,Dairy,Paneer,494,771.45,1090.5,12,60,66,293,7.19,L,2022-03-15 00:00:00,Active
253,Britannia Suji,Britannia,Grocery,Suji,123,1247.87,1820.87,12,365,69,208,6.43,L,2023-05-23 00:00:00,Active
254,HUL Cheese,HUL,Dairy,Cheese,466,1545.9,1989.64,18,90,58,96,9.37,g,2024-03-19 00:00:00,Active
255,Aashirvaad Namkeen,Aashirvaad,Snacks,Namkeen,209,1584.85,2297.55,0,90,30,471,7.82,ml,2022-09-06 00:00:00,Active
256,Colgate Baby Soap,Colgate,Baby Care,Baby Soap,423,1580.02,2326.9,5,90,84,83,3.58,pcs,2023-11-11 00:00:00,Active
257,Dettol Bottle,Dettol,Kitchen,Bottle,329,1255.95,1818.18,5,180,102,119,0.13,g,2021-06-08 00:00:00,Active
258,ITC Garbage Bags,ITC,Household,Garbage Bags,366,212.83,261.21,5,365,107,260,7.95,L,2026-04-26 00:00:00,Active
259,Dabur Cookies,Dabur,Snacks,Cookies,410,1242.13,1832.78,12,60,30,262,3.74,ml,2022-03-27 00:00:00,Active
260,Amul Juice,Amul,Beverages,Juice,321,1662.76,2324.96,5,30,79,151,2.69,g,2022-11-01 00:00:00,Active
261,Parle Baby Soap,Parle,Baby Care,Baby Soap,485,173.97,222.37,0,30,111,319,4.41,ml,2024-03-31 00:00:00,Active
262,HUL Dog Food,HUL,Pet Care,Dog Food,442,1288.71,1548.94,12,90,115,303,3.88,ml,2025-05-16 00:00:00,Active
263,Patanjali Mineral Water,Patanjali,Beverages,Mineral Water,75,761.72,986.93,0,90,53,170,6.22,g,2026-07-13 00:00:00,Active
264,Amul Dog Food,Amul,Pet Care,Dog Food,499,851.95,1273.43,18,60,111,246,7.11,pcs,2022-05-30 00:00:00,Active
265,Britannia Cheese,Britannia,Dairy,Cheese,242,108.02,164.23,12,365,105,460,6.02,kg,2024-03-10 00:00:00,Active
266,Sunfeast Frying Pan,Sunfeast,Kitchen,Frying Pan,190,554.98,715.77,5,365,25,347,1.88,g,2024-05-14 00:00:00,Active
267,Parle Tissue Paper,Parle,Household,Tissue Paper,222,175.02,249.48,5,90,34,210,0.54,g,2021-04-11 00:00:00,Active
268,Colgate Toothpaste,Colgate,Personal Care,Toothpaste,314,520.02,778.51,12,365,60,273,8.94,L,2020-12-30 00:00:00,Active
269,Nivea Dog Food,Nivea,Pet Care,Dog Food,409,1537.67,2156.87,18,30,44,126,0.64,g,2026-02-05 00:00:00,Active
270,Dettol Shampoo,Dettol,Personal Care,Shampoo,475,794.03,1229.11,18,30,76,232,9.89,pcs,2025-07-16 00:00:00,Active
271,Parle Dog Food,Parle,Pet Care,Dog Food,445,235.72,273.49,12,60,41,433,5.14,L,2022-10-22 00:00:00,Active
272,Surf Excel Juice,Surf Excel,Beverages,Juice,472,1383.82,1657.32,0,60,118,305,6.8,L,2023-06-13 00:00:00,Active
273,Tata Butter,Tata,Dairy,Butter,429,1068.75,1634.14,12,60,23,91,4.66,ml,2024-11-25 00:00:00,Active
274,Amul Hair Oil,Amul,Personal Care,Hair Oil,319,603.03,686.76,18,90,113,425,9.08,pcs,2025-01-26 00:00:00,Active
275,Fortune Poha,Fortune,Grocery,Poha,37,591.86,677.02,18,30,71,180,1.86,ml,2025-02-13 00:00:00,Active
276,Sunfeast Soft Drink,Sunfeast,Beverages,Soft Drink,386,1406.39,1747.47,5,30,58,301,8.03,L,2023-03-12 00:00:00,Active
277,Nestle Cookies,Nestle,Snacks,Cookies,251,1500.21,2010.94,18,180,80,187,5.67,ml,2024-05-05 00:00:00,Active
278,Pedigree Baby Soap,Pedigree,Baby Care,Baby Soap,48,347.65,483.65,0,365,63,287,6.8,g,2025-01-10 00:00:00,Active
279,ITC Frying Pan,ITC,Kitchen,Frying Pan,465,533.9,698.37,18,90,39,115,6.87,L,2023-01-03 00:00:00,Active
280,Fortune Lunch Box,Fortune,Kitchen,Lunch Box,470,1029.84,1397.42,0,365,33,311,4.31,kg,2023-10-09 00:00:00,Active
281,Godrej Toothpaste,Godrej,Personal Care,Toothpaste,9,1060.24,1537.9,0,180,42,452,1.9,ml,2024-05-03 00:00:00,Active
282,Aashirvaad Baby Soap,Aashirvaad,Baby Care,Baby Soap,344,1063.17,1398.76,18,365,53,224,9.67,g,2021-11-14 00:00:00,Active
283,Godrej Cheese,Godrej,Dairy,Cheese,274,1570.83,1831.15,0,30,70,109,0.23,ml,2026-02-15 00:00:00,Active
284,Fortune Diapers,Fortune,Baby Care,Diapers,185,1119.02,1721.93,18,90,31,114,1.44,g,2020-09-16 00:00:00,Active
285,Patanjali Suji,Patanjali,Grocery,Suji,333,1548.34,1873.44,5,60,75,481,6.3,pcs,2025-06-02 00:00:00,Active
286,Parle Face Wash,Parle,Personal Care,Face Wash,86,861.07,972.48,5,180,82,291,0.29,ml,2023-03-01 00:00:00,Active
287,Mamaearth Mineral Water,Mamaearth,Beverages,Mineral Water,171,1495.57,1926.96,0,30,100,483,7.16,ml,2020-12-25 00:00:00,Active
288,Britannia Bottle,Britannia,Kitchen,Bottle,303,885.18,1176.42,18,60,111,81,5.33,ml,2022-10-07 00:00:00,Active
289,Godrej Pressure Cooker,Godrej,Kitchen,Pressure Cooker,243,1608.79,2090.41,0,180,99,380,3.53,ml,2023-11-20 00:00:00,Active
290,Lizol Shampoo,Lizol,Personal Care,Shampoo,113,628.77,766.98,12,365,111,386,4.74,L,2022-02-08 00:00:00,Active
291,Tata Diapers,Tata,Baby Care,Diapers,433,1435.81,2101.87,5,365,46,194,6.94,kg,2022-07-22 00:00:00,Active
292,Patanjali Biscuits,Patanjali,Snacks,Biscuits,407,294.02,391.53,18,180,58,170,2.17,kg,2023-04-18 00:00:00,Discontinued
293,Tata Dishwash Liquid,Tata,Household,Dishwash Liquid,441,1223.32,1462.02,0,30,63,270,1.23,g,2020-09-24 00:00:00,Active
294,Godrej Energy Drink,Godrej,Beverages,Energy Drink,394,1788.69,2607.02,0,365,54,127,8.55,pcs,2023-01-29 00:00:00,Active
295,Dettol Milk,Dettol,Dairy,Milk,387,1441.19,2210.7,0,30,120,362,6.14,kg,2023-06-26 00:00:00,Active
296,Nestle Tea,Nestle,Grocery,Tea,106,313.18,366.66,12,60,113,199,7.11,pcs,2022-07-16 00:00:00,Active
297,Tata Curd,Tata,Dairy,Curd,435,612.27,722.01,5,180,73,443,7.71,g,2022-04-07 00:00:00,Active
298,Fortune Cat Food,Fortune,Pet Care,Cat Food,191,916.47,1060.04,18,90,100,390,2.53,pcs,2022-03-20 00:00:00,Active
299,Colgate Soft Drink,Colgate,Beverages,Soft Drink,235,752.94,975.81,12,30,76,124,7.72,pcs,2023-01-25 00:00:00,Active
300,Aashirvaad Paneer,Aashirvaad,Dairy,Paneer,223,731.95,1062.88,0,180,117,68,6.64,g,2023-09-09 00:00:00,Active
301,Surf Excel Poha,Surf Excel,Grocery,Poha,454,1751.2,2277.09,12,90,64,54,8.29,pcs,2023-02-02 00:00:00,Active
302,Dettol Namkeen,Dettol,Snacks,Namkeen,320,1164.32,1748.41,18,90,120,382,4.1,g,2024-11-03 00:00:00,Active
303,Nivea Milk,Nivea,Dairy,Milk,379,612.07,876.36,5,365,89,195,2.22,pcs,2023-09-01 00:00:00,Active
304,Dabur Bottle,Dabur,Kitchen,Bottle,277,56.81,85.38,12,60,119,205,7.29,pcs,2025-05-24 00:00:00,Active
305,Godrej Moong Dal,Godrej,Grocery,Moong Dal,25,1134.18,1443.16,0,180,58,343,7.39,ml,2023-02-16 00:00:00,Active
306,Tata Soft Drink,Tata,Beverages,Soft Drink,418,549.07,772.42,5,180,86,427,2.55,L,2023-02-07 00:00:00,Active
307,Dettol Mineral Water,Dettol,Beverages,Mineral Water,425,189.91,270.81,18,30,31,81,4.31,g,2023-03-10 00:00:00,Active
308,Tata Dog Food,Tata,Pet Care,Dog Food,287,1223.13,1581.73,18,90,94,305,6.4,ml,2021-10-10 00:00:00,Active
309,Colgate Pet Shampoo,Colgate,Pet Care,Pet Shampoo,66,1485.5,1755.96,18,180,36,410,5.18,pcs,2024-03-03 00:00:00,Active
310,Lizol Energy Drink,Lizol,Beverages,Energy Drink,287,73.2,86.92,12,30,97,486,4.15,kg,2023-04-08 00:00:00,Active
311,Surf Excel Soap,Surf Excel,Personal Care,Soap,192,288.65,369.39,12,90,82,64,7.93,g,2023-11-01 00:00:00,Active
312,Fortune Baby Lotion,Fortune,Baby Care,Baby Lotion,420,1601.97,1942.71,18,30,35,330,3.55,kg,2023-03-22 00:00:00,Active
313,Dettol Hair Oil,Dettol,Personal Care,Hair Oil,244,1622.01,2361.61,5,60,84,375,4.66,ml,2023-04-28 00:00:00,Active
314,ITC Cookies,ITC,Snacks,Cookies,210,1442.66,2028,18,60,70,223,5.46,ml,2024-10-31 00:00:00,Active
315,Amul Curd,Amul,Dairy,Curd,363,1036.01,1515.01,12,365,102,113,6.47,kg,2025-10-19 00:00:00,Active
316,Britannia Frying Pan,Britannia,Kitchen,Frying Pan,385,1723.77,2317.36,18,365,22,111,6.62,pcs,2020-10-08 00:00:00,Active
317,Patanjali Toor Dal,Patanjali,Grocery,Toor Dal,455,452.84,644.58,18,30,88,360,3.27,pcs,2021-08-12 00:00:00,Active
318,Colgate Moong Dal,Colgate,Grocery,Moong Dal,271,337.21,381.16,12,180,52,96,1.23,kg,2023-02-22 00:00:00,Active
319,Dabur Shampoo,Dabur,Personal Care,Shampoo,158,471.16,545.86,18,60,27,364,9.62,g,2022-11-01 00:00:00,Active
320,Sunfeast Toor Dal,Sunfeast,Grocery,Toor Dal,458,191.26,225.93,12,90,68,473,9.01,kg,2020-10-18 00:00:00,Active
321,Surf Excel Energy Drink,Surf Excel,Beverages,Energy Drink,59,1358.02,1745.83,12,30,60,287,5.58,kg,2022-12-31 00:00:00,Active
322,Amul Baby Powder,Amul,Baby Care,Baby Powder,346,495.45,760.17,0,60,117,334,6.55,g,2022-05-10 00:00:00,Active
323,ITC Diapers,ITC,Baby Care,Diapers,401,1525.61,2036.97,5,90,89,136,7.84,pcs,2026-06-22 00:00:00,Active
324,Britannia Lunch Box,Britannia,Kitchen,Lunch Box,425,16.79,22.16,12,60,20,80,9.34,ml,2025-08-30 00:00:00,Active
325,Tata Face Wash,Tata,Personal Care,Face Wash,431,1518.75,1839.94,12,30,40,428,5.39,kg,2023-01-25 00:00:00,Active
326,Parle Baby Lotion,Parle,Baby Care,Baby Lotion,450,1309.26,2028.69,18,60,98,308,9.58,L,2022-12-23 00:00:00,Active
327,Dettol Dishwash Liquid,Dettol,Household,Dishwash Liquid,165,502.33,705.66,12,60,78,356,3.35,g,2023-02-28 00:00:00,Active
328,Lizol Coffee,Lizol,Grocery,Coffee,89,22.64,25.45,18,365,109,410,4.94,ml,2021-04-18 00:00:00,Active
329,Amul Cheese,Amul,Dairy,Cheese,228,1608.24,2365.57,0,90,68,473,6.05,ml,2024-01-30 00:00:00,Active
330,Dettol Atta,Dettol,Grocery,Atta,5,676.31,813.59,5,30,117,193,6.84,L,2024-06-04 00:00:00,Active
331,HUL Shampoo,HUL,Personal Care,Shampoo,19,1764.51,2710.18,12,180,110,411,6.1,kg,2023-12-21 00:00:00,Active
332,Godrej Baby Lotion,Godrej,Baby Care,Baby Lotion,283,1030.85,1373.53,5,365,106,399,6.07,g,2022-12-13 00:00:00,Active
333,Parle Chips,Parle,Snacks,Chips,117,478.43,653.08,12,60,106,61,9.92,pcs,2021-07-31 00:00:00,Active
334,Amul Lunch Box,Amul,Kitchen,Lunch Box,483,1689.13,2357.38,0,90,75,482,9.95,L,2020-11-06 00:00:00,Active
335,Lizol Lunch Box,Lizol,Kitchen,Lunch Box,453,660.23,954.94,5,30,55,265,5.37,L,2025-12-11 00:00:00,Active
336,ITC Mineral Water,ITC,Beverages,Mineral Water,378,1585.98,2327.11,5,180,29,177,2.05,L,2026-02-03 00:00:00,Active
337,Lizol Milk,Lizol,Dairy,Milk,409,786.03,888.47,12,90,51,105,4.79,L,2025-08-21 00:00:00,Active
338,HUL Garbage Bags,HUL,Household,Garbage Bags,318,1699.23,2469.95,18,30,100,278,5.83,kg,2021-05-11 00:00:00,Discontinued
339,Aashirvaad Chana Dal,Aashirvaad,Grocery,Chana Dal,401,1603.8,2274.42,5,30,76,78,3.08,ml,2026-04-24 00:00:00,Active
340,Britannia Tea,Britannia,Grocery,Tea,50,541.43,695.21,18,60,96,453,6.63,kg,2025-04-22 00:00:00,Active
341,Pedigree Cat Food,Pedigree,Pet Care,Cat Food,481,1120.33,1418.38,0,180,86,218,5.92,kg,2023-08-03 00:00:00,Active
342,Patanjali Cheese,Patanjali,Dairy,Cheese,261,1629.3,1913.08,12,90,73,296,7.27,ml,2026-04-30 00:00:00,Active
343,Britannia Chips,Britannia,Snacks,Chips,263,242.91,333.11,12,90,94,327,7.78,g,2023-12-03 00:00:00,Active
344,Tata Dishwash Liquid,Tata,Household,Dishwash Liquid,337,1746.93,2345.43,5,30,50,309,8.21,pcs,2024-11-22 00:00:00,Active
345,Patanjali Baby Soap,Patanjali,Baby Care,Baby Soap,104,1758.07,2453.28,0,90,44,391,4.81,ml,2021-12-23 00:00:00,Active
346,Mamaearth Garbage Bags,Mamaearth,Household,Garbage Bags,215,1734.07,2401.56,12,60,33,282,8.77,kg,2022-03-26 00:00:00,Active
347,HUL Poha,HUL,Grocery,Poha,110,1252.4,1653.93,5,180,114,443,9.53,L,2025-11-03 00:00:00,Active
348,Sunfeast Baby Powder,Sunfeast,Baby Care,Baby Powder,186,343.88,531.52,0,30,65,65,5.59,g,2022-04-28 00:00:00,Active
349,Britannia Mineral Water,Britannia,Beverages,Mineral Water,146,1755.93,2116.99,5,60,53,418,1.83,pcs,2023-06-04 00:00:00,Active
350,Dabur Juice,Dabur,Beverages,Juice,11,1519.54,2296.9,5,180,103,453,8.86,L,2022-08-31 00:00:00,Active
351,HUL Face Wash,HUL,Personal Care,Face Wash,88,674.81,863.83,18,30,35,123,8.84,g,2022-11-05 00:00:00,Active
352,Tata Energy Drink,Tata,Beverages,Energy Drink,326,582.54,760.04,5,30,117,365,5.91,pcs,2022-01-22 00:00:00,Active
353,HUL Cookies,HUL,Snacks,Cookies,447,110.07,160.93,5,365,94,300,2.17,kg,2026-04-16 00:00:00,Active
354,Surf Excel Curd,Surf Excel,Dairy,Curd,385,707.79,1061.29,12,180,86,287,1.87,L,2024-02-28 00:00:00,Active
355,Lizol Pet Shampoo,Lizol,Pet Care,Pet Shampoo,327,860.66,1179.03,0,60,48,153,4.58,g,2021-08-16 00:00:00,Active
356,Sunfeast Face Wash,Sunfeast,Personal Care,Face Wash,192,1034.9,1575.39,12,365,30,118,7.54,L,2024-06-07 00:00:00,Active
357,Mamaearth Floor Cleaner,Mamaearth,Household,Floor Cleaner,173,88.44,118.53,18,180,79,271,4.15,ml,2022-05-29 00:00:00,Active
358,Dabur Baby Lotion,Dabur,Baby Care,Baby Lotion,39,803.41,991.58,12,30,57,481,5.07,pcs,2022-04-26 00:00:00,Active
359,Nestle Shampoo,Nestle,Personal Care,Shampoo,280,226.68,288.99,5,90,45,395,3.36,L,2021-03-20 00:00:00,Active
360,Pedigree Shampoo,Pedigree,Personal Care,Shampoo,386,1796.42,2783.22,12,30,118,203,2.89,L,2023-02-08 00:00:00,Active
361,Mamaearth Diapers,Mamaearth,Baby Care,Diapers,335,1367.68,1538.79,5,180,49,166,7.26,g,2021-05-07 00:00:00,Active
362,Nivea Frying Pan,Nivea,Kitchen,Frying Pan,237,1367.35,1956.24,12,30,60,483,1.96,ml,2024-10-10 00:00:00,Active
363,Amul Pet Shampoo,Amul,Pet Care,Pet Shampoo,66,683.84,935.72,12,30,83,464,6.62,L,2023-04-06 00:00:00,Active
364,Sunfeast Diapers,Sunfeast,Baby Care,Diapers,154,1376.67,1950.64,12,365,22,340,7.88,g,2025-01-19 00:00:00,Active
365,Pedigree Garbage Bags,Pedigree,Household,Garbage Bags,201,1646.05,2249.77,18,60,70,82,5.39,g,2024-10-27 00:00:00,Active
366,Dettol Garbage Bags,Dettol,Household,Garbage Bags,88,1155.62,1445.68,0,365,42,66,8.28,pcs,2024-08-29 00:00:00,Active
367,ITC Biscuits,ITC,Snacks,Biscuits,106,1641.75,2111.18,5,90,104,318,0.79,kg,2020-10-31 00:00:00,Active
368,Aashirvaad Sugar,Aashirvaad,Grocery,Sugar,81,1549.58,2009.29,0,60,88,264,4.83,kg,2023-04-21 00:00:00,Active
369,Patanjali Soft Drink,Patanjali,Beverages,Soft Drink,341,567.92,835.81,18,60,97,344,9.4,pcs,2025-01-13 00:00:00,Active
370,Patanjali Cat Food,Patanjali,Pet Care,Cat Food,33,28.29,33.42,18,365,51,319,3.36,pcs,2021-03-20 00:00:00,Active
371,Mamaearth Cat Food,Mamaearth,Pet Care,Cat Food,331,84.77,98.26,18,90,109,481,7.15,L,2023-03-24 00:00:00,Active
372,HUL Namkeen,HUL,Snacks,Namkeen,222,335.55,464.95,18,180,104,143,7.02,kg,2025-11-01 00:00:00,Active
373,Dabur Salt,Dabur,Grocery,Salt,150,503.69,700.17,0,60,83,260,9.92,pcs,2024-11-17 00:00:00,Active
374,Nestle Detergent,Nestle,Household,Detergent,210,915.34,1331.99,18,60,52,156,5.11,ml,2024-04-30 00:00:00,Active
375,Aashirvaad Cat Food,Aashirvaad,Pet Care,Cat Food,204,1346.53,2003.61,0,30,52,108,7.12,g,2021-08-27 00:00:00,Active
376,Dettol Cat Food,Dettol,Pet Care,Cat Food,125,136.8,185.48,18,60,80,470,2.86,g,2022-09-26 00:00:00,Active
377,Nestle Coffee,Nestle,Grocery,Coffee,380,331.37,388.82,18,60,29,393,7.66,L,2021-12-29 00:00:00,Active
378,Patanjali Floor Cleaner,Patanjali,Household,Floor Cleaner,273,1290.23,1940.32,5,180,109,74,8.38,pcs,2023-01-07 00:00:00,Active
379,Fortune Butter,Fortune,Dairy,Butter,25,807.52,1112.14,18,60,51,241,9.1,g,2025-03-10 00:00:00,Active
380,Amul Baby Lotion,Amul,Baby Care,Baby Lotion,343,616.75,741.72,0,60,32,458,8.37,g,2020-11-30 00:00:00,Active
381,Surf Excel Chana Dal,Surf Excel,Grocery,Chana Dal,288,207.22,261.24,5,365,46,327,4.01,ml,2022-05-30 00:00:00,Active
382,Tata Juice,Tata,Beverages,Juice,335,592.21,667.09,12,30,69,158,4.64,kg,2021-11-15 00:00:00,Active
383,Tata Hair Oil,Tata,Personal Care,Hair Oil,211,93.43,140.21,12,365,83,102,7.15,pcs,2024-05-14 00:00:00,Active
384,Aashirvaad Cheese,Aashirvaad,Dairy,Cheese,348,1766.83,2507.87,5,90,42,375,7.64,L,2022-08-30 00:00:00,Discontinued
385,Aashirvaad Dog Food,Aashirvaad,Pet Care,Dog Food,230,46.5,70.32,18,365,101,429,2.4,pcs,2026-05-11 00:00:00,Active
386,Amul Salt,Amul,Grocery,Salt,159,1115.18,1679.03,5,180,116,174,6.24,kg,2022-08-25 00:00:00,Active
387,Patanjali Cat Food,Patanjali,Pet Care,Cat Food,20,285.73,345.13,5,365,76,428,8.79,g,2025-01-25 00:00:00,Active
388,Colgate Tea,Colgate,Grocery,Tea,13,1171.76,1457.71,5,90,63,174,2.14,kg,2023-07-12 00:00:00,Active
389,Pedigree Soft Drink,Pedigree,Beverages,Soft Drink,94,1572.78,2114.18,18,30,28,495,4.97,g,2025-04-29 00:00:00,Active
390,Parle Biscuits,Parle,Snacks,Biscuits,426,178.79,245.81,5,60,84,90,4.32,ml,2026-06-02 00:00:00,Active
391,Colgate Soft Drink,Colgate,Beverages,Soft Drink,147,329.94,404.86,18,60,54,491,7.83,kg,2022-11-25 00:00:00,Active
392,Sunfeast Tissue Paper,Sunfeast,Household,Tissue Paper,259,314.46,411.88,18,60,81,60,7.64,ml,2022-05-21 00:00:00,Active
393,Nivea Hair Oil,Nivea,Personal Care,Hair Oil,132,287.75,412.19,18,180,59,282,2.9,pcs,2023-09-03 00:00:00,Active
394,Parle Paneer,Parle,Dairy,Paneer,470,1291.03,1554.6,5,30,21,491,5.06,L,2024-10-30 00:00:00,Active
395,Tata Diapers,Tata,Baby Care,Diapers,302,700.51,877.29,0,180,24,113,3.91,pcs,2020-12-12 00:00:00,Active
396,Tata Baby Soap,Tata,Baby Care,Baby Soap,353,924.65,1229.88,12,30,103,247,9.27,g,2023-06-25 00:00:00,Active
397,Amul Moong Dal,Amul,Grocery,Moong Dal,134,1259.99,1760.83,18,60,52,176,6.06,g,2020-08-20 00:00:00,Active
398,Sunfeast Butter,Sunfeast,Dairy,Butter,42,1275.33,1962.58,5,180,41,474,4.33,L,2026-05-28 00:00:00,Active
399,Mamaearth Lunch Box,Mamaearth,Kitchen,Lunch Box,449,564.74,732.46,0,30,101,343,7.79,L,2022-09-02 00:00:00,Active
400,Sunfeast Shampoo,Sunfeast,Personal Care,Shampoo,87,1262.73,1417.74,18,30,32,85,7.76,ml,2025-06-25 00:00:00,Active
401,Dabur Face Wash,Dabur,Personal Care,Face Wash,69,329.88,395.91,5,180,43,307,9.49,ml,2026-06-09 00:00:00,Active
402,Patanjali Soft Drink,Patanjali,Beverages,Soft Drink,389,120.28,144.16,5,90,72,275,6.31,pcs,2026-05-27 00:00:00,Active
403,Fortune Chips,Fortune,Snacks,Chips,33,167.99,197.16,12,30,94,170,4.83,kg,2024-03-23 00:00:00,Active
404,Mamaearth Soap,Mamaearth,Personal Care,Soap,109,1423.73,1620.2,0,180,97,316,9.87,L,2020-09-15 00:00:00,Active
405,Pedigree Cat Food,Pedigree,Pet Care,Cat Food,456,781.57,999.97,12,90,50,234,6.68,ml,2026-02-23 00:00:00,Active
406,Nestle Dishwash Liquid,Nestle,Household,Dishwash Liquid,206,20.51,30.65,5,30,97,112,8.7,L,2026-01-19 00:00:00,Active
407,Dettol Mineral Water,Dettol,Beverages,Mineral Water,244,1118.76,1569.97,18,60,20,376,9.58,L,2021-04-07 00:00:00,Active
408,Aashirvaad Detergent,Aashirvaad,Household,Detergent,249,1225.1,1495.15,18,365,30,228,4.34,ml,2025-03-11 00:00:00,Discontinued
409,Fortune Butter,Fortune,Dairy,Butter,446,1098.81,1567.05,0,60,83,457,0.96,pcs,2024-04-19 00:00:00,Discontinued
410,Dettol Dog Food,Dettol,Pet Care,Dog Food,277,1719.77,2282.71,5,60,47,137,7.56,kg,2025-08-18 00:00:00,Active
411,Aashirvaad Sugar,Aashirvaad,Grocery,Sugar,113,1626.23,2357.24,12,180,105,113,6.69,pcs,2023-07-28 00:00:00,Active
412,Aashirvaad Dog Food,Aashirvaad,Pet Care,Dog Food,393,1571.41,2389.59,0,90,68,417,7.46,ml,2021-11-15 00:00:00,Active
413,HUL Lunch Box,HUL,Kitchen,Lunch Box,45,414.04,484.32,0,30,63,429,5.96,g,2026-06-20 00:00:00,Active
414,Tata Cheese,Tata,Dairy,Cheese,195,242.44,304.2,0,90,27,352,5.4,ml,2022-01-06 00:00:00,Discontinued
415,Parle Dishwash Liquid,Parle,Household,Dishwash Liquid,114,942.76,1299.78,0,180,21,325,8.54,L,2021-07-30 00:00:00,Active
416,Lizol Shampoo,Lizol,Personal Care,Shampoo,146,1228.77,1454.12,5,30,96,213,3.16,kg,2026-02-01 00:00:00,Active
417,Patanjali Pet Shampoo,Patanjali,Pet Care,Pet Shampoo,193,898.62,1278.54,0,90,39,473,7.2,g,2022-09-14 00:00:00,Active
418,Lizol Sugar,Lizol,Grocery,Sugar,418,1313.4,1639.93,5,30,90,250,3.44,ml,2024-06-17 00:00:00,Discontinued
419,ITC Diapers,ITC,Baby Care,Diapers,357,957.2,1188.56,5,365,70,99,1.4,pcs,2021-07-16 00:00:00,Active
420,Fortune Suji,Fortune,Grocery,Suji,71,831.7,990.05,18,180,57,124,2.18,g,2023-06-25 00:00:00,Active
421,Mamaearth Moong Dal,Mamaearth,Grocery,Moong Dal,440,196.98,287.15,5,180,74,397,8.43,kg,2021-10-29 00:00:00,Active
422,Britannia Dog Food,Britannia,Pet Care,Dog Food,174,224.46,301.14,18,60,100,419,4.1,kg,2024-09-11 00:00:00,Active
423,Fortune Diapers,Fortune,Baby Care,Diapers,335,1243.05,1902.44,18,30,119,287,8.66,ml,2025-06-10 00:00:00,Active
424,Amul Cat Food,Amul,Pet Care,Cat Food,251,229.2,264.85,5,30,95,343,9.87,ml,2023-05-12 00:00:00,Active
425,Dabur Cheese,Dabur,Dairy,Cheese,360,700.37,1085.56,18,90,93,114,1.08,kg,2020-10-09 00:00:00,Active
426,Sunfeast Knife,Sunfeast,Kitchen,Knife,285,1465.97,1654.33,18,30,86,478,5.89,kg,2026-04-27 00:00:00,Active
427,Dabur Juice,Dabur,Beverages,Juice,3,1553.68,2204.58,18,90,35,70,1.38,g,2022-07-22 00:00:00,Active
428,Godrej Cheese,Godrej,Dairy,Cheese,64,1534.84,1742.12,12,90,89,137,4.29,kg,2025-11-28 00:00:00,Active
429,Fortune Tea,Fortune,Grocery,Tea,296,1191.6,1562.56,18,90,86,230,6.1,pcs,2022-10-04 00:00:00,Active
430,HUL Milk,HUL,Dairy,Milk,439,80.57,95.15,5,60,97,332,2.24,L,2022-04-04 00:00:00,Active
431,Nivea Baby Lotion,Nivea,Baby Care,Baby Lotion,463,470.12,603.71,5,180,78,92,9.45,ml,2022-08-04 00:00:00,Active
432,Patanjali Chocolate,Patanjali,Snacks,Chocolate,325,140.95,202.27,5,90,92,386,6.51,pcs,2022-12-24 00:00:00,Active
433,Aashirvaad Baby Powder,Aashirvaad,Baby Care,Baby Powder,14,1786.52,2334.02,5,30,54,113,5.36,pcs,2021-12-10 00:00:00,Active
434,Tata Detergent,Tata,Household,Detergent,75,1638,2382.59,5,90,21,100,3.83,g,2026-01-02 00:00:00,Active
435,Dabur Milk,Dabur,Dairy,Milk,302,954.76,1428.77,18,30,87,228,7.03,L,2023-03-04 00:00:00,Active
436,Dabur Milk,Dabur,Dairy,Milk,93,582.62,840.9,12,365,90,354,8.83,ml,2021-05-27 00:00:00,Active
437,Amul Cookies,Amul,Snacks,Cookies,337,1240.69,1770.07,5,60,68,340,7.38,kg,2025-07-20 00:00:00,Active
438,Pedigree Floor Cleaner,Pedigree,Household,Floor Cleaner,225,761.57,1002.87,12,180,84,196,2.83,ml,2025-11-30 00:00:00,Active
439,ITC Mineral Water,ITC,Beverages,Mineral Water,161,1706.21,2209.2,0,30,29,423,2.48,kg,2024-10-16 00:00:00,Active
440,Fortune Atta,Fortune,Grocery,Atta,448,1004.18,1337.49,0,180,106,310,9.33,g,2025-05-14 00:00:00,Active
441,Nestle Frying Pan,Nestle,Kitchen,Frying Pan,467,738.77,1023.2,0,180,109,323,7.52,g,2025-04-15 00:00:00,Discontinued
442,Britannia Frying Pan,Britannia,Kitchen,Frying Pan,346,1099.16,1686.99,5,60,29,237,8.41,pcs,2025-05-31 00:00:00,Active
443,Lizol Chana Dal,Lizol,Grocery,Chana Dal,58,691.68,885.7,12,60,89,485,7.69,kg,2022-06-15 00:00:00,Active
444,Godrej Cat Food,Godrej,Pet Care,Cat Food,292,395.32,568.21,18,60,59,379,5.2,kg,2025-09-14 00:00:00,Active
445,Tata Dog Food,Tata,Pet Care,Dog Food,153,25.52,33.63,12,30,20,229,8.91,g,2023-12-25 00:00:00,Active
446,Colgate Atta,Colgate,Grocery,Atta,264,893.3,1033.05,5,180,35,299,0.17,L,2023-08-06 00:00:00,Active
447,Fortune Baby Soap,Fortune,Baby Care,Baby Soap,275,665.62,1000.85,12,30,76,386,8.41,g,2024-09-20 00:00:00,Active
448,Tata Baby Lotion,Tata,Baby Care,Baby Lotion,57,1592.18,2268.8,5,90,25,118,4.01,L,2025-01-03 00:00:00,Active
449,Lizol Biscuits,Lizol,Snacks,Biscuits,61,1728.06,2665.81,18,180,90,303,8.02,g,2022-09-06 00:00:00,Active
450,Parle Diapers,Parle,Baby Care,Diapers,11,210.87,245.96,5,60,64,306,0.24,g,2022-01-04 00:00:00,Active
451,Pedigree Tissue Paper,Pedigree,Household,Tissue Paper,149,1331.32,1739.72,12,180,30,439,4.35,pcs,2025-09-04 00:00:00,Active
452,HUL Knife,HUL,Kitchen,Knife,135,516.83,604.41,5,180,45,292,7.09,kg,2021-01-16 00:00:00,Active
453,Dabur Frying Pan,Dabur,Kitchen,Frying Pan,323,351.77,523.29,5,60,35,117,4.07,L,2023-06-11 00:00:00,Discontinued
454,Amul Namkeen,Amul,Snacks,Namkeen,27,1115.39,1292.85,18,180,87,206,7.03,g,2026-07-25 00:00:00,Active
455,Britannia Diapers,Britannia,Baby Care,Diapers,156,925.11,1292.25,0,90,66,193,9.44,ml,2021-12-27 00:00:00,Active
456,Britannia Sugar,Britannia,Grocery,Sugar,165,15.96,22.41,5,90,80,193,9.09,kg,2021-10-30 00:00:00,Active
457,Tata Face Wash,Tata,Personal Care,Face Wash,343,611.69,714.43,0,365,118,491,1.39,L,2023-08-03 00:00:00,Active
458,Surf Excel Garbage Bags,Surf Excel,Household,Garbage Bags,142,1094.41,1337.86,5,365,69,94,8.88,g,2022-10-30 00:00:00,Active
459,Mamaearth Milk,Mamaearth,Dairy,Milk,419,1743.47,2615.45,5,60,110,278,9.26,kg,2025-06-02 00:00:00,Active
460,Lizol Dishwash Liquid,Lizol,Household,Dishwash Liquid,370,1781.52,2150.04,5,30,36,148,4.24,L,2026-06-29 00:00:00,Active
461,Tata Bottle,Tata,Kitchen,Bottle,467,815.54,1164.96,18,30,81,264,5.29,pcs,2021-11-30 00:00:00,Active
462,Godrej Chocolate,Godrej,Snacks,Chocolate,24,1258.62,1479.43,0,60,114,467,4.04,pcs,2025-01-26 00:00:00,Active
463,Dettol Curd,Dettol,Dairy,Curd,400,1355.05,1741.49,18,180,97,189,2.15,kg,2026-04-09 00:00:00,Active
464,Surf Excel Juice,Surf Excel,Beverages,Juice,269,827.96,1179.29,12,90,48,201,7.11,pcs,2023-07-16 00:00:00,Active
465,Nivea Juice,Nivea,Beverages,Juice,76,440.22,500.45,12,60,54,497,7.93,g,2025-05-01 00:00:00,Discontinued
466,Amul Juice,Amul,Beverages,Juice,498,1172.83,1632.64,12,90,30,411,8.85,L,2023-11-02 00:00:00,Active
467,Aashirvaad Baby Soap,Aashirvaad,Baby Care,Baby Soap,6,1773.69,2463.94,12,60,113,193,1.85,kg,2022-09-08 00:00:00,Active
468,Godrej Butter,Godrej,Dairy,Butter,283,1568,2183.83,5,180,48,216,2.76,pcs,2022-02-16 00:00:00,Active
469,Dettol Baby Powder,Dettol,Baby Care,Baby Powder,189,428.63,613.93,5,180,31,303,1.9,g,2022-08-07 00:00:00,Active
470,Mamaearth Biscuits,Mamaearth,Snacks,Biscuits,332,890.58,1276.8,12,30,59,133,8.86,ml,2025-02-16 00:00:00,Active
471,Parle Juice,Parle,Beverages,Juice,466,143.61,175.99,18,30,112,319,1.46,kg,2023-05-11 00:00:00,Active
472,Amul Diapers,Amul,Baby Care,Diapers,426,211.41,238.01,0,60,51,444,0.93,g,2022-01-04 00:00:00,Active
473,Nestle Rice,Nestle,Grocery,Rice,437,983.13,1447.02,0,60,37,295,7.62,ml,2023-08-20 00:00:00,Active
474,Lizol Toothpaste,Lizol,Personal Care,Toothpaste,355,290.81,332.69,12,365,35,60,8.27,kg,2025-03-29 00:00:00,Active
475,Colgate Cheese,Colgate,Dairy,Cheese,13,268.18,405.55,5,180,69,125,3.6,L,2021-12-27 00:00:00,Active
476,Lizol Baby Lotion,Lizol,Baby Care,Baby Lotion,53,317.66,370.82,12,90,29,365,3.4,L,2025-02-01 00:00:00,Active
477,Pedigree Milk,Pedigree,Dairy,Milk,172,284.72,371.36,5,180,39,391,6.9,pcs,2026-06-29 00:00:00,Active
478,Godrej Detergent,Godrej,Household,Detergent,478,1650.48,2318.17,12,30,120,51,8.63,g,2026-06-02 00:00:00,Active
479,Parle Cookies,Parle,Snacks,Cookies,403,712.22,1018.6,18,30,34,345,4.33,L,2024-12-11 00:00:00,Active
480,Dabur Floor Cleaner,Dabur,Household,Floor Cleaner,254,1385.05,1761.26,18,180,108,261,6.06,L,2021-07-10 00:00:00,Active
481,Colgate Energy Drink,Colgate,Beverages,Energy Drink,253,995.57,1345.67,5,180,30,347,7.18,pcs,2024-10-15 00:00:00,Active
482,HUL Juice,HUL,Beverages,Juice,436,660.65,797.68,0,90,91,292,9.58,kg,2021-09-03 00:00:00,Active
483,Parle Dishwash Liquid,Parle,Household,Dishwash Liquid,437,541.03,639.49,18,60,46,473,2.32,g,2020-12-05 00:00:00,Active
484,Amul Namkeen,Amul,Snacks,Namkeen,28,1257.58,1638.15,0,365,29,294,8.39,g,2026-06-08 00:00:00,Active
485,ITC Floor Cleaner,ITC,Household,Floor Cleaner,426,452.41,509.13,18,60,117,143,4.75,g,2025-04-09 00:00:00,Active
486,Colgate Face Wash,Colgate,Personal Care,Face Wash,331,1304.76,1710.42,0,90,34,129,0.69,kg,2024-10-04 00:00:00,Active
487,Dabur Chocolate,Dabur,Snacks,Chocolate,349,34.4,50.85,18,365,111,474,2.65,pcs,2025-12-13 00:00:00,Active
488,Dabur Energy Drink,Dabur,Beverages,Energy Drink,194,500.21,580.01,5,60,71,366,0.65,ml,2025-11-10 00:00:00,Active
489,ITC Frying Pan,ITC,Kitchen,Frying Pan,161,1472.56,1945.88,18,180,41,77,8.05,ml,2026-06-22 00:00:00,Active
490,ITC Milk,ITC,Dairy,Milk,172,662.42,963.74,0,60,56,133,5.46,kg,2023-05-10 00:00:00,Active
491,Patanjali Toor Dal,Patanjali,Grocery,Toor Dal,17,999.77,1394.19,5,90,30,341,5.69,pcs,2023-11-25 00:00:00,Discontinued
492,Britannia Dog Food,Britannia,Pet Care,Dog Food,5,576.53,879.62,12,90,70,306,2.03,ml,2025-02-13 00:00:00,Active
493,Aashirvaad Chips,Aashirvaad,Snacks,Chips,52,742.01,1067.62,5,30,95,457,3.88,pcs,2021-06-09 00:00:00,Active
494,Dabur Toor Dal,Dabur,Grocery,Toor Dal,454,285.49,376.6,0,60,47,463,6.85,g,2020-07-30 00:00:00,Active
495,Surf Excel Chocolate,Surf Excel,Snacks,Chocolate,268,1786.22,2468.12,12,180,120,117,3.46,L,2025-12-12 00:00:00,Active
496,Sunfeast Baby Lotion,Sunfeast,Baby Care,Baby Lotion,311,441.81,684.24,0,60,92,371,9.94,kg,2023-01-25 00:00:00,Active
497,Nivea Cookies,Nivea,Snacks,Cookies,459,1563.55,2287.28,0,180,32,282,3.21,L,2024-08-23 00:00:00,Active
498,Tata Hair Oil,Tata,Personal Care,Hair Oil,364,645.76,743,18,90,80,181,7.66,ml,2021-11-11 00:00:00,Active
499,Mamaearth Chips,Mamaearth,Snacks,Chips,147,886.54,1131.48,18,180,99,398,1.38,L,2026-03-05 00:00:00,Active
500,ITC Dishwash Liquid,ITC,Household,Dishwash Liquid,135,1232.73,1648.84,0,365,102,79,7.44,g,2023-04-19 00:00:00,Active
501,Parle Pressure Cooker,Parle,Kitchen,Pressure Cooker,82,1537.71,1914.42,18,30,48,248,8.75,kg,2022-11-16 00:00:00,Active
502,Nivea Pet Shampoo,Nivea,Pet Care,Pet Shampoo,44,1621.73,2140.5,5,30,70,443,4.39,ml,2026-02-07 00:00:00,Active
503,Pedigree Dishwash Liquid,Pedigree,Household,Dishwash Liquid,244,883.04,1255.67,0,90,78,69,5.5,ml,2022-03-19 00:00:00,Active
504,Mamaearth Mineral Water,Mamaearth,Beverages,Mineral Water,195,70.91,97.75,0,90,75,292,2.21,g,2021-05-03 00:00:00,Active
505,Godrej Baby Soap,Godrej,Baby Care,Baby Soap,36,1149.7,1328.99,12,180,30,202,8.75,ml,2020-08-17 00:00:00,Active
506,Godrej Knife,Godrej,Kitchen,Knife,459,343.58,392.75,18,90,116,202,1.73,L,2022-10-31 00:00:00,Active
507,Nivea Cat Food,Nivea,Pet Care,Cat Food,357,1244.56,1479.9,18,90,108,342,3.95,kg,2021-06-16 00:00:00,Active
508,Mamaearth Juice,Mamaearth,Beverages,Juice,422,1115.47,1404.61,12,30,39,284,9.34,ml,2022-07-22 00:00:00,Active
509,Godrej Butter,Godrej,Dairy,Butter,231,944.43,1059.25,5,180,101,346,1.06,g,2025-12-04 00:00:00,Active
510,Nivea Energy Drink,Nivea,Beverages,Energy Drink,111,1397.28,1926.02,12,60,44,397,5.81,kg,2022-07-20 00:00:00,Active
511,Fortune Detergent,Fortune,Household,Detergent,445,1615.53,2158.18,0,180,103,283,4.2,L,2021-09-17 00:00:00,Active
512,Surf Excel Lunch Box,Surf Excel,Kitchen,Lunch Box,475,1753.72,2217.41,5,180,74,241,1.85,pcs,2024-02-26 00:00:00,Active
513,Fortune Diapers,Fortune,Baby Care,Diapers,224,1523.49,2157.38,12,365,32,94,8.08,kg,2024-10-19 00:00:00,Active
514,Colgate Coffee,Colgate,Grocery,Coffee,320,200.06,288.58,0,180,84,347,8.08,L,2023-08-20 00:00:00,Active
515,Dettol Soft Drink,Dettol,Beverages,Soft Drink,439,999.58,1168.74,18,30,64,456,9.15,ml,2024-08-16 00:00:00,Active
516,Tata Baby Lotion,Tata,Baby Care,Baby Lotion,138,1411.22,1888.57,12,90,73,394,2.49,ml,2024-02-09 00:00:00,Active
517,Tata Sugar,Tata,Grocery,Sugar,380,1515.77,2035.91,12,90,41,342,9.93,g,2026-04-24 00:00:00,Active
518,Pedigree Baby Powder,Pedigree,Baby Care,Baby Powder,411,1165.32,1720.33,18,60,101,249,9.78,g,2022-11-01 00:00:00,Active
519,Dabur Garbage Bags,Dabur,Household,Garbage Bags,411,795.76,925.32,5,365,35,373,5.81,ml,2022-05-19 00:00:00,Active
520,Dabur Hair Oil,Dabur,Personal Care,Hair Oil,48,1708.43,2063.13,0,180,21,371,7.72,g,2025-08-16 00:00:00,Active
521,Mamaearth Pressure Cooker,Mamaearth,Kitchen,Pressure Cooker,67,697.59,1003.98,18,90,43,172,6.56,g,2021-11-11 00:00:00,Active
522,Sunfeast Knife,Sunfeast,Kitchen,Knife,141,1390.15,1951.05,0,60,100,61,6.42,pcs,2024-03-14 00:00:00,Active
523,Pedigree Butter,Pedigree,Dairy,Butter,135,233.99,276.34,5,30,29,303,8.46,g,2026-03-12 00:00:00,Active
524,Colgate Dog Food,Colgate,Pet Care,Dog Food,40,146.33,224.25,5,180,68,210,6.37,ml,2022-08-14 00:00:00,Active
525,Amul Cookies,Amul,Snacks,Cookies,324,1627.99,2285.14,0,30,63,227,4.89,pcs,2023-04-09 00:00:00,Active
526,Surf Excel Sugar,Surf Excel,Grocery,Sugar,99,1338.93,2033.07,0,365,22,315,5.17,g,2024-05-29 00:00:00,Active
527,Patanjali Detergent,Patanjali,Household,Detergent,43,67.65,79.8,5,90,55,296,2.07,kg,2020-10-25 00:00:00,Active
528,Dettol Bottle,Dettol,Kitchen,Bottle,263,1345.17,1793.37,18,60,52,138,2.06,L,2024-12-14 00:00:00,Active
529,Mamaearth Cheese,Mamaearth,Dairy,Cheese,489,571.18,834.76,18,180,77,266,6,L,2025-10-21 00:00:00,Active
530,Sunfeast Cheese,Sunfeast,Dairy,Cheese,192,781.32,1065.62,0,180,41,67,9.59,L,2025-06-24 00:00:00,Active
531,Surf Excel Hair Oil,Surf Excel,Personal Care,Hair Oil,93,643.77,729.31,12,180,43,233,2.53,g,2025-10-06 00:00:00,Active
532,Aashirvaad Floor Cleaner,Aashirvaad,Household,Floor Cleaner,6,233.31,293.27,12,60,79,340,7.97,g,2021-07-21 00:00:00,Active
533,Pedigree Baby Soap,Pedigree,Baby Care,Baby Soap,288,393.73,477.8,12,365,105,88,5.78,ml,2025-12-13 00:00:00,Active
534,Aashirvaad Baby Soap,Aashirvaad,Baby Care,Baby Soap,253,368.7,420.82,18,30,55,265,1.28,ml,2024-11-09 00:00:00,Active
535,Sunfeast Garbage Bags,Sunfeast,Household,Garbage Bags,10,437.01,493.45,0,180,56,117,8.43,ml,2024-12-18 00:00:00,Active
536,Britannia Frying Pan,Britannia,Kitchen,Frying Pan,241,617.24,695.63,0,180,112,204,2.82,L,2025-06-05 00:00:00,Active
537,Lizol Bottle,Lizol,Kitchen,Bottle,357,1107.99,1428.34,18,180,102,112,8.45,pcs,2022-02-09 00:00:00,Active
538,Amul Juice,Amul,Beverages,Juice,442,262.64,406.36,18,60,41,95,1.99,L,2024-04-16 00:00:00,Active
539,Britannia Pressure Cooker,Britannia,Kitchen,Pressure Cooker,57,478.54,697.48,0,90,29,185,3.36,pcs,2022-01-07 00:00:00,Active
540,Dabur Baby Soap,Dabur,Baby Care,Baby Soap,62,1665.87,2283.72,5,90,38,435,5.88,ml,2021-04-24 00:00:00,Active
541,Surf Excel Cheese,Surf Excel,Dairy,Cheese,251,444.33,588.96,12,90,118,424,4.88,kg,2022-01-20 00:00:00,Active
542,Tata Soap,Tata,Personal Care,Soap,338,1011.95,1513.2,5,30,29,303,0.7,kg,2021-06-19 00:00:00,Active
543,Patanjali Cat Food,Patanjali,Pet Care,Cat Food,417,885.45,1121.33,12,90,110,282,6.59,pcs,2023-09-14 00:00:00,Active
544,Tata Biscuits,Tata,Snacks,Biscuits,318,703.25,924.45,5,180,44,85,2.85,g,2020-09-19 00:00:00,Active
545,Dettol Curd,Dettol,Dairy,Curd,124,1579.01,2274.34,0,180,43,186,0.38,pcs,2024-04-08 00:00:00,Active
546,Nivea Soap,Nivea,Personal Care,Soap,78,165.06,215.49,18,365,75,310,3.4,ml,2024-02-16 00:00:00,Active
547,Sunfeast Milk,Sunfeast,Dairy,Milk,151,1321.62,1720.37,5,180,42,354,2.83,pcs,2024-07-19 00:00:00,Active
548,Britannia Baby Lotion,Britannia,Baby Care,Baby Lotion,113,1168.73,1790.91,0,30,24,344,2.74,kg,2021-07-26 00:00:00,Active
549,Pedigree Shampoo,Pedigree,Personal Care,Shampoo,202,1263.63,1635.09,0,60,113,471,8.81,L,2022-07-27 00:00:00,Active
550,Tata Biscuits,Tata,Snacks,Biscuits,148,1151.87,1639.71,0,30,43,307,9.09,pcs,2022-03-16 00:00:00,Active
551,Dabur Shampoo,Dabur,Personal Care,Shampoo,96,577.48,664.02,12,180,38,56,6.69,ml,2020-12-23 00:00:00,Active
552,ITC Cookies,ITC,Snacks,Cookies,5,319.74,462.64,12,180,94,50,4.93,g,2024-12-30 00:00:00,Active
553,Mamaearth Rice,Mamaearth,Grocery,Rice,117,1228.88,1529.93,5,60,119,98,1.09,L,2025-09-08 00:00:00,Active
554,Godrej Garbage Bags,Godrej,Household,Garbage Bags,235,1199.18,1473.82,0,90,58,413,3.4,pcs,2026-06-30 00:00:00,Active
555,Godrej Dog Food,Godrej,Pet Care,Dog Food,11,1239.12,1775.82,5,180,48,387,9.94,L,2020-10-01 00:00:00,Active
556,Tata Energy Drink,Tata,Beverages,Energy Drink,472,383.26,443.96,18,30,55,499,6.31,pcs,2025-11-27 00:00:00,Active
557,Dabur Pet Shampoo,Dabur,Pet Care,Pet Shampoo,455,488.58,689.87,12,180,95,263,9.46,L,2022-09-17 00:00:00,Active
558,Surf Excel Coffee,Surf Excel,Grocery,Coffee,63,1267.78,1874.66,18,180,92,455,7.94,L,2022-08-17 00:00:00,Active
559,Parle Cooking Oil,Parle,Grocery,Cooking Oil,495,847.38,1003.8,12,365,91,390,1.71,ml,2025-10-01 00:00:00,Active
560,Dettol Soap,Dettol,Personal Care,Soap,304,88.1,109.39,0,30,82,206,0.15,L,2026-02-26 00:00:00,Active
561,Godrej Rice,Godrej,Grocery,Rice,403,260.83,390.68,5,30,111,188,1.51,g,2026-05-22 00:00:00,Active
562,HUL Paneer,HUL,Dairy,Paneer,128,72.36,110.07,18,180,71,100,8.94,L,2023-11-29 00:00:00,Active
563,Colgate Chocolate,Colgate,Snacks,Chocolate,297,1226.88,1544.23,5,60,52,119,4.22,g,2021-10-15 00:00:00,Active
564,Mamaearth Paneer,Mamaearth,Dairy,Paneer,94,1669.91,2201.44,18,180,32,120,5.31,L,2026-01-11 00:00:00,Active
565,Tata Tissue Paper,Tata,Household,Tissue Paper,211,778.39,1012.54,18,30,91,63,9.58,ml,2024-09-16 00:00:00,Active
566,Fortune Chocolate,Fortune,Snacks,Chocolate,192,1419.14,1943.57,5,365,89,339,8.79,kg,2024-08-13 00:00:00,Active
567,Sunfeast Baby Powder,Sunfeast,Baby Care,Baby Powder,391,1211.09,1597.44,18,30,30,78,2.77,kg,2025-04-28 00:00:00,Active
568,Mamaearth Paneer,Mamaearth,Dairy,Paneer,32,874.42,1103.92,0,365,106,311,7.42,kg,2026-04-06 00:00:00,Active
569,Nivea Knife,Nivea,Kitchen,Knife,115,1336.66,1781.74,5,90,100,209,7.22,kg,2025-05-20 00:00:00,Active
570,ITC Juice,ITC,Beverages,Juice,62,15.06,20.78,0,60,46,103,4.79,pcs,2023-07-20 00:00:00,Active
571,Fortune Atta,Fortune,Grocery,Atta,420,737.13,1137.07,5,365,53,470,6.17,ml,2024-01-16 00:00:00,Active
572,Parle Butter,Parle,Dairy,Butter,420,1150.61,1380.12,5,60,85,429,7.03,g,2022-07-26 00:00:00,Active
573,Nestle Toothpaste,Nestle,Personal Care,Toothpaste,342,1726.98,2300.29,12,180,69,407,8.02,ml,2023-07-03 00:00:00,Active
574,Amul Baby Powder,Amul,Baby Care,Baby Powder,200,520.91,610.33,0,365,58,67,6.49,pcs,2024-08-24 00:00:00,Active
575,Dettol Floor Cleaner,Dettol,Household,Floor Cleaner,5,1590.13,2094.35,5,90,84,488,8.62,g,2024-04-01 00:00:00,Active
576,Surf Excel Lunch Box,Surf Excel,Kitchen,Lunch Box,181,127.04,178.12,12,180,111,489,7.89,L,2025-10-17 00:00:00,Active
577,ITC Face Wash,ITC,Personal Care,Face Wash,193,1650.35,2306.21,18,365,104,142,5.8,pcs,2024-12-03 00:00:00,Active
578,Parle Bottle,Parle,Kitchen,Bottle,298,1260.52,1730.95,12,365,99,474,4.1,kg,2021-03-07 00:00:00,Active
579,Nestle Biscuits,Nestle,Snacks,Biscuits,348,1202.49,1605.03,18,90,117,168,9.82,g,2023-01-28 00:00:00,Active
580,Colgate Namkeen,Colgate,Snacks,Namkeen,129,1661.44,1905.05,0,30,115,87,4.47,L,2023-04-20 00:00:00,Active
581,Aashirvaad Sugar,Aashirvaad,Grocery,Sugar,69,207.17,272.07,5,60,52,301,4.43,L,2023-03-22 00:00:00,Active
582,Surf Excel Namkeen,Surf Excel,Snacks,Namkeen,299,1458.48,1754.1,0,30,46,67,8.12,kg,2023-07-16 00:00:00,Active
583,Aashirvaad Baby Lotion,Aashirvaad,Baby Care,Baby Lotion,467,345.77,495.8,18,60,46,342,8.29,pcs,2022-02-01 00:00:00,Active
584,ITC Knife,ITC,Kitchen,Knife,448,798.4,1108.94,0,365,30,115,7.85,L,2023-10-25 00:00:00,Active
585,Britannia Dog Food,Britannia,Pet Care,Dog Food,115,1088.66,1374.21,12,90,69,410,3.64,g,2022-12-02 00:00:00,Active
586,Mamaearth Cheese,Mamaearth,Dairy,Cheese,313,445.9,598.68,12,180,99,79,5.5,kg,2020-11-26 00:00:00,Active
587,Britannia Soap,Britannia,Personal Care,Soap,172,618.41,761.99,0,60,46,330,8.19,L,2021-10-12 00:00:00,Active
588,Lizol Salt,Lizol,Grocery,Salt,464,145.15,221.74,0,90,29,263,6.02,pcs,2026-07-20 00:00:00,Active
589,Parle Lunch Box,Parle,Kitchen,Lunch Box,19,497.86,566.54,18,365,48,382,3.57,ml,2023-01-09 00:00:00,Active
590,Britannia Juice,Britannia,Beverages,Juice,101,62.04,90.34,18,30,90,296,0.62,ml,2024-09-20 00:00:00,Active
591,Nivea Diapers,Nivea,Baby Care,Diapers,460,260.92,341.37,12,90,44,225,4.42,kg,2021-09-22 00:00:00,Active
592,Amul Cheese,Amul,Dairy,Cheese,455,420.42,606,0,30,112,177,8.14,kg,2021-10-12 00:00:00,Active
593,Fortune Dog Food,Fortune,Pet Care,Dog Food,336,93.04,118.19,5,90,36,360,4.04,kg,2023-12-10 00:00:00,Active
594,Nivea Paneer,Nivea,Dairy,Paneer,417,382.46,544.34,12,60,76,415,3.1,L,2025-10-05 00:00:00,Active
595,Surf Excel Shampoo,Surf Excel,Personal Care,Shampoo,278,1608.97,2022.65,0,30,64,260,7.08,pcs,2023-07-29 00:00:00,Active
596,Parle Curd,Parle,Dairy,Curd,157,1516.94,2038.81,5,30,67,421,8.18,g,2023-12-02 00:00:00,Active
597,Dettol Energy Drink,Dettol,Beverages,Energy Drink,429,1716.19,1937.84,0,90,55,351,3.9,kg,2024-01-08 00:00:00,Active
598,Amul Diapers,Amul,Baby Care,Diapers,23,1555.05,1998.87,5,60,68,144,6.63,pcs,2026-06-08 00:00:00,Active
599,Nivea Soap,Nivea,Personal Care,Soap,466,1376.95,2097.1,12,90,116,352,2.24,kg,2024-08-12 00:00:00,Active
600,Britannia Diapers,Britannia,Baby Care,Diapers,488,1456.2,1977.4,12,365,79,267,5.77,pcs,2021-10-13 00:00:00,Active
601,Sunfeast Shampoo,Sunfeast,Personal Care,Shampoo,122,849.19,1313.55,5,30,55,459,6.86,L,2021-11-22 00:00:00,Active
602,Aashirvaad Mineral Water,Aashirvaad,Beverages,Mineral Water,141,1034.38,1175.68,12,90,104,178,7.85,pcs,2021-01-08 00:00:00,Active
603,Aashirvaad Hair Oil,Aashirvaad,Personal Care,Hair Oil,228,1507.26,2237.47,18,30,76,54,4.72,L,2021-05-28 00:00:00,Active
604,Colgate Knife,Colgate,Kitchen,Knife,142,119.57,182.19,12,30,76,142,2.65,L,2022-03-26 00:00:00,Active
605,HUL Dog Food,HUL,Pet Care,Dog Food,317,1140.15,1348.99,0,60,34,385,0.48,pcs,2025-01-06 00:00:00,Active
606,Nivea Detergent,Nivea,Household,Detergent,366,1295.48,1484.81,12,90,22,397,8.46,L,2026-07-04 00:00:00,Active
607,HUL Coffee,HUL,Grocery,Coffee,228,639.27,737.28,0,365,29,171,2.12,pcs,2021-04-10 00:00:00,Active
608,Colgate Baby Lotion,Colgate,Baby Care,Baby Lotion,168,1578.4,1864.92,12,90,72,383,3.81,L,2022-10-18 00:00:00,Active
609,Britannia Cookies,Britannia,Snacks,Cookies,303,534.21,632.79,0,30,97,158,8.1,pcs,2023-09-11 00:00:00,Active
610,Tata Frying Pan,Tata,Kitchen,Frying Pan,299,1692.79,2171.68,0,60,68,440,9.98,kg,2023-10-28 00:00:00,Active
611,Nivea Energy Drink,Nivea,Beverages,Energy Drink,271,1323.49,1964.68,0,365,80,387,5.29,ml,2022-04-28 00:00:00,Active
612,HUL Mineral Water,HUL,Beverages,Mineral Water,186,601.7,880.63,5,180,60,433,9.73,g,2023-11-27 00:00:00,Active
613,ITC Baby Soap,ITC,Baby Care,Baby Soap,469,643.29,860.35,12,180,97,167,4.54,ml,2021-11-22 00:00:00,Active
614,HUL Chocolate,HUL,Snacks,Chocolate,300,1400.96,1814.63,5,365,53,457,2.94,L,2021-01-21 00:00:00,Active
615,Surf Excel Diapers,Surf Excel,Baby Care,Diapers,324,1770.1,2420.94,5,60,78,57,1.75,ml,2023-06-22 00:00:00,Active
616,Nestle Lunch Box,Nestle,Kitchen,Lunch Box,221,240.62,273.02,0,60,29,117,5.2,pcs,2023-09-03 00:00:00,Active
617,Parle Baby Soap,Parle,Baby Care,Baby Soap,365,733.14,996.69,12,30,63,472,8.99,pcs,2025-05-03 00:00:00,Active
618,ITC Milk,ITC,Dairy,Milk,230,1333.67,1697.27,18,180,114,477,4.41,ml,2021-11-30 00:00:00,Active
619,Surf Excel Chocolate,Surf Excel,Snacks,Chocolate,304,164.56,247.68,12,180,68,214,4.44,pcs,2023-01-13 00:00:00,Active
620,HUL Soap,HUL,Personal Care,Soap,289,545.77,691.32,18,90,61,246,3.25,g,2024-09-09 00:00:00,Active
621,Patanjali Suji,Patanjali,Grocery,Suji,451,783.51,971.28,12,30,64,195,1.74,L,2025-07-28 00:00:00,Active
622,Dabur Dog Food,Dabur,Pet Care,Dog Food,311,529.93,802.64,0,60,105,192,1.5,g,2023-08-26 00:00:00,Active
623,Amul Knife,Amul,Kitchen,Knife,457,1083.13,1231.62,5,30,82,476,8.24,L,2026-03-22 00:00:00,Active
624,Surf Excel Diapers,Surf Excel,Baby Care,Diapers,471,240.23,315.94,0,30,76,271,4.98,kg,2022-12-23 00:00:00,Active
625,Tata Soap,Tata,Personal Care,Soap,114,1449.5,2087.34,0,90,40,309,3.42,ml,2025-03-26 00:00:00,Active
626,Aashirvaad Pressure Cooker,Aashirvaad,Kitchen,Pressure Cooker,52,1607.71,1827.15,12,60,91,388,8.39,kg,2023-06-10 00:00:00,Active
627,Parle Salt,Parle,Grocery,Salt,113,1061.62,1587.13,5,90,80,127,4.9,g,2026-03-29 00:00:00,Active
628,Patanjali Shampoo,Patanjali,Personal Care,Shampoo,265,1148.07,1329.63,5,30,75,84,4.96,pcs,2024-02-07 00:00:00,Active
629,Colgate Chips,Colgate,Snacks,Chips,324,1243.05,1720.07,5,90,81,321,6.6,g,2023-01-31 00:00:00,Active
630,Lizol Mineral Water,Lizol,Beverages,Mineral Water,307,890.05,1237.98,12,365,81,201,1.06,kg,2021-05-11 00:00:00,Active
631,Dettol Face Wash,Dettol,Personal Care,Face Wash,60,595.83,837.05,5,180,60,388,1.22,ml,2022-11-14 00:00:00,Active
632,Pedigree Cat Food,Pedigree,Pet Care,Cat Food,149,750.43,916.27,12,365,47,485,7.85,kg,2025-10-28 00:00:00,Active
633,Aashirvaad Dishwash Liquid,Aashirvaad,Household,Dishwash Liquid,218,749.04,1099.5,18,90,26,187,4.91,g,2024-01-18 00:00:00,Active
634,Dettol Toor Dal,Dettol,Grocery,Toor Dal,86,746.51,1019.87,5,30,98,362,3.36,pcs,2020-11-29 00:00:00,Active
635,ITC Chana Dal,ITC,Grocery,Chana Dal,181,1408.07,1778.83,0,30,86,157,3.68,g,2022-07-21 00:00:00,Discontinued
636,HUL Lunch Box,HUL,Kitchen,Lunch Box,192,532.98,633.93,12,180,47,333,7.36,kg,2021-04-10 00:00:00,Active
637,Nestle Tea,Nestle,Grocery,Tea,22,910.18,1329.12,5,90,58,62,2.38,g,2025-08-19 00:00:00,Active
638,Sunfeast Butter,Sunfeast,Dairy,Butter,139,249.18,358.43,0,30,29,308,7.25,ml,2023-04-13 00:00:00,Active
639,Parle Frying Pan,Parle,Kitchen,Frying Pan,201,185.57,254.77,5,365,59,451,3.3,pcs,2023-09-04 00:00:00,Active
640,Dettol Toothpaste,Dettol,Personal Care,Toothpaste,336,376.76,464.78,18,180,57,269,1.02,ml,2022-07-26 00:00:00,Active
641,Nivea Cat Food,Nivea,Pet Care,Cat Food,255,919.27,1180.74,18,90,117,329,7.17,ml,2023-02-25 00:00:00,Active
642,HUL Chana Dal,HUL,Grocery,Chana Dal,56,813.05,1077.31,12,90,38,464,6.34,kg,2020-09-30 00:00:00,Active
643,Lizol Biscuits,Lizol,Snacks,Biscuits,207,1074.24,1241.9,18,365,112,479,5.71,g,2022-02-10 00:00:00,Active
644,Colgate Cat Food,Colgate,Pet Care,Cat Food,78,570.95,722.41,0,90,108,339,6.03,kg,2023-05-31 00:00:00,Active
645,Nivea Energy Drink,Nivea,Beverages,Energy Drink,121,907.17,1390.31,12,180,110,297,5.19,kg,2026-03-05 00:00:00,Active
646,Sunfeast Baby Lotion,Sunfeast,Baby Care,Baby Lotion,267,242.2,272.68,0,60,45,274,8.71,kg,2020-12-30 00:00:00,Active
647,Dabur Diapers,Dabur,Baby Care,Diapers,72,1132.7,1524.13,18,180,21,201,1.26,L,2026-05-25 00:00:00,Active
648,Aashirvaad Hair Oil,Aashirvaad,Personal Care,Hair Oil,333,1112.95,1424.36,5,60,57,317,6.88,pcs,2023-09-15 00:00:00,Active
649,Pedigree Garbage Bags,Pedigree,Household,Garbage Bags,480,463.46,611.32,12,60,41,318,7.18,ml,2021-01-24 00:00:00,Active
650,Parle Baby Powder,Parle,Baby Care,Baby Powder,3,854.83,1322.53,12,60,45,405,1.03,ml,2025-04-20 00:00:00,Active
651,Dettol Coffee,Dettol,Grocery,Coffee,326,1076.1,1236.13,5,90,100,57,9.29,L,2024-07-23 00:00:00,Active
652,Tata Baby Soap,Tata,Baby Care,Baby Soap,131,1129.73,1461.2,5,30,95,128,1.12,g,2023-01-18 00:00:00,Active
653,Nestle Hair Oil,Nestle,Personal Care,Hair Oil,331,241.17,324.28,18,90,93,445,8.55,pcs,2022-12-05 00:00:00,Active
654,Dabur Dog Food,Dabur,Pet Care,Dog Food,111,19.77,24.11,0,365,38,123,1.73,kg,2020-11-16 00:00:00,Active
655,Surf Excel Sugar,Surf Excel,Grocery,Sugar,242,1455.91,1896.94,12,90,84,439,1.26,pcs,2026-05-23 00:00:00,Active
656,Tata Diapers,Tata,Baby Care,Diapers,272,571.49,768.34,0,365,47,135,9.46,L,2023-03-09 00:00:00,Active
657,Lizol Diapers,Lizol,Baby Care,Diapers,62,1255.75,1541.72,18,90,42,62,8.67,ml,2024-09-24 00:00:00,Active
658,Patanjali Tissue Paper,Patanjali,Household,Tissue Paper,472,1116.3,1670.89,5,180,67,141,9.34,kg,2021-12-16 00:00:00,Active
659,Patanjali Garbage Bags,Patanjali,Household,Garbage Bags,49,25.02,31.36,12,90,84,56,6.11,kg,2025-05-05 00:00:00,Active
660,Britannia Cat Food,Britannia,Pet Care,Cat Food,141,1792.39,2550.27,0,365,23,491,7.21,ml,2025-05-31 00:00:00,Discontinued
661,Dabur Cat Food,Dabur,Pet Care,Cat Food,385,860.11,1286.92,0,30,67,64,6.17,g,2025-03-20 00:00:00,Active
662,ITC Biscuits,ITC,Snacks,Biscuits,29,763.94,1133.45,18,30,60,99,8.59,L,2025-01-06 00:00:00,Discontinued
663,Aashirvaad Juice,Aashirvaad,Beverages,Juice,163,1509.53,2241.26,5,365,112,237,5.21,ml,2025-11-16 00:00:00,Active
664,Patanjali Atta,Patanjali,Grocery,Atta,374,1487.71,1987.07,12,30,42,277,0.54,pcs,2024-07-22 00:00:00,Active
665,Dabur Lunch Box,Dabur,Kitchen,Lunch Box,482,1149.01,1702.96,0,90,55,337,3.57,L,2023-11-18 00:00:00,Active
666,Dettol Cheese,Dettol,Dairy,Cheese,94,172.37,261.1,0,60,60,352,6.3,kg,2024-09-21 00:00:00,Active
667,Tata Salt,Tata,Grocery,Salt,483,836.72,1252.73,5,90,107,378,9.43,g,2024-08-30 00:00:00,Active
668,Britannia Cookies,Britannia,Snacks,Cookies,143,692.07,860.55,5,365,60,261,2.34,g,2023-08-12 00:00:00,Active
669,Fortune Soft Drink,Fortune,Beverages,Soft Drink,48,477.95,625.65,18,90,94,236,3.55,pcs,2024-08-15 00:00:00,Active
670,Mamaearth Chips,Mamaearth,Snacks,Chips,108,703.44,950.57,18,90,102,465,6.85,L,2026-05-14 00:00:00,Active
671,Godrej Frying Pan,Godrej,Kitchen,Frying Pan,133,177,257.1,5,180,53,66,9.23,pcs,2021-06-30 00:00:00,Active
672,Parle Namkeen,Parle,Snacks,Namkeen,289,849.04,1068.84,18,365,24,215,7.04,L,2023-06-07 00:00:00,Active
673,Colgate Sugar,Colgate,Grocery,Sugar,463,863.76,1092.46,0,60,65,206,1.71,pcs,2023-11-23 00:00:00,Active
674,Pedigree Cooking Oil,Pedigree,Grocery,Cooking Oil,223,829.76,1134.83,18,180,51,179,7.26,pcs,2021-05-31 00:00:00,Active
675,Britannia Baby Soap,Britannia,Baby Care,Baby Soap,391,1747.82,2617,0,180,74,446,2.77,pcs,2021-04-26 00:00:00,Active
676,Surf Excel Sugar,Surf Excel,Grocery,Sugar,306,312,389.77,5,365,116,121,1.39,L,2025-06-05 00:00:00,Active
677,Fortune Atta,Fortune,Grocery,Atta,178,1430.26,1688.89,18,180,41,285,0.11,g,2022-02-08 00:00:00,Active
678,Fortune Cookies,Fortune,Snacks,Cookies,105,158.47,193.58,18,30,112,175,1.63,pcs,2024-01-27 00:00:00,Active
679,Lizol Detergent,Lizol,Household,Detergent,282,299.4,348.19,18,60,80,392,3.83,ml,2022-08-02 00:00:00,Active
680,Parle Butter,Parle,Dairy,Butter,205,583.27,887.83,12,90,106,423,8.74,pcs,2025-02-02 00:00:00,Active
681,Lizol Paneer,Lizol,Dairy,Paneer,14,1210.73,1861.13,5,365,42,443,2.43,L,2024-11-29 00:00:00,Active
682,Pedigree Coffee,Pedigree,Grocery,Coffee,331,1356.76,2053.15,5,60,83,146,0.54,L,2024-04-30 00:00:00,Active
683,Dabur Tissue Paper,Dabur,Household,Tissue Paper,199,774.89,962.83,18,30,53,265,1.88,ml,2025-10-24 00:00:00,Active
684,ITC Butter,ITC,Dairy,Butter,336,633.12,908.56,18,30,40,213,1.37,pcs,2026-05-31 00:00:00,Active
685,Lizol Dog Food,Lizol,Pet Care,Dog Food,217,1182.06,1664.56,0,90,74,182,7.45,kg,2022-04-08 00:00:00,Active
686,Tata Pet Shampoo,Tata,Pet Care,Pet Shampoo,433,1409.09,2009.6,12,30,120,141,9.81,pcs,2021-11-17 00:00:00,Active
687,Amul Curd,Amul,Dairy,Curd,303,616.75,938.51,12,60,85,466,6.18,ml,2026-03-05 00:00:00,Active
688,Britannia Cat Food,Britannia,Pet Care,Cat Food,188,231.97,308.64,0,365,107,239,2.6,L,2021-07-29 00:00:00,Active
689,Godrej Tea,Godrej,Grocery,Tea,9,334.03,425.37,18,90,58,375,0.45,kg,2025-11-14 00:00:00,Active
690,Sunfeast Tea,Sunfeast,Grocery,Tea,49,458.8,530.44,5,60,101,302,4.37,L,2023-03-11 00:00:00,Active
691,Pedigree Pet Shampoo,Pedigree,Pet Care,Pet Shampoo,428,450.72,664.81,18,30,29,217,3.79,g,2024-08-12 00:00:00,Active
692,Surf Excel Butter,Surf Excel,Dairy,Butter,475,1764.78,2036.32,12,180,71,61,1.92,L,2021-01-27 00:00:00,Active
693,Nestle Butter,Nestle,Dairy,Butter,156,1431.66,1954.91,5,30,67,343,4.78,ml,2022-03-20 00:00:00,Active
694,Surf Excel Cookies,Surf Excel,Snacks,Cookies,466,1213.52,1674.64,5,90,54,52,4.13,kg,2023-06-16 00:00:00,Active
695,Godrej Cookies,Godrej,Snacks,Cookies,326,840.46,1226.91,12,30,48,165,0.28,L,2021-12-01 00:00:00,Active
696,Dettol Hair Oil,Dettol,Personal Care,Hair Oil,169,1064.43,1482.7,18,180,91,56,3.5,L,2022-08-21 00:00:00,Active
697,Dettol Dog Food,Dettol,Pet Care,Dog Food,273,1540.03,2055.26,5,180,52,256,0.42,pcs,2020-08-29 00:00:00,Active
698,Tata Pet Shampoo,Tata,Pet Care,Pet Shampoo,272,163.32,235.45,12,90,57,434,3.22,ml,2023-01-27 00:00:00,Active
699,Tata Chocolate,Tata,Snacks,Chocolate,392,1023.33,1328.92,0,90,91,430,4.96,g,2023-04-26 00:00:00,Active
700,Sunfeast Knife,Sunfeast,Kitchen,Knife,50,1098.71,1631.98,18,60,47,106,5.75,g,2025-10-17 00:00:00,Active
701,Tata Diapers,Tata,Baby Care,Diapers,307,1356.04,1762.6,12,90,118,235,6.34,L,2023-08-08 00:00:00,Active
702,HUL Lunch Box,HUL,Kitchen,Lunch Box,238,1548.42,2063.7,12,180,40,497,1.86,L,2021-12-08 00:00:00,Active
703,Dabur Tissue Paper,Dabur,Household,Tissue Paper,298,1234.78,1435.16,18,180,72,146,6.4,pcs,2024-10-03 00:00:00,Active
704,Pedigree Pressure Cooker,Pedigree,Kitchen,Pressure Cooker,12,1033.49,1339.17,12,365,51,135,5.74,ml,2022-09-16 00:00:00,Active
705,Pedigree Detergent,Pedigree,Household,Detergent,283,1592.07,2230.92,5,60,78,238,7.26,g,2024-11-28 00:00:00,Active
706,Parle Mineral Water,Parle,Beverages,Mineral Water,106,537.97,809.44,18,180,51,400,6.07,g,2025-04-10 00:00:00,Active
707,Nestle Pet Shampoo,Nestle,Pet Care,Pet Shampoo,447,1449.58,2145.79,5,60,79,419,9.63,kg,2021-07-06 00:00:00,Active
708,Sunfeast Diapers,Sunfeast,Baby Care,Diapers,134,140.6,182.69,0,365,102,323,7.18,ml,2025-11-26 00:00:00,Active
709,Sunfeast Toor Dal,Sunfeast,Grocery,Toor Dal,21,1493.53,2138.46,12,180,111,311,6.33,ml,2024-07-25 00:00:00,Active
710,Parle Milk,Parle,Dairy,Milk,297,1527.02,2207.94,0,60,66,261,6.6,g,2020-10-11 00:00:00,Active
711,Godrej Dog Food,Godrej,Pet Care,Dog Food,38,188.37,262.98,18,180,116,175,7.59,L,2026-01-15 00:00:00,Active
712,Dettol Cat Food,Dettol,Pet Care,Cat Food,305,1263.72,1724.14,0,60,38,317,2.96,g,2024-01-26 00:00:00,Active
713,Fortune Dishwash Liquid,Fortune,Household,Dishwash Liquid,325,1701.45,2021.44,12,180,111,275,6.77,g,2024-10-08 00:00:00,Active
714,Pedigree Biscuits,Pedigree,Snacks,Biscuits,327,536.81,689.92,5,30,47,348,3.1,pcs,2024-11-05 00:00:00,Active
715,Surf Excel Garbage Bags,Surf Excel,Household,Garbage Bags,88,739.43,1024.8,12,60,95,486,5.06,pcs,2025-02-28 00:00:00,Active
716,Dabur Pet Shampoo,Dabur,Pet Care,Pet Shampoo,248,1569.35,2082.97,18,30,105,83,3.49,L,2025-11-17 00:00:00,Active
717,Pedigree Cookies,Pedigree,Snacks,Cookies,333,1403.76,2048.63,5,90,83,285,5.74,kg,2026-01-19 00:00:00,Active
718,Patanjali Knife,Patanjali,Kitchen,Knife,321,663.96,753.01,0,90,84,84,2.79,pcs,2026-07-26 00:00:00,Active
719,Britannia Pressure Cooker,Britannia,Kitchen,Pressure Cooker,126,812.24,1092.36,12,60,108,383,8.59,g,2020-12-12 00:00:00,Active
720,Britannia Dog Food,Britannia,Pet Care,Dog Food,143,1763.19,2176.27,0,60,113,475,9.18,g,2021-03-03 00:00:00,Active
721,HUL Salt,HUL,Grocery,Salt,245,450.43,652.01,18,30,88,450,0.61,kg,2025-08-10 00:00:00,Active
722,ITC Butter,ITC,Dairy,Butter,302,864.72,1005.62,5,365,82,203,5.74,pcs,2025-01-19 00:00:00,Active
723,Patanjali Butter,Patanjali,Dairy,Butter,387,1066.25,1485.31,18,30,52,436,4.13,L,2022-10-30 00:00:00,Active
724,Surf Excel Cookies,Surf Excel,Snacks,Cookies,331,877.65,1090.05,12,90,88,177,3.48,pcs,2023-01-09 00:00:00,Active
725,Dabur Dog Food,Dabur,Pet Care,Dog Food,499,885.33,1113.09,18,180,40,141,0.75,ml,2024-10-11 00:00:00,Active
726,Aashirvaad Butter,Aashirvaad,Dairy,Butter,94,1153.62,1559.23,5,30,117,168,2.21,pcs,2021-02-18 00:00:00,Active
727,Nestle Lunch Box,Nestle,Kitchen,Lunch Box,108,1237.27,1879.22,5,90,40,148,7.69,g,2023-07-06 00:00:00,Active
728,Surf Excel Cookies,Surf Excel,Snacks,Cookies,404,1766.36,2474.67,18,90,49,184,4.77,L,2026-02-17 00:00:00,Active
729,Tata Toothpaste,Tata,Personal Care,Toothpaste,158,1495.18,1877.35,18,365,70,440,4.23,ml,2024-04-21 00:00:00,Active
730,Parle Baby Soap,Parle,Baby Care,Baby Soap,10,1755.35,2544.96,5,60,104,416,2.63,L,2023-09-19 00:00:00,Active
731,Aashirvaad Diapers,Aashirvaad,Baby Care,Diapers,409,1011.15,1453.81,5,365,84,275,8.58,kg,2023-12-02 00:00:00,Active
732,Lizol Cookies,Lizol,Snacks,Cookies,488,1695.57,2331.35,0,180,108,411,4.92,L,2024-03-08 00:00:00,Discontinued
733,Nestle Baby Lotion,Nestle,Baby Care,Baby Lotion,276,115.16,145.95,12,180,56,106,4.77,kg,2022-11-24 00:00:00,Active
734,Parle Baby Powder,Parle,Baby Care,Baby Powder,288,1067.81,1459.54,0,180,51,217,5.77,L,2023-11-18 00:00:00,Active
735,Parle Soap,Parle,Personal Care,Soap,403,1393.2,1601.12,12,90,118,278,7.5,g,2025-12-26 00:00:00,Active
736,Dettol Dog Food,Dettol,Pet Care,Dog Food,498,661.53,797.52,12,90,97,432,9.33,g,2023-07-01 00:00:00,Active
737,Sunfeast Diapers,Sunfeast,Baby Care,Diapers,426,1453.83,2127.22,0,365,67,58,5.7,kg,2024-09-29 00:00:00,Active
738,Lizol Garbage Bags,Lizol,Household,Garbage Bags,35,519.52,656.42,0,365,31,335,7.83,pcs,2026-04-04 00:00:00,Active
739,Mamaearth Pressure Cooker,Mamaearth,Kitchen,Pressure Cooker,98,1661.66,2296.94,0,180,55,288,4.57,g,2024-08-23 00:00:00,Active
740,Mamaearth Curd,Mamaearth,Dairy,Curd,355,621.56,837.19,18,30,71,344,3.01,pcs,2022-10-28 00:00:00,Active
741,HUL Rice,HUL,Grocery,Rice,439,590.46,699.53,5,365,106,443,3.33,ml,2021-05-04 00:00:00,Active
742,Mamaearth Mineral Water,Mamaearth,Beverages,Mineral Water,106,287.4,417.42,12,60,32,63,5.38,kg,2023-04-10 00:00:00,Active
743,ITC Bottle,ITC,Kitchen,Bottle,118,599.52,752.75,5,60,58,133,4.3,L,2024-11-03 00:00:00,Active
744,Amul Mineral Water,Amul,Beverages,Mineral Water,226,260.1,391.85,0,180,23,277,8.69,g,2021-04-17 00:00:00,Active
745,Sunfeast Cat Food,Sunfeast,Pet Care,Cat Food,303,369.57,536.44,0,30,42,309,9.14,pcs,2024-05-12 00:00:00,Active
746,Lizol Juice,Lizol,Beverages,Juice,163,1337.05,1703.55,18,60,46,96,8.02,L,2024-01-09 00:00:00,Active
747,Dettol Pressure Cooker,Dettol,Kitchen,Pressure Cooker,216,43.82,56.24,18,30,65,234,9.46,kg,2022-03-31 00:00:00,Active
748,ITC Shampoo,ITC,Personal Care,Shampoo,449,1176.02,1726.84,18,30,55,423,6.51,L,2021-04-27 00:00:00,Active
749,Mamaearth Soft Drink,Mamaearth,Beverages,Soft Drink,72,31.55,42.37,18,30,27,355,8.04,L,2026-07-16 00:00:00,Active
750,Colgate Baby Powder,Colgate,Baby Care,Baby Powder,495,322.77,491.45,5,60,66,500,9.26,g,2025-08-17 00:00:00,Active
751,Sunfeast Mineral Water,Sunfeast,Beverages,Mineral Water,136,1131.18,1709.06,12,30,120,63,3.38,ml,2024-07-16 00:00:00,Active
752,Britannia Namkeen,Britannia,Snacks,Namkeen,370,977.96,1415.96,5,60,32,57,3.55,g,2023-07-19 00:00:00,Active
753,Lizol Milk,Lizol,Dairy,Milk,460,844.01,1095.93,18,60,97,464,6.4,L,2021-11-23 00:00:00,Active
754,Aashirvaad Shampoo,Aashirvaad,Personal Care,Shampoo,315,1186.63,1515.56,0,180,83,433,8.33,pcs,2021-09-25 00:00:00,Active
755,Parle Soft Drink,Parle,Beverages,Soft Drink,49,417.61,482.48,18,90,98,103,2.57,L,2021-11-07 00:00:00,Active
756,Dettol Toothpaste,Dettol,Personal Care,Toothpaste,296,1208.02,1623.05,12,60,61,266,3.81,g,2023-10-19 00:00:00,Active
757,Sunfeast Suji,Sunfeast,Grocery,Suji,94,1142.91,1670.37,0,60,101,67,8.37,g,2026-04-25 00:00:00,Active
758,Mamaearth Detergent,Mamaearth,Household,Detergent,97,873.19,1300.01,18,180,47,282,6.25,pcs,2021-01-15 00:00:00,Active
759,Aashirvaad Hair Oil,Aashirvaad,Personal Care,Hair Oil,131,617,927.84,12,180,118,331,4.62,kg,2023-06-12 00:00:00,Active
760,Godrej Garbage Bags,Godrej,Household,Garbage Bags,329,127.67,163.05,0,365,36,98,2.35,ml,2024-11-06 00:00:00,Active
761,Fortune Cheese,Fortune,Dairy,Cheese,232,240.44,305.23,18,365,30,493,9.72,g,2025-12-06 00:00:00,Active
762,Parle Knife,Parle,Kitchen,Knife,9,1514.42,1840.62,5,90,87,357,7.82,pcs,2020-08-23 00:00:00,Active
763,Nivea Pressure Cooker,Nivea,Kitchen,Pressure Cooker,485,662.34,807.45,5,90,40,101,6.84,pcs,2022-09-25 00:00:00,Active
764,Pedigree Chocolate,Pedigree,Snacks,Chocolate,26,771.87,931.6,18,90,69,317,9.72,ml,2025-11-25 00:00:00,Active
765,Amul Cookies,Amul,Snacks,Cookies,343,148.64,211.75,12,60,113,363,5.98,kg,2025-02-15 00:00:00,Active
766,Parle Baby Powder,Parle,Baby Care,Baby Powder,498,873.46,1038.46,5,180,120,131,6.5,ml,2024-01-26 00:00:00,Active
767,ITC Mineral Water,ITC,Beverages,Mineral Water,72,418.95,640.19,18,30,112,428,5.9,g,2025-07-27 00:00:00,Active
768,Aashirvaad Cookies,Aashirvaad,Snacks,Cookies,160,34.22,40.05,0,365,80,168,6.64,L,2021-09-17 00:00:00,Active
769,Dettol Frying Pan,Dettol,Kitchen,Frying Pan,387,289.31,433.53,12,90,25,245,8.4,L,2021-04-22 00:00:00,Active
770,Mamaearth Cat Food,Mamaearth,Pet Care,Cat Food,444,315.69,449.92,18,90,48,317,1.12,pcs,2020-12-07 00:00:00,Active
771,Lizol Floor Cleaner,Lizol,Household,Floor Cleaner,216,1508.53,2314.38,0,30,118,193,8.44,L,2025-03-08 00:00:00,Active
772,Colgate Bottle,Colgate,Kitchen,Bottle,183,1205.56,1480.47,0,30,32,415,8.08,g,2025-06-01 00:00:00,Active
773,Godrej Energy Drink,Godrej,Beverages,Energy Drink,363,200.58,292,18,365,97,478,5.7,pcs,2022-10-28 00:00:00,Active
774,Pedigree Baby Lotion,Pedigree,Baby Care,Baby Lotion,330,207.42,307.07,0,365,32,110,9.67,g,2021-10-19 00:00:00,Active
775,Britannia Diapers,Britannia,Baby Care,Diapers,437,634.94,926.31,18,365,86,69,9.41,ml,2021-05-24 00:00:00,Active
776,Mamaearth Salt,Mamaearth,Grocery,Salt,169,337.62,469.67,0,90,72,460,0.38,ml,2021-03-16 00:00:00,Active
777,Tata Toothpaste,Tata,Personal Care,Toothpaste,142,644,988.67,18,30,61,284,7.02,L,2022-12-16 00:00:00,Active
778,Nivea Biscuits,Nivea,Snacks,Biscuits,165,1390.89,1885.11,18,90,119,467,1.8,ml,2022-05-27 00:00:00,Active
779,Pedigree Dishwash Liquid,Pedigree,Household,Dishwash Liquid,495,975.75,1430.66,5,90,59,101,9.15,kg,2024-02-05 00:00:00,Active
780,Lizol Garbage Bags,Lizol,Household,Garbage Bags,104,1156.46,1671.46,12,180,64,222,8.08,L,2021-03-20 00:00:00,Active
781,Amul Cookies,Amul,Snacks,Cookies,466,213.99,293.21,12,365,88,141,4.04,kg,2025-06-23 00:00:00,Active
782,Sunfeast Cheese,Sunfeast,Dairy,Cheese,175,1536.19,1816.82,12,180,37,247,1.13,L,2023-03-06 00:00:00,Active
783,HUL Paneer,HUL,Dairy,Paneer,281,804.93,915.63,5,90,23,303,2.32,g,2023-09-12 00:00:00,Active
784,Patanjali Energy Drink,Patanjali,Beverages,Energy Drink,494,274.5,342.47,0,365,81,479,4.45,pcs,2026-06-13 00:00:00,Active
785,Dabur Energy Drink,Dabur,Beverages,Energy Drink,322,1528.51,2093.73,18,90,110,457,9.82,L,2026-01-05 00:00:00,Active
786,Aashirvaad Floor Cleaner,Aashirvaad,Household,Floor Cleaner,355,979.56,1129.56,5,90,109,176,7.98,pcs,2022-07-21 00:00:00,Active
787,Nivea Lunch Box,Nivea,Kitchen,Lunch Box,310,574.57,842.96,5,90,111,409,6.49,pcs,2021-06-20 00:00:00,Active
788,Godrej Energy Drink,Godrej,Beverages,Energy Drink,317,1040.05,1188.65,18,180,95,273,0.74,g,2021-08-04 00:00:00,Active
789,Britannia Pet Shampoo,Britannia,Pet Care,Pet Shampoo,362,1614.08,2138.57,5,30,107,231,0.75,L,2025-08-02 00:00:00,Active
790,Pedigree Suji,Pedigree,Grocery,Suji,483,891.1,1267.87,5,180,47,388,4.58,pcs,2026-05-31 00:00:00,Active
791,HUL Toothpaste,HUL,Personal Care,Toothpaste,485,1032.2,1544.86,18,60,118,326,9.8,pcs,2022-03-12 00:00:00,Active
792,Britannia Coffee,Britannia,Grocery,Coffee,62,1286.12,1638.63,0,365,28,321,4.2,g,2021-07-13 00:00:00,Active
793,Dabur Soft Drink,Dabur,Beverages,Soft Drink,374,67.64,102.77,0,90,31,98,9.47,pcs,2025-06-20 00:00:00,Active
794,Sunfeast Diapers,Sunfeast,Baby Care,Diapers,176,1258.1,1484,5,30,59,231,1.86,ml,2026-07-15 00:00:00,Active
795,Dabur Dog Food,Dabur,Pet Care,Dog Food,180,480,579.01,0,90,77,434,1.03,L,2025-05-12 00:00:00,Active
796,Britannia Tea,Britannia,Grocery,Tea,1,1233.64,1432.33,0,30,61,246,3.13,pcs,2023-07-18 00:00:00,Active
797,Patanjali Curd,Patanjali,Dairy,Curd,275,1151.12,1535.85,5,90,32,496,6.86,g,2025-11-01 00:00:00,Active
798,Dabur Namkeen,Dabur,Snacks,Namkeen,228,920.58,1353.41,0,365,24,325,8.89,kg,2023-10-31 00:00:00,Active
799,Nestle Toothpaste,Nestle,Personal Care,Toothpaste,266,638.06,764.13,5,30,83,148,6.07,pcs,2026-04-12 00:00:00,Active
800,Nivea Pet Shampoo,Nivea,Pet Care,Pet Shampoo,484,1499.71,2185.3,0,365,28,223,2.54,g,2023-06-21 00:00:00,Active
801,Sunfeast Dog Food,Sunfeast,Pet Care,Dog Food,472,89.24,102.2,18,365,32,484,5.25,L,2024-06-25 00:00:00,Active
802,Sunfeast Frying Pan,Sunfeast,Kitchen,Frying Pan,145,1366.11,1907.88,12,60,77,440,2.06,ml,2025-11-17 00:00:00,Active
803,Lizol Baby Lotion,Lizol,Baby Care,Baby Lotion,288,57.54,67.03,18,365,69,206,5.03,L,2023-12-13 00:00:00,Active
804,Britannia Tea,Britannia,Grocery,Tea,457,350.72,406.26,5,90,114,74,5.39,kg,2024-01-11 00:00:00,Active
805,Tata Baby Powder,Tata,Baby Care,Baby Powder,423,1736.07,1983.54,18,365,87,484,1.87,L,2023-05-20 00:00:00,Active
806,Nestle Salt,Nestle,Grocery,Salt,114,831.16,997.27,12,30,111,154,5,pcs,2022-09-24 00:00:00,Active
807,Sunfeast Rice,Sunfeast,Grocery,Rice,474,382.76,542.16,12,30,50,387,8.16,L,2022-05-11 00:00:00,Discontinued
808,Tata Baby Powder,Tata,Baby Care,Baby Powder,80,1652.89,2136.93,5,365,51,368,6.72,ml,2026-07-15 00:00:00,Active
809,Godrej Shampoo,Godrej,Personal Care,Shampoo,422,745.43,838.16,18,180,55,481,9.02,ml,2026-02-27 00:00:00,Active
810,Sunfeast Poha,Sunfeast,Grocery,Poha,66,89.61,129.92,5,30,101,108,1.24,ml,2022-03-18 00:00:00,Active
811,Dabur Bottle,Dabur,Kitchen,Bottle,349,1699.15,2090.46,18,90,88,196,2.92,pcs,2023-05-03 00:00:00,Active
812,Patanjali Butter,Patanjali,Dairy,Butter,255,1711.12,2324.63,5,60,86,68,4.74,kg,2024-10-26 00:00:00,Active
813,Dabur Chana Dal,Dabur,Grocery,Chana Dal,35,164.24,232.93,5,180,98,239,4.44,g,2022-12-02 00:00:00,Active
814,Surf Excel Poha,Surf Excel,Grocery,Poha,108,1383.72,1662.2,12,30,92,57,9.49,L,2026-04-15 00:00:00,Active
815,Tata Shampoo,Tata,Personal Care,Shampoo,29,839.73,1266.04,18,180,39,199,5.11,g,2020-11-20 00:00:00,Active
816,Dettol Mineral Water,Dettol,Beverages,Mineral Water,432,60.18,78.8,5,365,87,197,5.61,g,2026-03-03 00:00:00,Active
817,Nestle Detergent,Nestle,Household,Detergent,274,1237.3,1603.87,0,365,112,136,7.27,L,2021-04-10 00:00:00,Active
818,HUL Chips,HUL,Snacks,Chips,30,25.53,28.63,18,365,35,488,2.32,kg,2025-01-23 00:00:00,Active
819,Lizol Milk,Lizol,Dairy,Milk,145,1687.92,2358.46,18,180,115,171,6.86,pcs,2021-07-19 00:00:00,Active
820,Parle Cat Food,Parle,Pet Care,Cat Food,115,825.79,1237.17,5,90,101,424,1.83,ml,2024-01-09 00:00:00,Discontinued
821,Amul Cookies,Amul,Snacks,Cookies,22,785.65,981.23,18,180,110,500,5.46,g,2026-05-15 00:00:00,Discontinued
822,Patanjali Cookies,Patanjali,Snacks,Cookies,214,1696.26,2206.99,18,180,76,248,4.69,L,2020-10-29 00:00:00,Active
823,Surf Excel Baby Powder,Surf Excel,Baby Care,Baby Powder,98,382.56,464.16,5,365,66,287,5.53,ml,2025-06-16 00:00:00,Active
824,Sunfeast Shampoo,Sunfeast,Personal Care,Shampoo,334,267.28,311.84,18,90,119,495,6.27,kg,2024-02-15 00:00:00,Active
825,Dabur Garbage Bags,Dabur,Household,Garbage Bags,222,1192.48,1816.1,5,180,23,405,2.14,pcs,2023-09-11 00:00:00,Active
826,Parle Hair Oil,Parle,Personal Care,Hair Oil,411,1159.61,1585.51,5,60,72,212,4.74,g,2026-05-29 00:00:00,Active
827,Pedigree Cat Food,Pedigree,Pet Care,Cat Food,377,1680.44,2324.55,0,30,120,83,0.95,kg,2021-06-03 00:00:00,Active
828,ITC Moong Dal,ITC,Grocery,Moong Dal,104,574.23,865.81,5,60,59,480,0.75,pcs,2025-07-27 00:00:00,Active
829,Aashirvaad Cat Food,Aashirvaad,Pet Care,Cat Food,52,1270.93,1581.79,5,60,40,262,1.27,pcs,2021-02-11 00:00:00,Active
830,Lizol Frying Pan,Lizol,Kitchen,Frying Pan,435,1264.25,1568.85,5,30,104,125,9.1,kg,2021-12-20 00:00:00,Active
831,Lizol Namkeen,Lizol,Snacks,Namkeen,11,692.18,825.98,12,180,94,342,1.9,kg,2020-09-18 00:00:00,Discontinued
832,ITC Dishwash Liquid,ITC,Household,Dishwash Liquid,70,1597.39,1836.4,12,180,39,106,9.93,g,2022-12-27 00:00:00,Active
833,ITC Dishwash Liquid,ITC,Household,Dishwash Liquid,254,648.16,1000.07,0,365,95,263,9.92,L,2020-10-13 00:00:00,Active
834,Surf Excel Mineral Water,Surf Excel,Beverages,Mineral Water,164,1629.14,1841.06,5,30,103,172,7.04,L,2024-06-12 00:00:00,Active
835,Britannia Baby Soap,Britannia,Baby Care,Baby Soap,337,502.01,777.06,18,30,62,332,0.41,pcs,2021-06-14 00:00:00,Active
836,Sunfeast Toor Dal,Sunfeast,Grocery,Toor Dal,199,371.36,490.99,0,90,109,242,3.42,pcs,2026-05-16 00:00:00,Active
837,Aashirvaad Diapers,Aashirvaad,Baby Care,Diapers,134,251.23,318.78,5,180,56,186,0.92,ml,2025-10-07 00:00:00,Active
838,Surf Excel Paneer,Surf Excel,Dairy,Paneer,66,1614.04,1823.69,0,60,29,140,3.8,g,2023-04-14 00:00:00,Active
839,ITC Juice,ITC,Beverages,Juice,414,32.22,36.27,12,365,29,129,5.87,ml,2025-10-11 00:00:00,Active
840,Pedigree Detergent,Pedigree,Household,Detergent,103,232.73,331.12,0,60,31,417,9.52,kg,2024-03-20 00:00:00,Active
841,Britannia Soft Drink,Britannia,Beverages,Soft Drink,321,1294.81,1665.6,5,180,45,412,9.88,pcs,2022-05-18 00:00:00,Active
842,Mamaearth Cat Food,Mamaearth,Pet Care,Cat Food,95,1559.04,1787.2,0,30,42,151,2.71,pcs,2022-04-07 00:00:00,Active
843,ITC Juice,ITC,Beverages,Juice,388,350.93,521.1,5,60,70,375,8.38,L,2024-04-30 00:00:00,Active
844,Patanjali Bottle,Patanjali,Kitchen,Bottle,377,776.34,1144.73,5,365,20,385,8.92,L,2026-07-21 00:00:00,Active
845,Britannia Chips,Britannia,Snacks,Chips,376,127.07,161.13,0,365,116,468,4.36,ml,2024-01-24 00:00:00,Active
846,Mamaearth Paneer,Mamaearth,Dairy,Paneer,358,1391.92,2106.29,0,365,53,422,8.41,ml,2023-04-16 00:00:00,Active
847,Lizol Cat Food,Lizol,Pet Care,Cat Food,280,550.94,732.92,5,60,95,137,0.52,L,2020-08-22 00:00:00,Active
848,Sunfeast Cat Food,Sunfeast,Pet Care,Cat Food,232,842.57,1269.42,5,60,114,434,3.92,kg,2023-10-01 00:00:00,Active
849,Parle Tissue Paper,Parle,Household,Tissue Paper,406,727.96,819.68,5,60,95,144,2.25,kg,2022-07-19 00:00:00,Active
850,Aashirvaad Cookies,Aashirvaad,Snacks,Cookies,82,368,490.86,12,365,55,166,1.98,pcs,2024-09-29 00:00:00,Active
851,Dabur Diapers,Dabur,Baby Care,Diapers,181,884.91,1244.44,0,30,61,411,4.82,L,2023-12-29 00:00:00,Active
852,Patanjali Lunch Box,Patanjali,Kitchen,Lunch Box,158,758.18,853.39,5,90,100,209,6.87,ml,2023-06-07 00:00:00,Active
853,Fortune Chocolate,Fortune,Snacks,Chocolate,353,623.86,798.88,5,90,92,292,0.72,ml,2024-01-08 00:00:00,Active
854,Aashirvaad Soft Drink,Aashirvaad,Beverages,Soft Drink,463,1243.58,1879.5,12,180,120,193,5.59,pcs,2024-05-11 00:00:00,Active
855,Aashirvaad Soft Drink,Aashirvaad,Beverages,Soft Drink,467,1410.15,1926.38,5,365,98,171,8.15,g,2021-01-21 00:00:00,Active
856,Aashirvaad Dog Food,Aashirvaad,Pet Care,Dog Food,385,927.06,1076.41,5,365,61,91,5.34,ml,2024-09-07 00:00:00,Active
857,Dettol Soap,Dettol,Personal Care,Soap,395,710.39,854.65,12,60,66,484,7.8,ml,2023-01-29 00:00:00,Active
858,Tata Moong Dal,Tata,Grocery,Moong Dal,75,1487.33,1974.43,12,90,82,210,6.09,pcs,2022-10-26 00:00:00,Active
859,Fortune Juice,Fortune,Beverages,Juice,100,1324.15,1901.83,12,60,68,266,7.04,kg,2025-03-28 00:00:00,Active
860,Fortune Soft Drink,Fortune,Beverages,Soft Drink,391,60.13,84.19,18,30,67,288,7.78,g,2023-10-03 00:00:00,Active
861,Pedigree Baby Powder,Pedigree,Baby Care,Baby Powder,480,807.79,1013.82,12,180,55,151,7.09,ml,2025-12-03 00:00:00,Active
862,Amul Cookies,Amul,Snacks,Cookies,283,236.19,352.66,18,90,38,211,8.33,ml,2025-06-08 00:00:00,Active
863,Sunfeast Baby Soap,Sunfeast,Baby Care,Baby Soap,390,332.73,460.37,0,90,61,339,7.59,kg,2025-12-26 00:00:00,Active
864,Parle Suji,Parle,Grocery,Suji,72,901.57,1369.11,5,30,86,133,9.41,g,2025-03-28 00:00:00,Active
865,Aashirvaad Dishwash Liquid,Aashirvaad,Household,Dishwash Liquid,36,159.87,202.67,18,180,89,81,5.29,ml,2020-12-18 00:00:00,Active
866,Patanjali Pressure Cooker,Patanjali,Kitchen,Pressure Cooker,467,815.57,953.86,12,60,50,78,6.48,pcs,2025-06-27 00:00:00,Active
867,Britannia Energy Drink,Britannia,Beverages,Energy Drink,487,90.28,130.56,5,60,84,213,3.3,ml,2024-06-19 00:00:00,Active
868,Amul Face Wash,Amul,Personal Care,Face Wash,282,1210.31,1718.35,0,30,45,351,0.46,g,2023-06-19 00:00:00,Active
869,ITC Moong Dal,ITC,Grocery,Moong Dal,461,1053.13,1346.21,5,180,47,127,5.41,pcs,2024-04-26 00:00:00,Active
870,Surf Excel Bottle,Surf Excel,Kitchen,Bottle,387,708.33,1047.6,12,90,45,217,8.99,ml,2022-12-12 00:00:00,Active
871,Amul Face Wash,Amul,Personal Care,Face Wash,344,810.3,1244.72,18,60,43,107,0.51,kg,2023-03-29 00:00:00,Active
872,Mamaearth Soft Drink,Mamaearth,Beverages,Soft Drink,354,1328.23,1658.17,5,365,58,234,4.69,g,2024-09-12 00:00:00,Active
873,Surf Excel Shampoo,Surf Excel,Personal Care,Shampoo,425,57.51,64.72,5,90,46,305,9.47,ml,2025-06-16 00:00:00,Active
874,Pedigree Cat Food,Pedigree,Pet Care,Cat Food,246,1360.64,2062.67,12,60,29,365,1.16,kg,2021-02-20 00:00:00,Active
875,Godrej Rice,Godrej,Grocery,Rice,196,1675.33,2094.97,5,30,26,238,2.23,g,2020-11-27 00:00:00,Discontinued
876,Godrej Detergent,Godrej,Household,Detergent,395,760.21,858.76,0,30,58,122,2.7,g,2024-02-17 00:00:00,Active
877,Dabur Cooking Oil,Dabur,Grocery,Cooking Oil,121,40.6,46.98,18,365,108,335,2.8,kg,2021-02-01 00:00:00,Active
878,Parle Dog Food,Parle,Pet Care,Dog Food,194,399.62,515.89,0,30,83,271,8.32,ml,2022-11-10 00:00:00,Active
879,Britannia Coffee,Britannia,Grocery,Coffee,449,1187.05,1819.22,12,90,112,295,2.11,L,2025-04-27 00:00:00,Active
880,HUL Shampoo,HUL,Personal Care,Shampoo,333,1246.07,1829.79,0,365,75,336,9.53,ml,2023-10-16 00:00:00,Active
881,Tata Toor Dal,Tata,Grocery,Toor Dal,421,172.82,220.85,18,365,40,241,6.62,L,2023-09-04 00:00:00,Active
882,Aashirvaad Knife,Aashirvaad,Kitchen,Knife,90,1327.32,1684.53,18,90,79,227,7.7,g,2024-07-21 00:00:00,Active
883,Nivea Pet Shampoo,Nivea,Pet Care,Pet Shampoo,45,742.97,1139.27,12,60,62,233,6.49,ml,2025-05-06 00:00:00,Active
884,Aashirvaad Chips,Aashirvaad,Snacks,Chips,321,918.84,1368.77,5,365,63,326,6.36,g,2021-09-22 00:00:00,Active
885,Sunfeast Biscuits,Sunfeast,Snacks,Biscuits,58,160.91,209.21,0,365,33,344,0.14,pcs,2022-05-20 00:00:00,Active
886,Aashirvaad Biscuits,Aashirvaad,Snacks,Biscuits,429,888.19,1119.08,12,365,70,317,6.6,ml,2024-08-08 00:00:00,Active
887,Nestle Tissue Paper,Nestle,Household,Tissue Paper,80,418.08,584.01,5,30,84,459,1.17,g,2022-08-30 00:00:00,Active
888,Sunfeast Shampoo,Sunfeast,Personal Care,Shampoo,327,555.6,672.26,0,60,23,58,0.41,kg,2022-10-31 00:00:00,Active
889,Godrej Milk,Godrej,Dairy,Milk,484,822.89,963.73,12,180,21,407,6.02,L,2023-11-11 00:00:00,Active
890,Colgate Mineral Water,Colgate,Beverages,Mineral Water,326,1120.38,1697.83,0,180,24,305,3.26,kg,2024-06-19 00:00:00,Active
891,Nivea Cat Food,Nivea,Pet Care,Cat Food,301,1389.07,1808.24,12,180,23,244,0.48,ml,2021-08-02 00:00:00,Active
892,Godrej Butter,Godrej,Dairy,Butter,371,985.57,1139,0,180,68,433,3.44,pcs,2021-11-25 00:00:00,Discontinued
893,Fortune Moong Dal,Fortune,Grocery,Moong Dal,232,1001.44,1424.79,5,365,72,98,0.2,g,2021-01-04 00:00:00,Active
894,Dettol Tea,Dettol,Grocery,Tea,141,138.34,165.72,18,365,103,420,0.58,pcs,2025-11-16 00:00:00,Active
895,Dabur Lunch Box,Dabur,Kitchen,Lunch Box,84,1625.54,2025.68,0,90,96,219,4.32,g,2024-11-02 00:00:00,Active
896,Lizol Curd,Lizol,Dairy,Curd,398,882.95,991.07,5,180,25,204,1.91,L,2023-08-20 00:00:00,Active
897,Dettol Dog Food,Dettol,Pet Care,Dog Food,60,1458.03,2227.37,0,60,37,117,7.43,pcs,2026-04-17 00:00:00,Active
898,Tata Cat Food,Tata,Pet Care,Cat Food,363,1432.89,1869.76,12,365,33,264,4.79,L,2025-05-15 00:00:00,Active
899,ITC Baby Lotion,ITC,Baby Care,Baby Lotion,341,170.73,255.66,12,180,71,309,9.2,g,2024-09-03 00:00:00,Active
900,Mamaearth Chips,Mamaearth,Snacks,Chips,338,348.42,419.67,12,365,53,294,0.76,g,2026-06-21 00:00:00,Active
901,Britannia Cheese,Britannia,Dairy,Cheese,69,429.56,508.33,18,30,67,80,5.15,kg,2023-07-02 00:00:00,Active
902,Surf Excel Hair Oil,Surf Excel,Personal Care,Hair Oil,71,30.81,46.17,12,60,81,460,2.21,ml,2024-07-14 00:00:00,Active
903,Dabur Juice,Dabur,Beverages,Juice,278,707.33,984.86,0,60,105,115,8.59,g,2026-04-13 00:00:00,Active
904,Surf Excel Butter,Surf Excel,Dairy,Butter,85,1781.91,2051.36,5,180,100,235,9.38,L,2022-07-07 00:00:00,Active
905,Aashirvaad Baby Lotion,Aashirvaad,Baby Care,Baby Lotion,344,1408.43,1594.2,12,180,77,360,8.38,g,2025-07-17 00:00:00,Active
906,Pedigree Namkeen,Pedigree,Snacks,Namkeen,209,1709.66,2289.41,5,60,96,316,2.95,kg,2023-06-08 00:00:00,Active
907,ITC Chana Dal,ITC,Grocery,Chana Dal,398,1017.61,1447.98,5,30,67,192,3.99,ml,2025-11-26 00:00:00,Active
908,Nivea Dishwash Liquid,Nivea,Household,Dishwash Liquid,438,1095.45,1659.95,18,365,82,247,7.6,pcs,2026-04-27 00:00:00,Active
909,Aashirvaad Namkeen,Aashirvaad,Snacks,Namkeen,176,177.41,236.05,0,90,100,187,9.35,L,2020-11-10 00:00:00,Active
910,Aashirvaad Mineral Water,Aashirvaad,Beverages,Mineral Water,179,1634.38,2228.29,12,60,62,315,6.79,L,2025-08-26 00:00:00,Active
911,Pedigree Baby Powder,Pedigree,Baby Care,Baby Powder,395,1604.63,1893.29,12,60,107,401,3.68,pcs,2025-01-24 00:00:00,Active
912,Mamaearth Energy Drink,Mamaearth,Beverages,Energy Drink,371,943.4,1104.16,12,60,46,356,7.92,L,2025-09-22 00:00:00,Active
913,HUL Cat Food,HUL,Pet Care,Cat Food,478,714.06,1019.91,18,365,63,124,2.62,kg,2023-11-17 00:00:00,Active
914,Amul Diapers,Amul,Baby Care,Diapers,131,133.79,196.56,18,180,90,348,8.23,pcs,2021-06-30 00:00:00,Active
915,Britannia Mineral Water,Britannia,Beverages,Mineral Water,251,1767.12,2456.45,0,180,75,248,3.2,g,2022-07-28 00:00:00,Active
916,Britannia Detergent,Britannia,Household,Detergent,281,1527.21,1892.61,12,60,120,99,9.26,ml,2024-01-22 00:00:00,Active
917,Nestle Rice,Nestle,Grocery,Rice,142,617.63,857.56,12,180,50,168,2.28,pcs,2026-01-31 00:00:00,Active
918,Tata Hair Oil,Tata,Personal Care,Hair Oil,284,1515.77,1796.54,12,60,41,462,9.67,ml,2020-09-17 00:00:00,Active
919,ITC Sugar,ITC,Grocery,Sugar,499,1034.66,1432.05,12,180,35,98,2.54,ml,2024-03-10 00:00:00,Active
920,Dabur Pet Shampoo,Dabur,Pet Care,Pet Shampoo,144,1607.02,2433.96,0,30,50,393,3.15,pcs,2025-11-28 00:00:00,Active
921,Patanjali Diapers,Patanjali,Baby Care,Diapers,210,429.44,637.43,18,180,39,428,8.89,pcs,2025-07-22 00:00:00,Active
922,Godrej Tea,Godrej,Grocery,Tea,224,381.15,537.24,12,90,22,305,5.12,ml,2022-03-17 00:00:00,Active
923,Parle Mineral Water,Parle,Beverages,Mineral Water,358,1270.67,1751.5,18,60,120,256,2.15,L,2021-04-12 00:00:00,Active
924,Fortune Shampoo,Fortune,Personal Care,Shampoo,450,1618.74,2077.1,18,30,107,338,2.52,kg,2022-02-26 00:00:00,Active
925,Mamaearth Chana Dal,Mamaearth,Grocery,Chana Dal,252,631.15,810.28,18,180,74,95,4.43,L,2024-07-25 00:00:00,Active
926,Lizol Dishwash Liquid,Lizol,Household,Dishwash Liquid,300,297.21,360.88,5,30,68,236,0.57,g,2024-01-29 00:00:00,Active
927,Pedigree Chips,Pedigree,Snacks,Chips,41,1256.13,1433.91,12,180,39,200,1.5,ml,2022-09-14 00:00:00,Active
928,Colgate Biscuits,Colgate,Snacks,Biscuits,119,571.2,767.59,0,365,26,343,6.58,g,2022-02-20 00:00:00,Active
929,Dabur Cat Food,Dabur,Pet Care,Cat Food,101,436.7,640.78,0,30,118,101,2.76,g,2023-09-09 00:00:00,Active
930,Tata Pet Shampoo,Tata,Pet Care,Pet Shampoo,478,1305.93,1548.4,5,60,120,54,3.32,g,2025-12-16 00:00:00,Active
931,Surf Excel Pressure Cooker,Surf Excel,Kitchen,Pressure Cooker,70,915.55,1047.8,5,30,80,129,8.48,g,2023-08-10 00:00:00,Active
932,Godrej Garbage Bags,Godrej,Household,Garbage Bags,364,840.39,1105.64,0,60,40,377,6.1,kg,2023-05-09 00:00:00,Active
933,Amul Baby Powder,Amul,Baby Care,Baby Powder,251,527.66,710.98,18,365,89,421,4.1,pcs,2021-01-18 00:00:00,Active
934,Pedigree Bottle,Pedigree,Kitchen,Bottle,208,1045.79,1547.96,12,365,72,135,5.08,ml,2025-02-16 00:00:00,Active
935,ITC Salt,ITC,Grocery,Salt,153,1085.64,1387.48,0,365,72,245,3.82,L,2023-07-28 00:00:00,Active
936,Amul Dog Food,Amul,Pet Care,Dog Food,385,399.79,581.01,5,180,95,454,7.61,g,2023-01-22 00:00:00,Active
937,HUL Face Wash,HUL,Personal Care,Face Wash,463,269.03,405.49,18,90,82,254,4.72,ml,2025-05-06 00:00:00,Active
938,Parle Energy Drink,Parle,Beverages,Energy Drink,486,757.2,864.78,5,30,57,241,0.63,ml,2023-03-09 00:00:00,Active
939,Pedigree Baby Lotion,Pedigree,Baby Care,Baby Lotion,283,539.7,795.02,18,30,81,84,3.59,g,2020-09-20 00:00:00,Active
940,Amul Knife,Amul,Kitchen,Knife,365,1785.9,2112.28,12,30,23,310,2.27,pcs,2023-12-20 00:00:00,Active
941,Aashirvaad Cat Food,Aashirvaad,Pet Care,Cat Food,319,1440.34,1898.26,12,90,67,76,8.03,pcs,2025-04-21 00:00:00,Active
942,Colgate Cat Food,Colgate,Pet Care,Cat Food,400,1378.1,1564.9,0,60,68,219,6.64,ml,2025-11-18 00:00:00,Active
943,Parle Shampoo,Parle,Personal Care,Shampoo,316,1375.36,1656.52,18,90,70,162,0.51,L,2024-12-24 00:00:00,Active
944,Colgate Biscuits,Colgate,Snacks,Biscuits,423,1031.19,1340.1,5,180,90,340,2.63,g,2021-04-28 00:00:00,Active
945,Britannia Curd,Britannia,Dairy,Curd,34,488.93,649.08,5,180,41,394,4.99,kg,2026-05-23 00:00:00,Active
946,Tata Garbage Bags,Tata,Household,Garbage Bags,133,1533.31,2347.4,12,90,87,129,6.71,pcs,2025-05-11 00:00:00,Active
947,HUL Hair Oil,HUL,Personal Care,Hair Oil,248,418.77,473.02,12,90,85,203,5.04,ml,2021-11-23 00:00:00,Active
948,Nestle Toothpaste,Nestle,Personal Care,Toothpaste,433,1485.96,2018.91,5,60,79,128,9.27,pcs,2022-07-11 00:00:00,Active
949,Colgate Diapers,Colgate,Baby Care,Diapers,125,1026.33,1281.48,5,365,81,389,0.76,L,2022-04-05 00:00:00,Active
950,Sunfeast Chana Dal,Sunfeast,Grocery,Chana Dal,243,1469.88,1743.63,0,90,67,110,3.15,ml,2021-08-03 00:00:00,Active
951,Mamaearth Cat Food,Mamaearth,Pet Care,Cat Food,121,397.04,518.12,12,60,98,461,1.73,g,2021-12-24 00:00:00,Active
952,Nestle Baby Lotion,Nestle,Baby Care,Baby Lotion,5,161.54,236.23,5,365,74,302,8.98,g,2024-03-14 00:00:00,Discontinued
953,Dabur Cooking Oil,Dabur,Grocery,Cooking Oil,432,73.34,91.33,12,90,105,342,0.97,g,2025-12-22 00:00:00,Active
954,Britannia Detergent,Britannia,Household,Detergent,21,1793.42,2072.13,0,60,41,250,8.26,ml,2021-05-08 00:00:00,Active
955,Surf Excel Hair Oil,Surf Excel,Personal Care,Hair Oil,71,142.95,197.77,0,180,97,486,2.67,pcs,2022-12-20 00:00:00,Active
956,Britannia Mineral Water,Britannia,Beverages,Mineral Water,84,717.21,907.72,18,180,65,310,3.13,ml,2023-09-10 00:00:00,Active
957,Aashirvaad Mineral Water,Aashirvaad,Beverages,Mineral Water,361,390.83,515.25,5,30,30,80,5.92,kg,2022-05-25 00:00:00,Active
958,Parle Dog Food,Parle,Pet Care,Dog Food,171,1305.14,1620.28,12,365,50,417,4.87,ml,2021-05-20 00:00:00,Active
959,Fortune Frying Pan,Fortune,Kitchen,Frying Pan,243,1688.32,2043.21,0,90,40,250,2,kg,2022-04-06 00:00:00,Active
960,Dabur Face Wash,Dabur,Personal Care,Face Wash,495,1465.35,1933.25,18,90,77,118,8.18,ml,2020-09-29 00:00:00,Active
961,Dabur Chips,Dabur,Snacks,Chips,250,1718.41,2231.86,12,60,25,121,2.48,pcs,2021-10-16 00:00:00,Active
962,Dabur Shampoo,Dabur,Personal Care,Shampoo,324,760.9,1104.42,12,90,98,240,3.44,kg,2025-01-16 00:00:00,Active
963,Patanjali Knife,Patanjali,Kitchen,Knife,440,278.83,393.86,12,365,70,320,9.94,pcs,2023-10-20 00:00:00,Active
964,Britannia Energy Drink,Britannia,Beverages,Energy Drink,281,827.09,1182.09,12,365,116,283,0.54,L,2025-08-20 00:00:00,Active
965,Colgate Butter,Colgate,Dairy,Butter,312,1673.35,2531.89,5,90,95,164,4.55,L,2025-01-06 00:00:00,Active
966,Mamaearth Salt,Mamaearth,Grocery,Salt,272,468.64,578.35,5,30,48,470,4.55,ml,2024-10-19 00:00:00,Active
967,Godrej Atta,Godrej,Grocery,Atta,482,970.43,1462.23,18,30,84,494,9.53,L,2023-02-21 00:00:00,Active
968,Mamaearth Cooking Oil,Mamaearth,Grocery,Cooking Oil,148,395.94,556.04,0,60,69,337,7.28,g,2026-07-13 00:00:00,Active
969,Colgate Juice,Colgate,Beverages,Juice,485,157.22,219.82,18,30,32,116,9.32,L,2021-01-26 00:00:00,Active
970,Colgate Toothpaste,Colgate,Personal Care,Toothpaste,374,303.92,396.12,5,90,32,441,9.32,L,2022-02-14 00:00:00,Discontinued
971,ITC Pressure Cooker,ITC,Kitchen,Pressure Cooker,437,1769.32,2645.99,0,60,28,448,7.73,L,2023-03-07 00:00:00,Active
972,Aashirvaad Butter,Aashirvaad,Dairy,Butter,400,231.77,335.92,18,365,35,296,6.71,L,2023-01-13 00:00:00,Active
973,Tata Detergent,Tata,Household,Detergent,280,329.87,483.87,12,30,99,461,9.7,kg,2024-11-22 00:00:00,Discontinued
974,Aashirvaad Biscuits,Aashirvaad,Snacks,Biscuits,274,301.21,442.94,5,180,116,373,3.58,L,2024-12-21 00:00:00,Active
975,Surf Excel Baby Lotion,Surf Excel,Baby Care,Baby Lotion,86,1399.91,1810.16,5,365,101,297,7.76,kg,2025-06-19 00:00:00,Discontinued
976,Nivea Energy Drink,Nivea,Beverages,Energy Drink,329,1390.95,1789.5,12,60,25,68,4.58,kg,2021-06-01 00:00:00,Active
977,Tata Poha,Tata,Grocery,Poha,429,1172.96,1523.3,0,90,79,93,1.43,kg,2020-09-09 00:00:00,Active
978,Mamaearth Pressure Cooker,Mamaearth,Kitchen,Pressure Cooker,283,257.35,342.94,12,30,99,465,0.42,L,2025-12-14 00:00:00,Active
979,Fortune Lunch Box,Fortune,Kitchen,Lunch Box,481,84.51,98.52,12,60,109,182,8.18,g,2021-01-03 00:00:00,Active
980,Surf Excel Baby Lotion,Surf Excel,Baby Care,Baby Lotion,379,664.36,886.43,12,180,22,63,9.81,L,2024-08-07 00:00:00,Active
981,Surf Excel Curd,Surf Excel,Dairy,Curd,186,1091.19,1621.7,0,30,53,443,3.4,kg,2021-01-09 00:00:00,Active
982,HUL Juice,HUL,Beverages,Juice,390,102.61,128.67,0,365,93,495,6.94,L,2023-07-14 00:00:00,Active
983,Sunfeast Soap,Sunfeast,Personal Care,Soap,471,1357.86,1544.59,18,30,104,220,2.76,kg,2025-10-21 00:00:00,Active
984,Amul Cheese,Amul,Dairy,Cheese,241,205.69,272.56,12,180,89,104,2.72,pcs,2021-10-30 00:00:00,Active
985,Aashirvaad Juice,Aashirvaad,Beverages,Juice,292,315.56,441.42,0,30,80,161,7.31,g,2026-06-24 00:00:00,Active
986,Colgate Knife,Colgate,Kitchen,Knife,140,24.44,32.87,5,180,90,171,0.69,g,2021-06-02 00:00:00,Active
987,Surf Excel Baby Powder,Surf Excel,Baby Care,Baby Powder,499,537.48,633.46,18,365,56,187,2.57,kg,2022-02-12 00:00:00,Active
988,Lizol Hair Oil,Lizol,Personal Care,Hair Oil,303,17.59,20.57,5,90,108,115,5.81,pcs,2022-01-25 00:00:00,Active
989,Britannia Soft Drink,Britannia,Beverages,Soft Drink,24,427.08,524.24,0,180,37,161,2.84,kg,2025-10-05 00:00:00,Active
990,Amul Juice,Amul,Beverages,Juice,229,752.84,953.69,5,60,112,381,7.88,L,2022-02-18 00:00:00,Active
991,Surf Excel Diapers,Surf Excel,Baby Care,Diapers,104,1229.36,1611.28,5,60,69,230,1.96,g,2021-03-10 00:00:00,Active
992,Britannia Face Wash,Britannia,Personal Care,Face Wash,82,465.02,607.46,0,30,115,284,5.29,g,2025-03-01 00:00:00,Active
993,Fortune Shampoo,Fortune,Personal Care,Shampoo,8,513.6,669.35,18,365,28,350,4.6,L,2025-04-02 00:00:00,Active
994,Godrej Dog Food,Godrej,Pet Care,Dog Food,139,1513.45,2322.1,5,180,48,274,9.06,kg,2026-05-25 00:00:00,Active
995,HUL Cat Food,HUL,Pet Care,Cat Food,329,1775.89,2410.33,5,30,54,419,3.77,L,2021-06-07 00:00:00,Active
996,Fortune Hair Oil,Fortune,Personal Care,Hair Oil,291,1347.33,1520.77,0,60,56,179,8.12,pcs,2022-03-15 00:00:00,Active
997,Lizol Knife,Lizol,Kitchen,Knife,491,1759.75,1973.47,0,90,118,403,7.72,ml,2025-09-07 00:00:00,Active
998,Patanjali Cooking Oil,Patanjali,Grocery,Cooking Oil,370,349.46,501.48,18,90,109,461,2.79,g,2020-11-13 00:00:00,Active
999,Sunfeast Detergent,Sunfeast,Household,Detergent,126,857.26,1032.48,12,30,63,232,4.77,g,2025-12-20 00:00:00,Active
1000,Colgate Dog Food,Colgate,Pet Care,Dog Food,40,1724.14,1943.22,0,365,37,168,4.17,kg,2025-05-15 00:00:00,Active
1001,Nestle Baby Lotion,Nestle,Baby Care,Baby Lotion,226,1230.51,1894.55,5,60,114,159,2.26,kg,2024-03-16 00:00:00,Active
1002,Colgate Coffee,Colgate,Grocery,Coffee,302,229.7,284.96,18,60,31,224,9.24,pcs,2021-07-11 00:00:00,Active
1003,Nivea Hair Oil,Nivea,Personal Care,Hair Oil,124,1347.36,2052.64,0,180,108,191,5.46,kg,2025-11-06 00:00:00,Active
1004,Colgate Dog Food,Colgate,Pet Care,Dog Food,258,1599.13,1859.85,5,365,55,50,4.33,L,2024-10-23 00:00:00,Active
1005,Dabur Pet Shampoo,Dabur,Pet Care,Pet Shampoo,322,63.02,73.22,0,90,44,138,8.24,g,2023-01-25 00:00:00,Active
1006,Patanjali Biscuits,Patanjali,Snacks,Biscuits,32,367.8,458.59,18,60,99,118,0.41,g,2022-11-25 00:00:00,Active
1007,Parle Face Wash,Parle,Personal Care,Face Wash,82,1242.93,1837.62,18,180,20,137,3.81,pcs,2020-08-12 00:00:00,Active
1008,ITC Baby Lotion,ITC,Baby Care,Baby Lotion,79,1379.49,1670.66,18,30,75,167,7.03,g,2021-02-24 00:00:00,Active
1009,Surf Excel Frying Pan,Surf Excel,Kitchen,Frying Pan,461,1710.69,2601.59,12,180,40,474,9.97,pcs,2021-07-13 00:00:00,Active
1010,Colgate Energy Drink,Colgate,Beverages,Energy Drink,228,322.26,476.87,12,90,53,360,2.22,kg,2022-11-29 00:00:00,Active
1011,Nivea Face Wash,Nivea,Personal Care,Face Wash,298,844.79,979.23,0,60,26,167,7.4,pcs,2025-10-19 00:00:00,Active
1012,Lizol Cheese,Lizol,Dairy,Cheese,365,719.37,1006.65,5,30,86,142,5.44,g,2023-05-16 00:00:00,Active
1013,Surf Excel Juice,Surf Excel,Beverages,Juice,38,1547.07,2094.39,5,365,90,92,3.46,pcs,2023-07-18 00:00:00,Active
1014,Nivea Toothpaste,Nivea,Personal Care,Toothpaste,219,258.08,308.84,18,60,37,461,7.92,kg,2025-01-19 00:00:00,Active
1015,Colgate Dog Food,Colgate,Pet Care,Dog Food,378,1301.84,1764.11,12,180,41,398,2.84,L,2023-08-16 00:00:00,Active
1016,Amul Rice,Amul,Grocery,Rice,43,1555.25,2225.45,12,60,116,430,8.1,pcs,2022-06-14 00:00:00,Active
1017,Nestle Energy Drink,Nestle,Beverages,Energy Drink,332,798.58,1201.5,12,30,120,372,7.51,pcs,2021-05-03 00:00:00,Active
1018,Aashirvaad Cookies,Aashirvaad,Snacks,Cookies,469,691.6,808.84,12,90,53,131,0.94,g,2021-08-08 00:00:00,Active
1019,Fortune Lunch Box,Fortune,Kitchen,Lunch Box,40,891.68,1347.69,5,60,117,197,5.06,kg,2022-02-21 00:00:00,Active
1020,Surf Excel Dog Food,Surf Excel,Pet Care,Dog Food,307,790.92,894.76,0,30,104,183,8.87,ml,2023-05-02 00:00:00,Active
1021,Tata Detergent,Tata,Household,Detergent,77,1307.16,1618.64,18,180,92,112,2.43,g,2021-02-16 00:00:00,Active
1022,Aashirvaad Knife,Aashirvaad,Kitchen,Knife,159,674.68,769.86,5,365,68,423,0.51,kg,2021-03-25 00:00:00,Active
1023,Patanjali Chana Dal,Patanjali,Grocery,Chana Dal,315,444.1,612.37,18,365,65,452,9.99,pcs,2021-02-23 00:00:00,Active
1024,Parle Knife,Parle,Kitchen,Knife,25,130.16,160.77,0,180,52,477,5.33,pcs,2025-07-18 00:00:00,Active
1025,Godrej Toor Dal,Godrej,Grocery,Toor Dal,281,1732.44,2419.91,18,180,51,314,2.02,g,2024-08-24 00:00:00,Active
1026,Godrej Butter,Godrej,Dairy,Butter,73,447.38,630.53,18,365,106,201,7.29,pcs,2021-08-05 00:00:00,Active
1027,Fortune Face Wash,Fortune,Personal Care,Face Wash,215,298.09,364.97,5,90,112,421,8.47,ml,2024-07-04 00:00:00,Active
1028,ITC Toothpaste,ITC,Personal Care,Toothpaste,200,839.61,955.09,12,180,40,231,9.47,L,2021-11-06 00:00:00,Active
1029,Sunfeast Sugar,Sunfeast,Grocery,Sugar,189,1422.76,2034.67,12,365,107,145,3.01,kg,2024-11-28 00:00:00,Active
1030,Fortune Cat Food,Fortune,Pet Care,Cat Food,149,748.98,928.97,0,60,113,105,3.75,pcs,2023-11-29 00:00:00,Active
1031,Godrej Knife,Godrej,Kitchen,Knife,239,606.82,933.39,0,90,24,198,6.9,kg,2023-01-26 00:00:00,Discontinued
1032,Patanjali Shampoo,Patanjali,Personal Care,Shampoo,392,1650.93,1997.37,12,60,87,181,5.91,kg,2023-05-12 00:00:00,Active
1033,Nestle Soft Drink,Nestle,Beverages,Soft Drink,233,175.75,250.6,18,30,89,74,6.1,g,2025-04-16 00:00:00,Active
1034,Lizol Curd,Lizol,Dairy,Curd,166,401.96,520.2,5,30,72,487,0.44,kg,2022-10-11 00:00:00,Active
1035,Aashirvaad Lunch Box,Aashirvaad,Kitchen,Lunch Box,492,1784.69,2071.99,18,365,112,492,5.29,kg,2025-10-22 00:00:00,Active
1036,Amul Biscuits,Amul,Snacks,Biscuits,55,1795.11,2033.22,12,180,34,331,1.37,pcs,2021-04-03 00:00:00,Active
1037,Sunfeast Salt,Sunfeast,Grocery,Salt,255,610.93,851.54,12,90,96,111,9.61,ml,2026-03-08 00:00:00,Active
1038,Tata Energy Drink,Tata,Beverages,Energy Drink,454,1103.39,1399.86,0,30,59,359,0.8,kg,2021-02-11 00:00:00,Active
1039,Nivea Soap,Nivea,Personal Care,Soap,272,536.65,654.43,18,90,23,350,1.48,ml,2023-11-07 00:00:00,Active
1040,Pedigree Biscuits,Pedigree,Snacks,Biscuits,123,1089.51,1289.53,18,90,62,222,4.24,kg,2023-06-10 00:00:00,Active
1041,Fortune Suji,Fortune,Grocery,Suji,482,247.14,333.77,0,90,100,60,7.8,L,2025-09-16 00:00:00,Active
1042,Colgate Diapers,Colgate,Baby Care,Diapers,266,1739.82,2505.02,0,30,115,115,4.32,kg,2020-08-26 00:00:00,Active
1043,Surf Excel Juice,Surf Excel,Beverages,Juice,204,1594.61,2033.72,0,30,69,128,6.88,kg,2021-11-04 00:00:00,Active
1044,Dabur Juice,Dabur,Beverages,Juice,175,1385.16,1702.68,12,30,75,310,5.55,ml,2024-12-12 00:00:00,Active
1045,Lizol Pet Shampoo,Lizol,Pet Care,Pet Shampoo,463,772.69,1051.93,5,365,46,318,8.33,L,2021-02-13 00:00:00,Active
1046,HUL Atta,HUL,Grocery,Atta,407,557.65,757.54,18,60,63,202,2.45,pcs,2023-12-24 00:00:00,Active
1047,Colgate Knife,Colgate,Kitchen,Knife,192,97.33,118.79,0,30,33,391,3.77,kg,2026-01-09 00:00:00,Active
1048,Tata Tea,Tata,Grocery,Tea,34,1787.85,2448.93,12,90,93,143,9.36,ml,2026-07-17 00:00:00,Discontinued
1049,Pedigree Namkeen,Pedigree,Snacks,Namkeen,321,1275.5,1770.68,18,365,93,463,3.82,L,2024-04-06 00:00:00,Active
1050,Surf Excel Dog Food,Surf Excel,Pet Care,Dog Food,188,542.55,732.53,18,365,51,125,3.37,kg,2023-11-02 00:00:00,Active
1051,Mamaearth Bottle,Mamaearth,Kitchen,Bottle,100,1119.53,1723.17,5,60,33,144,8.41,g,2025-07-20 00:00:00,Active
1052,Sunfeast Namkeen,Sunfeast,Snacks,Namkeen,29,1021.59,1566.17,18,365,109,61,9.9,ml,2024-01-12 00:00:00,Active
1053,Colgate Butter,Colgate,Dairy,Butter,227,1750.63,1983.68,5,60,59,337,9.44,g,2021-03-29 00:00:00,Active
1054,Pedigree Mineral Water,Pedigree,Beverages,Mineral Water,461,1635.53,2289.06,5,365,116,58,8.38,L,2021-01-03 00:00:00,Active
1055,Nestle Tissue Paper,Nestle,Household,Tissue Paper,290,1767.15,2664.8,18,90,23,331,8.07,g,2020-12-05 00:00:00,Active
1056,Parle Garbage Bags,Parle,Household,Garbage Bags,402,789.95,975.11,18,365,68,226,4.13,kg,2022-11-26 00:00:00,Active
1057,Nivea Juice,Nivea,Beverages,Juice,345,875.24,1140.58,5,60,87,210,5.76,kg,2020-10-25 00:00:00,Active
1058,Sunfeast Mineral Water,Sunfeast,Beverages,Mineral Water,408,981.52,1200.85,12,365,54,370,9,kg,2024-08-03 00:00:00,Active
1059,HUL Namkeen,HUL,Snacks,Namkeen,264,16.75,23.57,18,365,70,249,0.72,kg,2024-09-21 00:00:00,Active
1060,ITC Baby Powder,ITC,Baby Care,Baby Powder,314,159.97,192.47,12,30,26,83,3.81,kg,2026-04-11 00:00:00,Active
1061,Fortune Soap,Fortune,Personal Care,Soap,378,1139.3,1311.86,12,30,78,258,7.76,pcs,2024-03-02 00:00:00,Active
1062,Colgate Pet Shampoo,Colgate,Pet Care,Pet Shampoo,189,1134.16,1294.79,5,90,54,58,8.97,ml,2022-04-01 00:00:00,Active
1063,Dabur Face Wash,Dabur,Personal Care,Face Wash,454,118.85,181.3,5,180,117,491,4.18,g,2023-06-27 00:00:00,Active
1064,Nivea Detergent,Nivea,Household,Detergent,252,1440.62,2075.53,18,180,26,132,5.7,pcs,2022-06-26 00:00:00,Active
1065,Sunfeast Soap,Sunfeast,Personal Care,Soap,135,1686.79,2378.53,0,60,45,153,4.59,kg,2021-05-19 00:00:00,Active
1066,Dabur Dishwash Liquid,Dabur,Household,Dishwash Liquid,206,376.67,570.2,0,180,89,90,4.7,g,2026-01-24 00:00:00,Active
1067,ITC Chips,ITC,Snacks,Chips,58,1091.23,1222.4,5,180,50,472,5.18,L,2025-11-19 00:00:00,Active
1068,Mamaearth Pet Shampoo,Mamaearth,Pet Care,Pet Shampoo,98,1757.93,2253.09,5,180,29,391,5.5,L,2024-02-14 00:00:00,Active
1069,Dabur Suji,Dabur,Grocery,Suji,73,1558.24,1961.67,18,90,85,72,9.73,kg,2025-04-15 00:00:00,Active
1070,HUL Soap,HUL,Personal Care,Soap,426,821.35,1160.8,0,180,80,323,1.17,g,2021-01-22 00:00:00,Active
1071,Surf Excel Pet Shampoo,Surf Excel,Pet Care,Pet Shampoo,8,319.02,382.91,5,30,82,470,5.93,g,2022-06-01 00:00:00,Active
1072,Surf Excel Mineral Water,Surf Excel,Beverages,Mineral Water,294,1676.1,2179.84,12,180,120,424,6.9,ml,2022-12-05 00:00:00,Active
1073,Nivea Baby Powder,Nivea,Baby Care,Baby Powder,264,448.81,524.86,5,365,107,213,4.14,L,2025-04-08 00:00:00,Active
1074,Amul Pet Shampoo,Amul,Pet Care,Pet Shampoo,279,894.69,1272.44,18,180,107,110,4.59,kg,2020-11-01 00:00:00,Active
1075,Sunfeast Dog Food,Sunfeast,Pet Care,Dog Food,441,940.13,1379.42,0,90,117,51,3.82,g,2023-12-02 00:00:00,Active
1076,HUL Biscuits,HUL,Snacks,Biscuits,82,1138.08,1435.11,0,180,106,497,6.63,kg,2021-03-13 00:00:00,Active
1077,Nestle Lunch Box,Nestle,Kitchen,Lunch Box,77,1240.84,1605.8,0,365,103,444,9.38,kg,2023-08-11 00:00:00,Discontinued
1078,Mamaearth Cookies,Mamaearth,Snacks,Cookies,305,725.31,954.79,0,365,95,323,7.75,L,2023-05-12 00:00:00,Active
1079,Nivea Bottle,Nivea,Kitchen,Bottle,65,1564.52,2393.45,0,90,24,359,6.95,g,2025-11-29 00:00:00,Active
1080,Pedigree Lunch Box,Pedigree,Kitchen,Lunch Box,497,1294.4,1589.31,12,60,58,360,3.44,pcs,2020-12-05 00:00:00,Active
1081,Fortune Milk,Fortune,Dairy,Milk,260,634,880.76,18,30,108,385,4.47,L,2025-03-01 00:00:00,Active
1082,Dettol Energy Drink,Dettol,Beverages,Energy Drink,394,712.04,857.49,5,30,98,281,2.82,kg,2023-08-12 00:00:00,Active
1083,Lizol Butter,Lizol,Dairy,Butter,278,1104.62,1471.09,5,365,93,273,5.11,g,2024-02-06 00:00:00,Active
1084,Surf Excel Cookies,Surf Excel,Snacks,Cookies,384,1044.6,1391.8,0,365,60,398,5.29,ml,2024-04-20 00:00:00,Active
1085,Britannia Mineral Water,Britannia,Beverages,Mineral Water,340,1256.47,1884.33,12,180,68,422,6.23,ml,2022-11-12 00:00:00,Active
1086,Nestle Poha,Nestle,Grocery,Poha,91,314.74,474.28,12,90,54,178,1.91,pcs,2020-09-29 00:00:00,Active
1087,Parle Baby Powder,Parle,Baby Care,Baby Powder,151,645.14,948.71,5,60,101,118,6.87,pcs,2024-10-17 00:00:00,Active
1088,Patanjali Baby Powder,Patanjali,Baby Care,Baby Powder,294,989.94,1492.49,0,90,71,134,2.68,L,2021-06-28 00:00:00,Active
1089,Dabur Tissue Paper,Dabur,Household,Tissue Paper,86,1646.41,2087.06,5,180,95,163,8.7,g,2022-05-04 00:00:00,Active
1090,HUL Detergent,HUL,Household,Detergent,55,1550.9,2363.6,18,90,66,63,9.52,ml,2025-01-10 00:00:00,Active
1091,Amul Baby Soap,Amul,Baby Care,Baby Soap,396,1103.64,1594.84,12,90,48,53,2.02,pcs,2025-11-27 00:00:00,Active
1092,ITC Frying Pan,ITC,Kitchen,Frying Pan,247,1668.48,1949.91,18,60,26,151,5.26,L,2021-07-02 00:00:00,Active
1093,ITC Soap,ITC,Personal Care,Soap,158,1511.83,1829.89,0,90,57,282,1.16,L,2023-02-05 00:00:00,Active
1094,Tata Soft Drink,Tata,Beverages,Soft Drink,215,1120.59,1358.4,18,365,32,171,8.01,ml,2021-08-10 00:00:00,Active
1095,Pedigree Rice,Pedigree,Grocery,Rice,357,489.37,726.24,0,90,118,455,0.96,L,2022-06-24 00:00:00,Active
1096,Mamaearth Baby Lotion,Mamaearth,Baby Care,Baby Lotion,310,949.84,1293.15,5,180,20,189,3.67,g,2022-11-18 00:00:00,Active
1097,Tata Frying Pan,Tata,Kitchen,Frying Pan,479,732.92,1101.42,12,365,119,269,4.22,L,2022-11-11 00:00:00,Active
1098,Dettol Lunch Box,Dettol,Kitchen,Lunch Box,442,976.96,1211.63,5,60,83,411,3.45,L,2020-08-28 00:00:00,Discontinued
1099,Aashirvaad Hair Oil,Aashirvaad,Personal Care,Hair Oil,187,1323.2,1722.07,12,365,56,141,5.07,L,2022-10-09 00:00:00,Active
1100,Colgate Milk,Colgate,Dairy,Milk,478,1773.91,2006.15,0,30,25,129,8.04,L,2023-01-18 00:00:00,Active
1101,HUL Juice,HUL,Beverages,Juice,453,249.06,372.91,0,90,60,85,2.16,L,2021-11-12 00:00:00,Active
1102,Patanjali Tea,Patanjali,Grocery,Tea,378,1145.65,1492.83,5,30,56,205,2.92,pcs,2022-07-10 00:00:00,Active
1103,Mamaearth Diapers,Mamaearth,Baby Care,Diapers,74,1121.63,1601.91,18,60,74,279,9,ml,2024-07-23 00:00:00,Active
1104,Parle Face Wash,Parle,Personal Care,Face Wash,434,1348.22,1585.22,5,90,56,157,9.5,kg,2025-07-02 00:00:00,Active
1105,Nestle Chocolate,Nestle,Snacks,Chocolate,33,1330.63,1599.26,5,60,97,123,8.8,kg,2025-06-03 00:00:00,Active
1106,Sunfeast Milk,Sunfeast,Dairy,Milk,267,1332.86,2000.3,5,180,53,300,1.69,pcs,2021-09-07 00:00:00,Active
1107,Dabur Tea,Dabur,Grocery,Tea,362,1383.98,1790.5,0,180,42,452,1.89,L,2021-10-21 00:00:00,Active
1108,Tata Dishwash Liquid,Tata,Household,Dishwash Liquid,70,1018.24,1256.73,18,60,93,66,3.32,pcs,2022-06-20 00:00:00,Active
1109,Nivea Cat Food,Nivea,Pet Care,Cat Food,28,445.34,518.36,5,180,35,380,4.74,kg,2026-06-13 00:00:00,Active
1110,Dettol Soft Drink,Dettol,Beverages,Soft Drink,475,1420.17,2035.35,5,30,61,143,1.81,pcs,2022-01-10 00:00:00,Active
1111,Dabur Energy Drink,Dabur,Beverages,Energy Drink,410,1720.29,2468.8,12,365,29,377,3.1,pcs,2020-10-18 00:00:00,Active
1112,Aashirvaad Soft Drink,Aashirvaad,Beverages,Soft Drink,126,1181.18,1679.71,5,90,91,207,2.74,kg,2026-03-28 00:00:00,Active
1113,Lizol Pet Shampoo,Lizol,Pet Care,Pet Shampoo,149,405.68,595.35,5,30,93,220,2.68,L,2025-04-27 00:00:00,Active
1114,Nestle Pet Shampoo,Nestle,Pet Care,Pet Shampoo,423,337.12,442.35,18,30,43,342,1.83,kg,2025-01-30 00:00:00,Active
1115,Pedigree Floor Cleaner,Pedigree,Household,Floor Cleaner,255,851.29,1146.36,0,60,82,412,8.96,L,2024-05-18 00:00:00,Active
1116,HUL Frying Pan,HUL,Kitchen,Frying Pan,346,248.24,281.03,0,60,66,253,7.32,kg,2025-01-16 00:00:00,Active
1117,Britannia Chips,Britannia,Snacks,Chips,311,488.58,663.64,18,365,84,309,8.65,ml,2025-11-07 00:00:00,Active
1118,Surf Excel Mineral Water,Surf Excel,Beverages,Mineral Water,274,652.9,797.73,18,30,116,454,9.98,kg,2025-06-21 00:00:00,Active
1119,HUL Toothpaste,HUL,Personal Care,Toothpaste,418,1661.74,2322.32,12,30,78,84,3.53,g,2024-12-03 00:00:00,Active
1120,Parle Milk,Parle,Dairy,Milk,475,1162.6,1385.84,12,30,31,205,2.07,L,2025-01-22 00:00:00,Active
1121,Britannia Knife,Britannia,Kitchen,Knife,3,1107.56,1333.97,18,180,30,157,6.9,ml,2024-01-16 00:00:00,Active
1122,Sunfeast Curd,Sunfeast,Dairy,Curd,78,101.42,120.17,0,60,40,110,8.68,ml,2024-02-01 00:00:00,Active
1123,Nestle Chips,Nestle,Snacks,Chips,46,1096.42,1579.71,0,30,68,256,1.13,g,2024-10-02 00:00:00,Active
1124,Parle Cooking Oil,Parle,Grocery,Cooking Oil,474,1305.55,1833.7,18,60,45,368,7.49,g,2021-10-26 00:00:00,Active
1125,Sunfeast Energy Drink,Sunfeast,Beverages,Energy Drink,339,617.1,833.42,5,180,103,498,6.68,L,2023-02-23 00:00:00,Active
1126,Fortune Curd,Fortune,Dairy,Curd,12,329.4,381.69,18,365,37,222,8.61,pcs,2020-12-14 00:00:00,Active
1127,Pedigree Biscuits,Pedigree,Snacks,Biscuits,431,526.78,619.17,5,90,64,419,3.87,kg,2024-03-30 00:00:00,Active
1128,Mamaearth Salt,Mamaearth,Grocery,Salt,356,1079.22,1268.22,18,30,119,99,2.37,ml,2026-06-12 00:00:00,Active
1129,Colgate Shampoo,Colgate,Personal Care,Shampoo,277,1684.28,2284.5,12,180,59,440,9.25,g,2022-02-12 00:00:00,Active
1130,Parle Soap,Parle,Personal Care,Soap,477,60.78,93.95,0,180,35,235,6.18,ml,2025-09-29 00:00:00,Active
1131,Britannia Cat Food,Britannia,Pet Care,Cat Food,227,311.94,432.46,0,180,74,491,5.95,ml,2023-11-09 00:00:00,Active
1132,Surf Excel Cookies,Surf Excel,Snacks,Cookies,176,1175.42,1771.92,12,90,40,473,8.8,kg,2021-02-04 00:00:00,Active
1133,HUL Soap,HUL,Personal Care,Soap,186,119.69,134.92,18,180,92,443,6.43,L,2025-06-09 00:00:00,Active
1134,ITC Hair Oil,ITC,Personal Care,Hair Oil,399,677.04,930.09,12,90,56,267,8.45,g,2025-11-28 00:00:00,Active
1135,Godrej Curd,Godrej,Dairy,Curd,23,839.22,940.91,0,30,120,313,1.31,g,2026-02-24 00:00:00,Active
1136,Nestle Baby Powder,Nestle,Baby Care,Baby Powder,483,817.05,1012.12,0,180,40,266,5.21,pcs,2026-07-27 00:00:00,Active
1137,Dettol Paneer,Dettol,Dairy,Paneer,445,206.71,284.2,0,90,110,81,4.69,g,2021-05-01 00:00:00,Active
1138,Nestle Diapers,Nestle,Baby Care,Diapers,118,455.01,599.99,12,30,26,466,8.72,L,2021-08-26 00:00:00,Active
1139,Fortune Face Wash,Fortune,Personal Care,Face Wash,59,371.1,479.56,5,30,22,339,4.41,L,2021-01-10 00:00:00,Active
1140,Dettol Bottle,Dettol,Kitchen,Bottle,130,775.25,1011.45,18,30,46,111,5.66,L,2021-11-21 00:00:00,Active
1141,Dabur Energy Drink,Dabur,Beverages,Energy Drink,226,1483.32,2247.77,12,180,70,273,8.25,kg,2025-09-05 00:00:00,Active
1142,HUL Cheese,HUL,Dairy,Cheese,244,1497.79,2128.02,0,30,27,186,4.09,ml,2023-04-23 00:00:00,Active
1143,Amul Garbage Bags,Amul,Household,Garbage Bags,26,1362.85,1992.34,18,365,82,391,4.73,L,2021-07-04 00:00:00,Active
1144,HUL Hair Oil,HUL,Personal Care,Hair Oil,35,985.82,1503.21,12,365,20,211,2.57,kg,2021-03-20 00:00:00,Active
1145,Godrej Chips,Godrej,Snacks,Chips,414,1104.85,1475.85,12,365,83,252,7.85,pcs,2024-03-22 00:00:00,Discontinued
1146,Patanjali Juice,Patanjali,Beverages,Juice,62,841.9,1101.86,18,180,97,334,7.52,kg,2024-05-07 00:00:00,Active
1147,Parle Baby Lotion,Parle,Baby Care,Baby Lotion,26,401.07,498.63,18,180,93,186,2.56,g,2021-11-01 00:00:00,Active
1148,Patanjali Baby Powder,Patanjali,Baby Care,Baby Powder,343,1330.49,2043.4,12,365,92,108,9.96,ml,2022-12-03 00:00:00,Active
1149,Dabur Paneer,Dabur,Dairy,Paneer,490,1591.91,2363.5,5,30,47,289,0.6,ml,2025-12-01 00:00:00,Active
1150,Nestle Knife,Nestle,Kitchen,Knife,82,173.91,198.89,0,90,32,485,9.32,pcs,2026-04-17 00:00:00,Active
1151,Tata Curd,Tata,Dairy,Curd,293,1236.56,1784.23,18,60,34,92,9.76,kg,2022-06-22 00:00:00,Active
1152,Mamaearth Frying Pan,Mamaearth,Kitchen,Frying Pan,261,1736.78,2638.09,0,30,89,254,8.95,L,2025-06-27 00:00:00,Active
1153,Dettol Chips,Dettol,Snacks,Chips,268,1705.04,2557.36,5,365,76,309,3.8,kg,2025-06-02 00:00:00,Active
1154,Godrej Rice,Godrej,Grocery,Rice,164,979.07,1272.87,18,30,43,481,1.97,pcs,2022-01-26 00:00:00,Active
1155,ITC Baby Lotion,ITC,Baby Care,Baby Lotion,256,1682.46,2253.97,12,60,96,393,4.29,pcs,2021-04-08 00:00:00,Active
1156,Britannia Diapers,Britannia,Baby Care,Diapers,118,491.84,675.4,0,90,31,454,5.85,kg,2022-09-30 00:00:00,Active
1157,Nivea Cooking Oil,Nivea,Grocery,Cooking Oil,146,1161.55,1389.36,5,90,112,243,3.61,ml,2024-06-23 00:00:00,Active
1158,Fortune Baby Powder,Fortune,Baby Care,Baby Powder,475,1157.4,1736.62,18,90,98,242,3.9,g,2024-01-30 00:00:00,Active
1159,Godrej Baby Lotion,Godrej,Baby Care,Baby Lotion,34,823.71,1033.2,18,30,39,337,3.45,ml,2022-07-20 00:00:00,Active
1160,HUL Garbage Bags,HUL,Household,Garbage Bags,278,1488.55,1927.45,5,30,84,343,9.61,g,2021-03-24 00:00:00,Active
1161,Pedigree Baby Powder,Pedigree,Baby Care,Baby Powder,133,88.34,115.5,18,180,39,435,5.32,pcs,2023-07-29 00:00:00,Active
1162,Pedigree Baby Lotion,Pedigree,Baby Care,Baby Lotion,38,1501.94,1739.77,5,30,95,437,9.94,g,2022-01-24 00:00:00,Active
1163,Colgate Biscuits,Colgate,Snacks,Biscuits,369,207.71,251.69,18,30,63,145,9.81,kg,2023-11-29 00:00:00,Active
1164,Surf Excel Garbage Bags,Surf Excel,Household,Garbage Bags,425,183.5,231.75,0,60,66,192,7.53,ml,2021-03-15 00:00:00,Active
1165,Nestle Cheese,Nestle,Dairy,Cheese,447,780.62,1092.57,5,90,55,64,7.9,ml,2023-11-02 00:00:00,Active
1166,Lizol Butter,Lizol,Dairy,Butter,34,1615.39,2456.17,5,90,96,325,5.78,pcs,2025-07-02 00:00:00,Active
1167,Amul Frying Pan,Amul,Kitchen,Frying Pan,283,1561.34,2058.69,5,30,54,90,4.48,ml,2022-04-06 00:00:00,Active
1168,Aashirvaad Curd,Aashirvaad,Dairy,Curd,321,1126.25,1706.52,18,90,89,266,6.2,pcs,2024-07-24 00:00:00,Active
1169,Pedigree Energy Drink,Pedigree,Beverages,Energy Drink,260,995.95,1248.92,18,365,59,402,8.94,kg,2026-07-23 00:00:00,Active
1170,Britannia Toothpaste,Britannia,Personal Care,Toothpaste,370,212.5,294.08,5,30,107,449,4.83,L,2026-04-10 00:00:00,Active
1171,Tata Baby Lotion,Tata,Baby Care,Baby Lotion,217,217.4,287.84,0,60,96,325,7.55,pcs,2020-12-02 00:00:00,Active
1172,Aashirvaad Energy Drink,Aashirvaad,Beverages,Energy Drink,332,458.67,706.18,5,30,85,346,2.67,L,2022-10-21 00:00:00,Active
1173,Amul Diapers,Amul,Baby Care,Diapers,334,102.74,141.32,12,60,58,321,9.72,L,2023-06-01 00:00:00,Active
1174,Sunfeast Face Wash,Sunfeast,Personal Care,Face Wash,463,1233.1,1526.34,18,180,83,260,0.6,ml,2022-12-27 00:00:00,Active
1175,Aashirvaad Toor Dal,Aashirvaad,Grocery,Toor Dal,388,771.11,984.4,18,90,88,64,5.75,L,2021-01-20 00:00:00,Active
1176,Surf Excel Soft Drink,Surf Excel,Beverages,Soft Drink,67,1452.4,1644.73,5,90,53,459,4.1,ml,2026-04-27 00:00:00,Active
1177,Aashirvaad Namkeen,Aashirvaad,Snacks,Namkeen,204,1265.57,1446.93,12,365,97,227,2.37,kg,2021-04-01 00:00:00,Active
1178,Dabur Baby Powder,Dabur,Baby Care,Baby Powder,93,226.37,268.35,18,180,81,405,6.6,L,2024-07-26 00:00:00,Active
1179,ITC Garbage Bags,ITC,Household,Garbage Bags,91,711.41,828.49,12,30,31,240,9.12,pcs,2026-03-16 00:00:00,Active
1180,Surf Excel Hair Oil,Surf Excel,Personal Care,Hair Oil,4,1156.36,1789.06,0,30,80,351,5.21,ml,2021-09-23 00:00:00,Active
1181,Parle Pet Shampoo,Parle,Pet Care,Pet Shampoo,296,364.65,420.82,12,180,120,56,9.32,L,2025-02-22 00:00:00,Active
1182,Dabur Baby Soap,Dabur,Baby Care,Baby Soap,76,1154.89,1504.53,0,60,26,154,5.33,g,2020-12-07 00:00:00,Active
1183,HUL Cat Food,HUL,Pet Care,Cat Food,374,782.7,1111.02,18,365,26,286,5.59,g,2022-10-06 00:00:00,Active
1184,Dabur Hair Oil,Dabur,Personal Care,Hair Oil,286,567.93,666.22,5,365,61,499,2.61,L,2024-06-24 00:00:00,Active
1185,Fortune Baby Soap,Fortune,Baby Care,Baby Soap,240,1180.29,1466.67,12,60,45,482,8.81,kg,2025-09-17 00:00:00,Active
1186,Dettol Soft Drink,Dettol,Beverages,Soft Drink,392,524.56,708.69,18,365,113,467,9.83,ml,2022-06-12 00:00:00,Active
1187,HUL Baby Powder,HUL,Baby Care,Baby Powder,348,1201.13,1678.43,5,180,41,65,2,pcs,2024-10-19 00:00:00,Active
1188,Lizol Chips,Lizol,Snacks,Chips,278,646.23,727.28,0,30,97,451,3.93,g,2025-02-14 00:00:00,Active
1189,Patanjali Toothpaste,Patanjali,Personal Care,Toothpaste,406,74.26,102.61,5,90,112,329,5.08,g,2026-06-24 00:00:00,Active
1190,HUL Mineral Water,HUL,Beverages,Mineral Water,440,1587.76,1786.36,0,365,28,416,8.74,ml,2023-10-03 00:00:00,Active
1191,ITC Hair Oil,ITC,Personal Care,Hair Oil,89,1518.97,1926.81,12,90,52,393,9.56,L,2021-09-25 00:00:00,Active
1192,Patanjali Tea,Patanjali,Grocery,Tea,353,1477.72,2213.59,0,180,97,367,2.25,pcs,2023-03-11 00:00:00,Active
1193,Pedigree Floor Cleaner,Pedigree,Household,Floor Cleaner,492,235.15,317.63,12,365,114,247,8.06,pcs,2023-03-08 00:00:00,Active
1194,Parle Frying Pan,Parle,Kitchen,Frying Pan,307,1594.37,2309.71,0,90,60,296,5.83,g,2020-10-06 00:00:00,Active
1195,Dettol Paneer,Dettol,Dairy,Paneer,120,1230.63,1512.61,0,30,113,356,5.45,ml,2021-02-03 00:00:00,Active
1196,Parle Cookies,Parle,Snacks,Cookies,333,1629.64,2407.97,5,365,77,133,5.26,g,2021-02-16 00:00:00,Active
1197,Nestle Curd,Nestle,Dairy,Curd,256,1773.81,2489.72,0,180,40,340,2.18,g,2022-10-16 00:00:00,Active
1198,Mamaearth Pressure Cooker,Mamaearth,Kitchen,Pressure Cooker,75,1009.33,1222.5,0,30,34,57,1.93,g,2021-08-23 00:00:00,Active
1199,Surf Excel Atta,Surf Excel,Grocery,Atta,59,703.9,919.72,0,30,85,480,6.35,pcs,2020-08-09 00:00:00,Active
1200,Sunfeast Pet Shampoo,Sunfeast,Pet Care,Pet Shampoo,419,232.24,314.81,12,60,67,246,7.99,L,2021-11-22 00:00:00,Active
1201,Aashirvaad Mineral Water,Aashirvaad,Beverages,Mineral Water,44,1175.03,1639.98,0,180,55,265,7.85,pcs,2021-04-04 00:00:00,Active
1202,Fortune Mineral Water,Fortune,Beverages,Mineral Water,162,744.47,1148.31,0,30,20,151,7.36,kg,2025-09-22 00:00:00,Active
1203,Amul Baby Powder,Amul,Baby Care,Baby Powder,484,675.55,993.53,12,365,68,274,8.36,L,2022-07-28 00:00:00,Active
1204,Colgate Chana Dal,Colgate,Grocery,Chana Dal,217,1750.81,2464.14,12,30,29,56,9.06,ml,2020-08-22 00:00:00,Active
1205,ITC Soap,ITC,Personal Care,Soap,483,1271.78,1912.09,5,90,20,463,4.53,L,2023-11-21 00:00:00,Active
1206,Lizol Hair Oil,Lizol,Personal Care,Hair Oil,189,89.89,124.45,5,180,73,330,2.1,pcs,2022-01-03 00:00:00,Active
1207,Mamaearth Frying Pan,Mamaearth,Kitchen,Frying Pan,311,1124.97,1337.03,18,30,87,169,5.45,pcs,2024-07-01 00:00:00,Active
1208,Surf Excel Butter,Surf Excel,Dairy,Butter,249,1791.09,2514.65,0,90,23,239,8.05,ml,2026-05-23 00:00:00,Active
1209,Mamaearth Dog Food,Mamaearth,Pet Care,Dog Food,355,826.23,1059.34,5,60,22,94,1.41,L,2023-10-20 00:00:00,Active
1210,Nivea Frying Pan,Nivea,Kitchen,Frying Pan,8,1498.4,1798.55,12,30,90,487,0.16,pcs,2020-12-07 00:00:00,Active
1211,Dettol Chips,Dettol,Snacks,Chips,498,659.75,883.74,0,180,82,283,2.98,kg,2023-03-12 00:00:00,Active
1212,Fortune Namkeen,Fortune,Snacks,Namkeen,39,702.4,842.53,0,365,106,458,8.36,pcs,2024-09-27 00:00:00,Active
1213,Mamaearth Cheese,Mamaearth,Dairy,Cheese,137,734.02,865.59,5,60,38,358,9.44,L,2022-09-08 00:00:00,Active
1214,Britannia Butter,Britannia,Dairy,Butter,468,1462.93,2193.09,12,90,54,117,1.14,pcs,2020-11-09 00:00:00,Active
1215,Lizol Toothpaste,Lizol,Personal Care,Toothpaste,223,1502.69,1712.33,5,30,93,122,1.35,L,2023-11-24 00:00:00,Active
1216,Mamaearth Suji,Mamaearth,Grocery,Suji,33,47.24,67.83,18,60,110,225,4.16,kg,2025-04-10 00:00:00,Active
1217,Godrej Soft Drink,Godrej,Beverages,Soft Drink,91,1528,2020.17,5,365,98,217,8.89,L,2021-09-26 00:00:00,Active
1218,Surf Excel Butter,Surf Excel,Dairy,Butter,265,1178.73,1782.64,5,60,108,184,7.2,g,2021-01-02 00:00:00,Active
1219,Sunfeast Baby Lotion,Sunfeast,Baby Care,Baby Lotion,477,1695.75,2294.63,12,30,81,83,0.68,L,2026-01-24 00:00:00,Active
1220,Nestle Atta,Nestle,Grocery,Atta,313,1040.23,1601.05,5,180,33,467,6.6,L,2023-01-29 00:00:00,Active
1221,Tata Milk,Tata,Dairy,Milk,407,420.93,619.31,18,30,92,119,2.08,kg,2020-08-22 00:00:00,Active
1222,Amul Baby Soap,Amul,Baby Care,Baby Soap,464,23.22,30.84,0,365,93,452,3.19,L,2022-10-10 00:00:00,Active
1223,Mamaearth Soft Drink,Mamaearth,Beverages,Soft Drink,285,946.6,1228.38,5,180,64,117,5.99,L,2026-02-18 00:00:00,Active
1224,ITC Butter,ITC,Dairy,Butter,264,1727.42,2523.77,5,180,45,462,3.18,pcs,2020-08-14 00:00:00,Active
1225,Godrej Milk,Godrej,Dairy,Milk,397,608.14,721.32,18,60,107,143,0.78,L,2023-05-10 00:00:00,Active
1226,Godrej Tissue Paper,Godrej,Household,Tissue Paper,124,950.37,1424.57,12,60,73,321,0.7,L,2021-04-22 00:00:00,Discontinued
1227,Colgate Baby Lotion,Colgate,Baby Care,Baby Lotion,113,814.33,1118.04,12,90,89,307,2.03,L,2020-12-06 00:00:00,Active
1228,Sunfeast Floor Cleaner,Sunfeast,Household,Floor Cleaner,323,1659.23,2427.54,12,180,37,326,0.57,L,2023-08-22 00:00:00,Active
1229,Britannia Cat Food,Britannia,Pet Care,Cat Food,172,717.35,941.93,12,30,66,253,1.68,pcs,2022-09-01 00:00:00,Active
1230,Britannia Coffee,Britannia,Grocery,Coffee,393,980.4,1238.56,12,30,25,302,6.33,L,2020-12-22 00:00:00,Active
1231,Nestle Curd,Nestle,Dairy,Curd,237,1712.61,2652.18,18,30,96,401,0.29,L,2021-09-28 00:00:00,Active
1232,Sunfeast Pet Shampoo,Sunfeast,Pet Care,Pet Shampoo,87,111.36,158.37,0,180,111,367,3.77,g,2023-11-30 00:00:00,Active
1233,Dabur Soap,Dabur,Personal Care,Soap,342,1796.81,2702.36,5,60,76,210,7.87,pcs,2023-11-17 00:00:00,Active
1234,Dabur Rice,Dabur,Grocery,Rice,359,1549.98,2242.21,0,30,60,106,3.44,g,2025-12-23 00:00:00,Active
1235,Godrej Garbage Bags,Godrej,Household,Garbage Bags,174,800.68,1203.39,0,180,56,72,9.56,ml,2025-08-22 00:00:00,Active
1236,Patanjali Pet Shampoo,Patanjali,Pet Care,Pet Shampoo,282,1522.48,2008.74,0,90,110,430,5.94,L,2025-10-09 00:00:00,Active
1237,Britannia Juice,Britannia,Beverages,Juice,491,32.36,41.71,5,90,118,419,0.22,pcs,2026-06-21 00:00:00,Active
1238,Parle Toothpaste,Parle,Personal Care,Toothpaste,220,1688.77,2529.21,0,365,98,407,9.73,L,2026-06-05 00:00:00,Active
1239,Pedigree Bottle,Pedigree,Kitchen,Bottle,335,1639.1,2509.18,12,365,98,139,9.6,L,2022-09-03 00:00:00,Active
1240,Mamaearth Mineral Water,Mamaearth,Beverages,Mineral Water,199,622.73,709.7,0,30,27,258,9.64,pcs,2023-06-28 00:00:00,Active
1241,Amul Poha,Amul,Grocery,Poha,468,725.04,945.63,0,30,89,248,7.2,ml,2023-01-10 00:00:00,Active
1242,Surf Excel Energy Drink,Surf Excel,Beverages,Energy Drink,367,491.69,694.51,5,60,92,484,2.96,pcs,2025-03-26 00:00:00,Active
1243,Amul Floor Cleaner,Amul,Household,Floor Cleaner,194,19.96,26.57,5,90,61,54,2.26,L,2022-06-20 00:00:00,Active
1244,Patanjali Butter,Patanjali,Dairy,Butter,67,1773.88,2225.57,18,60,56,104,4.65,L,2023-05-31 00:00:00,Active
1245,Dabur Poha,Dabur,Grocery,Poha,399,1195.76,1633.71,5,60,48,207,3.38,kg,2021-08-11 00:00:00,Active
1246,Britannia Coffee,Britannia,Grocery,Coffee,430,1163.02,1748.84,0,90,51,52,6.41,pcs,2023-08-28 00:00:00,Active
1247,HUL Baby Soap,HUL,Baby Care,Baby Soap,60,39.89,59.88,0,180,70,277,2.28,g,2021-08-04 00:00:00,Active
1248,Aashirvaad Toor Dal,Aashirvaad,Grocery,Toor Dal,234,1724.47,2616.22,12,365,91,454,9.82,ml,2024-05-15 00:00:00,Active
1249,Dabur Chips,Dabur,Snacks,Chips,217,1074.25,1477.36,12,60,70,73,2.39,g,2024-11-01 00:00:00,Active
1250,Parle Chips,Parle,Snacks,Chips,96,831.77,1058.1,0,90,79,287,8.91,pcs,2022-12-31 00:00:00,Active
1251,ITC Dog Food,ITC,Pet Care,Dog Food,116,1445.06,2141.57,0,60,44,270,7.03,g,2022-06-15 00:00:00,Active
1252,Tata Chips,Tata,Snacks,Chips,64,1633.82,2198.31,18,30,107,237,5.7,ml,2020-12-02 00:00:00,Active
1253,Colgate Cheese,Colgate,Dairy,Cheese,282,392.41,502.17,0,365,60,341,7.52,ml,2022-11-13 00:00:00,Active
1254,Nivea Butter,Nivea,Dairy,Butter,385,937.42,1335.63,12,60,81,323,7.68,pcs,2020-11-24 00:00:00,Active
1255,Sunfeast Cheese,Sunfeast,Dairy,Cheese,466,1101.45,1306.83,18,60,85,191,3.38,L,2025-08-24 00:00:00,Active
1256,Parle Cheese,Parle,Dairy,Cheese,84,315.1,455.07,0,30,42,332,2.22,L,2022-01-28 00:00:00,Active
1257,Parle Soft Drink,Parle,Beverages,Soft Drink,143,120.6,139.67,18,90,103,158,7.34,pcs,2024-11-19 00:00:00,Active
1258,Tata Butter,Tata,Dairy,Butter,359,1045.43,1490.29,0,60,114,371,7.37,g,2021-12-11 00:00:00,Active
1259,Godrej Juice,Godrej,Beverages,Juice,113,1687.73,2395.27,5,60,111,274,5.03,g,2024-01-10 00:00:00,Active
1260,Tata Curd,Tata,Dairy,Curd,398,1296.37,1475.03,5,365,31,263,3.42,kg,2024-06-14 00:00:00,Active
1261,Amul Baby Powder,Amul,Baby Care,Baby Powder,177,1232.69,1817.85,5,180,78,285,3.62,pcs,2021-08-31 00:00:00,Active
1262,Parle Knife,Parle,Kitchen,Knife,334,1385.71,1959.43,5,365,31,262,6.86,kg,2021-09-01 00:00:00,Active
1263,Dabur Baby Lotion,Dabur,Baby Care,Baby Lotion,112,1053.94,1613.57,0,30,53,176,8.44,pcs,2025-06-20 00:00:00,Active
1264,Sunfeast Cheese,Sunfeast,Dairy,Cheese,42,714.51,846.59,5,30,73,299,0.24,kg,2024-05-28 00:00:00,Active
1265,Colgate Bottle,Colgate,Kitchen,Bottle,236,1516.96,2290.89,0,180,49,408,4,g,2025-10-06 00:00:00,Active
1266,Tata Lunch Box,Tata,Kitchen,Lunch Box,147,660.58,825.97,12,90,103,68,4.47,ml,2021-11-28 00:00:00,Active
1267,Pedigree Mineral Water,Pedigree,Beverages,Mineral Water,291,1389.83,1985.28,18,90,21,204,6.51,ml,2024-10-29 00:00:00,Active
1268,Dabur Soft Drink,Dabur,Beverages,Soft Drink,428,702.83,918.28,0,30,57,125,2.63,ml,2024-03-29 00:00:00,Active
1269,Aashirvaad Garbage Bags,Aashirvaad,Household,Garbage Bags,348,490.8,581.63,0,365,114,302,9.5,pcs,2023-03-11 00:00:00,Active
1270,Colgate Cheese,Colgate,Dairy,Cheese,160,278.32,340.45,0,365,93,399,3.86,g,2024-08-24 00:00:00,Active
1271,Parle Floor Cleaner,Parle,Household,Floor Cleaner,145,1300.5,1994.75,18,60,66,391,0.67,pcs,2022-02-21 00:00:00,Active
1272,Patanjali Mineral Water,Patanjali,Beverages,Mineral Water,354,1709.61,1940.3,5,30,30,411,8.36,pcs,2026-06-25 00:00:00,Active
1273,Godrej Moong Dal,Godrej,Grocery,Moong Dal,373,675.08,891.62,18,365,106,187,5.04,ml,2025-09-30 00:00:00,Active
1274,Patanjali Toothpaste,Patanjali,Personal Care,Toothpaste,190,658.48,805.43,18,90,70,247,9.32,pcs,2021-11-10 00:00:00,Active
1275,Colgate Baby Lotion,Colgate,Baby Care,Baby Lotion,41,387.39,480.58,5,90,56,239,0.32,kg,2021-11-24 00:00:00,Active
1276,ITC Hair Oil,ITC,Personal Care,Hair Oil,205,1469.36,1762.8,5,90,120,240,5.8,ml,2021-02-01 00:00:00,Active
1277,Nestle Dog Food,Nestle,Pet Care,Dog Food,233,1538.41,1881.47,12,60,50,238,7.79,pcs,2021-03-21 00:00:00,Discontinued
1278,Sunfeast Shampoo,Sunfeast,Personal Care,Shampoo,27,233.73,343.55,12,365,94,150,2.55,g,2025-06-05 00:00:00,Active
1279,Aashirvaad Paneer,Aashirvaad,Dairy,Paneer,415,1596.74,1934.93,0,180,92,261,2.28,ml,2021-06-09 00:00:00,Active
1280,Nivea Rice,Nivea,Grocery,Rice,254,1167.43,1674.41,12,60,38,111,0.89,pcs,2021-09-11 00:00:00,Active
1281,Aashirvaad Bottle,Aashirvaad,Kitchen,Bottle,497,294.21,375.41,12,60,75,308,8,L,2020-12-28 00:00:00,Active
1282,Nestle Dog Food,Nestle,Pet Care,Dog Food,84,902.54,1260.32,0,365,72,457,3.48,g,2023-07-06 00:00:00,Active
1283,Dettol Cat Food,Dettol,Pet Care,Cat Food,350,250.72,327.16,12,180,44,149,4.73,kg,2023-11-04 00:00:00,Active
1284,Britannia Poha,Britannia,Grocery,Poha,183,1666.13,2316.92,5,180,88,82,0.34,L,2023-07-18 00:00:00,Active
1285,Britannia Pressure Cooker,Britannia,Kitchen,Pressure Cooker,439,60.19,71.35,5,60,28,208,1.94,ml,2021-02-02 00:00:00,Active
1286,Colgate Juice,Colgate,Beverages,Juice,496,62.25,77.78,0,60,117,253,5.34,kg,2025-08-15 00:00:00,Active
1287,Patanjali Chips,Patanjali,Snacks,Chips,178,232.1,297.69,12,60,86,447,3.97,kg,2023-11-22 00:00:00,Active
1288,Lizol Chocolate,Lizol,Snacks,Chocolate,369,1414.61,1793.59,12,365,65,473,8.94,g,2021-03-19 00:00:00,Active
1289,Parle Biscuits,Parle,Snacks,Biscuits,227,1157.29,1679.77,5,365,44,317,6.07,g,2023-07-19 00:00:00,Active
1290,HUL Tissue Paper,HUL,Household,Tissue Paper,117,1410.62,1716.68,18,180,31,309,3.57,kg,2022-07-25 00:00:00,Active
1291,Nivea Milk,Nivea,Dairy,Milk,96,1757.38,2002.7,18,365,83,453,9.6,pcs,2024-04-27 00:00:00,Active
1292,Britannia Energy Drink,Britannia,Beverages,Energy Drink,80,191.13,254.45,18,30,65,380,8.47,pcs,2023-06-30 00:00:00,Active
1293,Dabur Frying Pan,Dabur,Kitchen,Frying Pan,253,1275.37,1956.89,18,90,88,490,2.66,ml,2022-08-08 00:00:00,Active
1294,Godrej Tissue Paper,Godrej,Household,Tissue Paper,497,248.88,301.2,5,60,38,132,9.2,pcs,2025-12-30 00:00:00,Active
1295,Fortune Cheese,Fortune,Dairy,Cheese,287,467.96,555.1,5,60,42,425,9.59,ml,2020-10-09 00:00:00,Active
1296,Aashirvaad Chocolate,Aashirvaad,Snacks,Chocolate,461,391.75,549.28,18,60,101,454,7.25,g,2021-03-25 00:00:00,Active
1297,Britannia Cheese,Britannia,Dairy,Cheese,252,499.73,706.61,12,30,50,53,4.91,L,2023-07-03 00:00:00,Active
1298,Nestle Bottle,Nestle,Kitchen,Bottle,7,1180.96,1487.19,0,60,119,247,1.83,kg,2022-03-27 00:00:00,Active
1299,HUL Face Wash,HUL,Personal Care,Face Wash,337,1034.08,1478.36,12,180,28,210,7.33,ml,2023-06-20 00:00:00,Active
1300,Mamaearth Dishwash Liquid,Mamaearth,Household,Dishwash Liquid,321,144.81,173.04,0,90,31,269,9.78,L,2023-07-09 00:00:00,Active
1301,Colgate Dishwash Liquid,Colgate,Household,Dishwash Liquid,344,499.84,682.24,0,365,112,242,5.97,g,2023-10-26 00:00:00,Active
1302,Lizol Pet Shampoo,Lizol,Pet Care,Pet Shampoo,245,653.59,783.98,0,60,22,179,1.77,g,2023-03-28 00:00:00,Active
1303,Lizol Cheese,Lizol,Dairy,Cheese,46,186.53,267.38,5,90,29,153,5.76,ml,2025-11-29 00:00:00,Active
1304,Nivea Diapers,Nivea,Baby Care,Diapers,19,1026.26,1349.71,18,60,29,134,4.32,ml,2025-08-14 00:00:00,Active
1305,Dettol Biscuits,Dettol,Snacks,Biscuits,15,1178.88,1662.49,18,90,109,345,9.64,pcs,2025-09-01 00:00:00,Active
1306,Tata Lunch Box,Tata,Kitchen,Lunch Box,107,438.46,611.25,12,60,34,358,1.01,ml,2024-04-17 00:00:00,Active
1307,Surf Excel Juice,Surf Excel,Beverages,Juice,327,1214.72,1770.85,12,60,49,113,1.53,g,2021-07-06 00:00:00,Active
1308,Amul Paneer,Amul,Dairy,Paneer,194,1397.65,1857.62,12,90,92,377,4.62,L,2024-03-22 00:00:00,Active
1309,Parle Rice,Parle,Grocery,Rice,203,766.24,1043.12,12,90,89,390,7.65,ml,2022-06-06 00:00:00,Active
1310,Dettol Pet Shampoo,Dettol,Pet Care,Pet Shampoo,46,1663.19,2495.57,18,60,69,227,4.32,kg,2026-05-18 00:00:00,Active
1311,Amul Detergent,Amul,Household,Detergent,358,740.97,942.36,5,180,45,69,5.93,ml,2020-10-31 00:00:00,Discontinued
1312,Dettol Baby Powder,Dettol,Baby Care,Baby Powder,326,802.86,937.15,12,60,92,406,3.86,L,2025-03-06 00:00:00,Active
1313,Dettol Garbage Bags,Dettol,Household,Garbage Bags,180,1298.44,1554.33,0,60,87,132,4.68,g,2026-05-22 00:00:00,Active
1314,Aashirvaad Juice,Aashirvaad,Beverages,Juice,318,1111.14,1682.21,12,365,70,228,9.23,ml,2024-03-03 00:00:00,Active
1315,Aashirvaad Mineral Water,Aashirvaad,Beverages,Mineral Water,483,1360.39,2035.28,12,60,59,413,2.65,kg,2021-06-15 00:00:00,Active
1316,Nestle Hair Oil,Nestle,Personal Care,Hair Oil,302,721.01,1095.24,5,365,51,476,7.09,L,2021-01-11 00:00:00,Active
1317,HUL Cat Food,HUL,Pet Care,Cat Food,210,1041.23,1286.9,12,30,87,438,6.79,pcs,2024-03-23 00:00:00,Active
1318,Mamaearth Juice,Mamaearth,Beverages,Juice,310,600.82,781.46,18,60,93,392,8.19,pcs,2023-01-30 00:00:00,Active
1319,HUL Soap,HUL,Personal Care,Soap,458,296.48,455.38,18,60,27,403,1.82,ml,2024-02-25 00:00:00,Active
1320,Fortune Cat Food,Fortune,Pet Care,Cat Food,99,1620.14,2175.83,12,180,67,222,4.78,pcs,2024-03-11 00:00:00,Active
1321,HUL Chips,HUL,Snacks,Chips,291,33.14,41.42,18,90,68,82,1.57,pcs,2023-05-21 00:00:00,Active
1322,Parle Rice,Parle,Grocery,Rice,55,1616.57,2418.54,5,30,46,425,8.65,L,2020-09-16 00:00:00,Active
1323,Pedigree Garbage Bags,Pedigree,Household,Garbage Bags,173,714.02,901.26,18,30,91,270,9.71,kg,2026-05-18 00:00:00,Active
1324,Godrej Juice,Godrej,Beverages,Juice,97,1274.88,1730.77,12,90,70,248,2.29,kg,2022-03-03 00:00:00,Active
1325,Tata Frying Pan,Tata,Kitchen,Frying Pan,456,100.78,121.74,5,60,72,130,9.33,g,2025-04-27 00:00:00,Active
1326,Fortune Soft Drink,Fortune,Beverages,Soft Drink,209,831.67,996.95,5,30,22,204,2.4,ml,2022-05-27 00:00:00,Active
1327,Nivea Diapers,Nivea,Baby Care,Diapers,406,1498.68,1699.57,12,60,92,490,2.88,pcs,2024-05-20 00:00:00,Active
1328,Lizol Chips,Lizol,Snacks,Chips,239,797.11,990.81,12,60,24,204,2.16,L,2025-06-01 00:00:00,Active
1329,Britannia Mineral Water,Britannia,Beverages,Mineral Water,313,306.61,450.86,12,180,70,223,1.89,L,2026-07-13 00:00:00,Active
1330,Patanjali Biscuits,Patanjali,Snacks,Biscuits,320,253.26,391.9,5,30,37,58,1.43,ml,2021-08-28 00:00:00,Active
1331,Patanjali Curd,Patanjali,Dairy,Curd,113,1581.9,1927.99,5,90,72,289,4.47,kg,2023-06-17 00:00:00,Active
1332,Tata Diapers,Tata,Baby Care,Diapers,439,1680.07,1889.41,18,60,119,294,6.14,L,2022-03-25 00:00:00,Active
1333,Britannia Floor Cleaner,Britannia,Household,Floor Cleaner,108,324.81,453.42,0,30,42,168,7.37,pcs,2025-03-29 00:00:00,Active
1334,HUL Dog Food,HUL,Pet Care,Dog Food,470,66.84,82.65,5,30,36,326,3.03,kg,2023-12-09 00:00:00,Active
1335,Dettol Atta,Dettol,Grocery,Atta,339,1296.09,1985.32,5,90,26,241,0.68,ml,2025-07-11 00:00:00,Active
1336,Dettol Hair Oil,Dettol,Personal Care,Hair Oil,426,1317.42,2018.46,18,180,61,472,2.68,kg,2020-08-28 00:00:00,Active
1337,Britannia Cookies,Britannia,Snacks,Cookies,117,704.58,982.98,18,60,120,396,4.74,g,2023-12-04 00:00:00,Active
1338,Parle Curd,Parle,Dairy,Curd,490,580.23,659.86,12,180,70,438,5.38,L,2022-11-12 00:00:00,Active
1339,Lizol Biscuits,Lizol,Snacks,Biscuits,294,459.65,551.89,0,60,32,116,0.94,kg,2024-10-14 00:00:00,Active
1340,Britannia Pet Shampoo,Britannia,Pet Care,Pet Shampoo,353,435.74,552.98,18,365,26,392,9.17,kg,2023-02-05 00:00:00,Active
1341,Fortune Cooking Oil,Fortune,Grocery,Cooking Oil,478,1253.05,1833.35,5,365,39,230,1.13,pcs,2021-12-16 00:00:00,Active
1342,Pedigree Floor Cleaner,Pedigree,Household,Floor Cleaner,392,583.24,875.37,0,180,33,138,1.84,ml,2020-12-11 00:00:00,Active
1343,HUL Shampoo,HUL,Personal Care,Shampoo,11,1010.24,1210.44,12,90,39,123,1.22,g,2022-11-10 00:00:00,Active
1344,Mamaearth Dishwash Liquid,Mamaearth,Household,Dishwash Liquid,491,1584.14,2034.79,5,60,114,426,0.11,pcs,2023-06-03 00:00:00,Active
1345,Fortune Mineral Water,Fortune,Beverages,Mineral Water,427,554.14,829.66,0,90,84,480,5.23,pcs,2024-11-16 00:00:00,Active
1346,Godrej Detergent,Godrej,Household,Detergent,6,844.36,1237.75,12,365,107,243,7.68,L,2023-04-27 00:00:00,Active
1347,Dettol Floor Cleaner,Dettol,Household,Floor Cleaner,463,901.85,1252.02,5,180,74,374,6.61,g,2025-02-23 00:00:00,Active
1348,HUL Tissue Paper,HUL,Household,Tissue Paper,255,493.39,648.57,18,90,41,131,9.13,pcs,2022-12-10 00:00:00,Active
1349,Sunfeast Baby Lotion,Sunfeast,Baby Care,Baby Lotion,415,638.48,738.08,5,30,103,238,5.77,g,2023-11-10 00:00:00,Active
1350,ITC Soap,ITC,Personal Care,Soap,476,590.81,881.38,18,60,25,127,5.95,L,2022-03-15 00:00:00,Active
1351,Colgate Baby Powder,Colgate,Baby Care,Baby Powder,416,451.19,635.01,5,180,42,473,6.26,L,2023-06-09 00:00:00,Active
1352,Colgate Chips,Colgate,Snacks,Chips,133,687.92,869.63,0,365,63,99,2.03,kg,2023-09-30 00:00:00,Active
1353,Britannia Pressure Cooker,Britannia,Kitchen,Pressure Cooker,436,501.61,677.08,5,60,28,469,6.46,g,2025-01-08 00:00:00,Active
1354,ITC Curd,ITC,Dairy,Curd,340,679.22,847.2,0,90,88,128,8.71,pcs,2023-07-29 00:00:00,Active
1355,Fortune Cat Food,Fortune,Pet Care,Cat Food,299,1610.13,1875.34,0,365,61,184,5.61,kg,2025-08-19 00:00:00,Active
1356,Amul Shampoo,Amul,Personal Care,Shampoo,292,91.01,117.13,18,180,101,318,4.86,L,2026-02-08 00:00:00,Active
1357,Fortune Diapers,Fortune,Baby Care,Diapers,160,1703.13,2199.93,0,365,75,420,1.38,L,2024-09-20 00:00:00,Active
1358,Parle Cheese,Parle,Dairy,Cheese,75,1291.02,1688.05,5,30,44,143,0.27,kg,2022-04-19 00:00:00,Active
1359,Godrej Chocolate,Godrej,Snacks,Chocolate,58,964.44,1410.21,12,180,85,500,5.73,kg,2024-09-23 00:00:00,Active
1360,Colgate Dog Food,Colgate,Pet Care,Dog Food,314,1064.81,1464.59,12,365,108,319,1.06,g,2021-04-18 00:00:00,Active
1361,Nivea Juice,Nivea,Beverages,Juice,222,50.53,61.36,18,180,22,427,6.91,g,2025-12-06 00:00:00,Active
1362,Tata Rice,Tata,Grocery,Rice,277,1686.2,2430.89,12,60,89,252,1.97,kg,2026-06-27 00:00:00,Active
1363,Dabur Moong Dal,Dabur,Grocery,Moong Dal,461,497.22,746.38,5,365,110,50,9.36,pcs,2020-09-13 00:00:00,Active
1364,Mamaearth Baby Powder,Mamaearth,Baby Care,Baby Powder,231,1384.64,1587.98,18,365,109,271,1.72,ml,2021-12-28 00:00:00,Active
1365,Dabur Soft Drink,Dabur,Beverages,Soft Drink,106,1521.25,2353.32,18,60,47,467,4.89,kg,2024-06-08 00:00:00,Active
1366,Sunfeast Cheese,Sunfeast,Dairy,Cheese,127,331,435.46,18,365,59,447,1.18,kg,2024-12-14 00:00:00,Active
1367,Patanjali Knife,Patanjali,Kitchen,Knife,79,1621.62,2316.1,0,365,85,424,9.71,L,2023-12-31 00:00:00,Active
1368,Pedigree Pet Shampoo,Pedigree,Pet Care,Pet Shampoo,245,1315.06,1508.66,12,30,71,296,4.98,kg,2025-02-28 00:00:00,Active
1369,Mamaearth Baby Soap,Mamaearth,Baby Care,Baby Soap,479,313.18,436.25,0,90,51,444,0.84,g,2020-07-30 00:00:00,Active
1370,Nestle Cat Food,Nestle,Pet Care,Cat Food,57,837.25,1118.87,12,365,73,346,8.55,g,2024-08-01 00:00:00,Active
1371,Lizol Toothpaste,Lizol,Personal Care,Toothpaste,367,333.08,469.81,5,180,68,238,6.99,ml,2022-03-21 00:00:00,Active
1372,Tata Chocolate,Tata,Snacks,Chocolate,166,1040.92,1207.99,18,60,59,365,5.12,pcs,2025-04-10 00:00:00,Active
1373,Aashirvaad Cookies,Aashirvaad,Snacks,Cookies,223,413.98,512.22,0,180,114,202,8.88,pcs,2021-03-18 00:00:00,Active
1374,Godrej Cooking Oil,Godrej,Grocery,Cooking Oil,317,1134.91,1340.75,18,180,95,205,0.72,ml,2020-11-26 00:00:00,Active
1375,Amul Diapers,Amul,Baby Care,Diapers,305,1018.95,1383.63,18,90,107,398,5.03,pcs,2025-09-14 00:00:00,Active
1376,Godrej Face Wash,Godrej,Personal Care,Face Wash,411,149.35,199.96,12,30,72,286,2.5,ml,2024-03-26 00:00:00,Active
1377,Sunfeast Floor Cleaner,Sunfeast,Household,Floor Cleaner,274,1323.54,1787.66,0,180,57,447,5.88,kg,2021-06-30 00:00:00,Active
1378,Pedigree Detergent,Pedigree,Household,Detergent,413,312.5,436,18,30,61,137,1.27,kg,2022-06-08 00:00:00,Active
1379,Britannia Namkeen,Britannia,Snacks,Namkeen,309,723.12,900.03,0,30,89,141,2.78,L,2020-09-10 00:00:00,Active
1380,Amul Curd,Amul,Dairy,Curd,285,1007.96,1362.8,5,30,62,297,3.12,pcs,2021-06-26 00:00:00,Active
1381,Nestle Cat Food,Nestle,Pet Care,Cat Food,444,1002.7,1302.38,5,30,39,278,7.9,kg,2023-06-02 00:00:00,Active
1382,Tata Juice,Tata,Beverages,Juice,207,1300.56,1881.52,0,365,119,355,3.62,g,2023-04-30 00:00:00,Active
1383,Fortune Tissue Paper,Fortune,Household,Tissue Paper,290,188.31,232.05,5,180,89,390,8.46,L,2026-02-25 00:00:00,Active
1384,Lizol Tea,Lizol,Grocery,Tea,335,1646.46,2489.9,0,365,80,132,4.2,kg,2023-09-08 00:00:00,Active
1385,Tata Energy Drink,Tata,Beverages,Energy Drink,119,1601.07,1877.79,12,90,58,179,1.4,pcs,2023-11-10 00:00:00,Active
1386,Godrej Diapers,Godrej,Baby Care,Diapers,287,1202.5,1840.45,18,90,41,204,9.41,ml,2022-01-19 00:00:00,Active
1387,Aashirvaad Chips,Aashirvaad,Snacks,Chips,224,1639.64,2267.38,18,60,60,267,7.7,g,2020-12-29 00:00:00,Active
1388,Pedigree Chips,Pedigree,Snacks,Chips,478,29.13,35.58,12,180,23,182,5.04,ml,2022-11-14 00:00:00,Active
1389,Fortune Hair Oil,Fortune,Personal Care,Hair Oil,306,1237.25,1558.99,5,365,75,217,1.79,g,2022-06-19 00:00:00,Active
1390,Lizol Detergent,Lizol,Household,Detergent,148,1497.33,2301.19,12,90,47,102,1.75,pcs,2024-09-13 00:00:00,Active
1391,Parle Energy Drink,Parle,Beverages,Energy Drink,477,1190.27,1817.54,0,180,50,448,6.44,ml,2020-08-09 00:00:00,Active
1392,Nivea Baby Soap,Nivea,Baby Care,Baby Soap,317,1161.93,1666.84,12,365,61,414,6.78,pcs,2025-12-30 00:00:00,Active
1393,Fortune Chocolate,Fortune,Snacks,Chocolate,72,319.01,472.75,12,30,71,109,9.78,L,2024-12-09 00:00:00,Active
1394,ITC Butter,ITC,Dairy,Butter,271,112.71,170.64,0,90,59,356,1.02,ml,2024-06-25 00:00:00,Active
1395,HUL Face Wash,HUL,Personal Care,Face Wash,183,1379.96,1924.51,5,90,76,497,5.34,L,2023-08-01 00:00:00,Active
1396,Tata Dog Food,Tata,Pet Care,Dog Food,293,1051.34,1495.01,18,60,53,198,8.49,pcs,2021-07-26 00:00:00,Active
1397,Lizol Floor Cleaner,Lizol,Household,Floor Cleaner,100,926.32,1049.54,0,365,47,265,0.92,kg,2020-10-28 00:00:00,Active
1398,Colgate Soft Drink,Colgate,Beverages,Soft Drink,260,1686.37,2260.72,5,365,28,230,7.96,ml,2020-12-05 00:00:00,Active
1399,Fortune Juice,Fortune,Beverages,Juice,162,1491.57,1949.43,0,90,43,112,4.51,L,2024-02-15 00:00:00,Active
1400,HUL Mineral Water,HUL,Beverages,Mineral Water,263,876.5,1285.37,0,30,85,339,8.65,L,2026-03-29 00:00:00,Active
1401,Fortune Dog Food,Fortune,Pet Care,Dog Food,45,513.4,659.23,18,180,115,243,9.34,pcs,2021-05-15 00:00:00,Active
1402,HUL Paneer,HUL,Dairy,Paneer,301,389.67,502.79,12,180,100,456,4.36,L,2025-10-05 00:00:00,Active
1403,Britannia Suji,Britannia,Grocery,Suji,284,215.22,290.3,12,180,49,345,0.27,g,2026-04-06 00:00:00,Active
1404,Nestle Floor Cleaner,Nestle,Household,Floor Cleaner,210,1272.13,1720.34,12,90,41,383,3.02,L,2026-05-12 00:00:00,Active
1405,Fortune Frying Pan,Fortune,Kitchen,Frying Pan,430,1120.37,1707.26,18,365,67,274,1.79,L,2020-10-17 00:00:00,Active
1406,Mamaearth Cat Food,Mamaearth,Pet Care,Cat Food,485,637.13,856.02,0,365,26,141,1.52,ml,2023-09-30 00:00:00,Active
1407,Nivea Pet Shampoo,Nivea,Pet Care,Pet Shampoo,434,1102.43,1660.03,0,60,58,320,5.45,pcs,2026-01-03 00:00:00,Active
1408,Dettol Dog Food,Dettol,Pet Care,Dog Food,298,40.68,51.3,12,90,62,465,1.08,L,2023-05-24 00:00:00,Active
1409,Lizol Energy Drink,Lizol,Beverages,Energy Drink,201,1372.58,1631.65,0,30,43,421,2.25,kg,2021-06-27 00:00:00,Active
1410,Colgate Bottle,Colgate,Kitchen,Bottle,42,1530.32,1789.03,5,365,82,477,5.43,L,2021-09-17 00:00:00,Active
1411,Amul Garbage Bags,Amul,Household,Garbage Bags,408,1599.2,1806.69,5,30,76,289,5.81,L,2020-08-19 00:00:00,Active
1412,Colgate Lunch Box,Colgate,Kitchen,Lunch Box,405,1059.58,1287.43,12,30,100,474,6.6,pcs,2022-01-16 00:00:00,Active
1413,Dettol Suji,Dettol,Grocery,Suji,429,1730.71,1947.24,12,60,36,394,4.01,kg,2020-11-27 00:00:00,Active
1414,Amul Juice,Amul,Beverages,Juice,65,458.79,683.04,18,90,37,380,8.67,L,2024-12-12 00:00:00,Active
1415,Mamaearth Baby Lotion,Mamaearth,Baby Care,Baby Lotion,424,120.44,162.4,0,365,111,112,0.52,L,2024-11-07 00:00:00,Active
1416,Patanjali Cookies,Patanjali,Snacks,Cookies,36,1290.62,1560.14,12,365,83,155,3.85,ml,2023-02-15 00:00:00,Active
1417,Patanjali Dog Food,Patanjali,Pet Care,Dog Food,307,1247.02,1669.95,18,365,51,157,3.6,pcs,2021-02-09 00:00:00,Active
1418,Aashirvaad Poha,Aashirvaad,Grocery,Poha,385,987.03,1519.47,18,30,66,374,9.56,ml,2024-07-16 00:00:00,Active
1419,Sunfeast Paneer,Sunfeast,Dairy,Paneer,250,1479.43,1809.26,5,90,64,454,8.78,kg,2025-10-03 00:00:00,Active
1420,Pedigree Energy Drink,Pedigree,Beverages,Energy Drink,261,91.02,107.19,5,180,82,143,4.62,g,2023-09-30 00:00:00,Active
1421,Colgate Diapers,Colgate,Baby Care,Diapers,152,23.36,35.35,5,365,30,243,8.09,L,2024-02-16 00:00:00,Active
1422,Britannia Baby Lotion,Britannia,Baby Care,Baby Lotion,357,1609.54,2234.18,18,90,101,154,3.41,L,2022-08-17 00:00:00,Active
1423,Tata Soap,Tata,Personal Care,Soap,343,1734.55,1970.65,0,60,82,159,0.18,g,2024-10-30 00:00:00,Active
1424,Parle Energy Drink,Parle,Beverages,Energy Drink,53,1681.52,2251.42,12,90,106,188,4.59,pcs,2022-05-01 00:00:00,Active
1425,Patanjali Mineral Water,Patanjali,Beverages,Mineral Water,295,1668.92,2282.08,0,180,83,255,2.68,pcs,2023-04-10 00:00:00,Active
1426,Dabur Coffee,Dabur,Grocery,Coffee,440,324.04,437.69,12,365,85,282,7.68,L,2024-05-26 00:00:00,Active
1427,HUL Detergent,HUL,Household,Detergent,276,1498.62,2172.66,18,60,82,113,4.59,g,2022-05-22 00:00:00,Active
1428,Nestle Baby Lotion,Nestle,Baby Care,Baby Lotion,421,1367.24,2024.65,12,30,45,206,9.48,pcs,2021-04-15 00:00:00,Active
1429,Surf Excel Pressure Cooker,Surf Excel,Kitchen,Pressure Cooker,227,895.75,1214.46,12,365,48,424,2.42,ml,2022-12-09 00:00:00,Active
1430,Amul Cat Food,Amul,Pet Care,Cat Food,368,1495.48,1735.57,0,365,21,368,9.14,L,2022-10-18 00:00:00,Active
1431,Dabur Baby Lotion,Dabur,Baby Care,Baby Lotion,179,987.74,1274.42,12,60,25,184,0.77,g,2023-09-23 00:00:00,Active
1432,Pedigree Juice,Pedigree,Beverages,Juice,231,77.21,108.13,18,60,20,187,7.6,kg,2025-10-14 00:00:00,Active
1433,Mamaearth Pet Shampoo,Mamaearth,Pet Care,Pet Shampoo,290,1512.38,1870.83,5,60,54,240,9.98,g,2023-10-25 00:00:00,Active
1434,Pedigree Milk,Pedigree,Dairy,Milk,51,876.66,1214.12,5,60,116,191,5.49,ml,2021-02-20 00:00:00,Active
1435,Parle Lunch Box,Parle,Kitchen,Lunch Box,444,1343.77,2073,18,60,43,140,3.79,ml,2024-02-10 00:00:00,Active
1436,Fortune Biscuits,Fortune,Snacks,Biscuits,356,39.97,59.07,5,60,73,101,1.17,pcs,2025-05-06 00:00:00,Active
1437,Sunfeast Mineral Water,Sunfeast,Beverages,Mineral Water,196,953.63,1108.75,5,30,80,56,1.58,ml,2026-07-15 00:00:00,Active
1438,Parle Chips,Parle,Snacks,Chips,172,1405.58,1593.47,5,180,73,419,1.44,pcs,2023-02-05 00:00:00,Active
1439,Amul Baby Lotion,Amul,Baby Care,Baby Lotion,161,620.05,821.31,0,30,32,303,2.51,L,2023-02-26 00:00:00,Active
1440,Dettol Rice,Dettol,Grocery,Rice,98,400.9,528.56,0,180,41,132,1.03,g,2025-10-14 00:00:00,Active
1441,Surf Excel Baby Lotion,Surf Excel,Baby Care,Baby Lotion,200,858.62,989.56,18,60,43,111,0.35,L,2025-07-11 00:00:00,Active
1442,Nestle Face Wash,Nestle,Personal Care,Face Wash,86,1797.85,2099.37,0,180,20,282,2.64,g,2024-06-18 00:00:00,Active
1443,Fortune Biscuits,Fortune,Snacks,Biscuits,463,538.25,784.88,5,60,66,123,1.02,ml,2024-06-04 00:00:00,Active
1444,Patanjali Floor Cleaner,Patanjali,Household,Floor Cleaner,43,1641.79,2029.33,5,30,94,189,3.12,ml,2022-03-11 00:00:00,Active
1445,Sunfeast Dog Food,Sunfeast,Pet Care,Dog Food,94,1116.39,1350.32,18,90,60,98,2.32,g,2024-01-22 00:00:00,Active
1446,Pedigree Butter,Pedigree,Dairy,Butter,13,1475.74,2109.84,5,90,64,473,6.95,pcs,2022-03-31 00:00:00,Active
1447,Britannia Butter,Britannia,Dairy,Butter,342,249.57,290.93,0,90,88,347,9.23,kg,2026-06-26 00:00:00,Active
1448,Fortune Diapers,Fortune,Baby Care,Diapers,454,1322.52,1937.5,18,90,81,334,4.34,pcs,2024-10-16 00:00:00,Active
1449,Dettol Biscuits,Dettol,Snacks,Biscuits,5,692.17,792.73,12,90,78,182,0.33,g,2024-10-11 00:00:00,Active
1450,Mamaearth Pressure Cooker,Mamaearth,Kitchen,Pressure Cooker,150,210.52,238.73,5,30,75,203,0.53,ml,2023-03-28 00:00:00,Active
1451,Sunfeast Knife,Sunfeast,Kitchen,Knife,66,1100.15,1577.68,5,90,49,192,5.45,pcs,2023-02-02 00:00:00,Active
1452,Surf Excel Dog Food,Surf Excel,Pet Care,Dog Food,495,296.53,360.68,18,90,55,271,1.96,kg,2021-10-07 00:00:00,Active
1453,Lizol Biscuits,Lizol,Snacks,Biscuits,444,1240.08,1784.84,0,90,62,50,8.8,g,2024-01-14 00:00:00,Active
1454,Nivea Rice,Nivea,Grocery,Rice,150,941.41,1155.04,18,180,50,353,1.2,kg,2024-08-03 00:00:00,Active
1455,Mamaearth Frying Pan,Mamaearth,Kitchen,Frying Pan,61,1798.7,2108.38,18,30,22,346,9.55,kg,2025-11-04 00:00:00,Active
1456,Parle Biscuits,Parle,Snacks,Biscuits,234,1238.64,1494.62,18,365,25,248,0.19,L,2024-10-22 00:00:00,Active
1457,Colgate Cheese,Colgate,Dairy,Cheese,126,871.85,1073.2,0,30,22,355,8.18,pcs,2025-09-19 00:00:00,Active
1458,Colgate Soft Drink,Colgate,Beverages,Soft Drink,428,226.95,263.63,5,180,30,99,5.28,kg,2024-08-27 00:00:00,Active
1459,Godrej Bottle,Godrej,Kitchen,Bottle,294,603.56,712.72,12,60,22,146,6.4,kg,2024-10-18 00:00:00,Active
1460,HUL Mineral Water,HUL,Beverages,Mineral Water,229,510.76,662.34,12,180,93,360,6.01,L,2024-04-26 00:00:00,Active
1461,Colgate Face Wash,Colgate,Personal Care,Face Wash,49,803.29,1147.04,0,365,37,186,8.82,kg,2024-11-21 00:00:00,Active
1462,Surf Excel Pressure Cooker,Surf Excel,Kitchen,Pressure Cooker,114,286.69,338.08,18,365,118,197,9.68,g,2023-09-03 00:00:00,Active
1463,Britannia Baby Powder,Britannia,Baby Care,Baby Powder,36,962.62,1285.43,18,90,108,216,9.06,ml,2023-06-04 00:00:00,Active
1464,Colgate Floor Cleaner,Colgate,Household,Floor Cleaner,114,571.16,873.27,12,180,22,54,3.02,g,2021-12-05 00:00:00,Active
1465,Nivea Knife,Nivea,Kitchen,Knife,60,1266.68,1477.06,18,30,100,140,7.88,L,2021-10-22 00:00:00,Active
1466,Sunfeast Toor Dal,Sunfeast,Grocery,Toor Dal,238,219.24,248.54,5,60,27,185,4.32,kg,2020-10-26 00:00:00,Active
1467,HUL Chocolate,HUL,Snacks,Chocolate,16,947.43,1247.82,0,60,45,115,5.72,ml,2025-07-01 00:00:00,Active
1468,Amul Curd,Amul,Dairy,Curd,273,1183.93,1460.65,12,30,83,426,4.35,L,2023-12-11 00:00:00,Active
1469,Sunfeast Toothpaste,Sunfeast,Personal Care,Toothpaste,157,1309.85,2013.73,5,60,76,264,9.88,L,2023-11-29 00:00:00,Active
1470,Pedigree Atta,Pedigree,Grocery,Atta,188,172.28,210.48,18,60,113,208,4.97,g,2021-06-16 00:00:00,Active
1471,Colgate Garbage Bags,Colgate,Household,Garbage Bags,274,163.29,253.04,5,60,60,437,1.11,g,2023-01-17 00:00:00,Active
1472,Dettol Namkeen,Dettol,Snacks,Namkeen,434,1776.56,2378.88,18,180,64,407,7.85,g,2026-01-07 00:00:00,Active
1473,Pedigree Soap,Pedigree,Personal Care,Soap,210,1584.59,2376.99,18,365,54,454,6.27,ml,2026-04-05 00:00:00,Active
1474,Mamaearth Curd,Mamaearth,Dairy,Curd,8,122.26,147.85,0,180,33,462,5.15,pcs,2021-12-04 00:00:00,Active
1475,Parle Shampoo,Parle,Personal Care,Shampoo,416,435,648.83,5,90,26,207,7.29,ml,2026-02-16 00:00:00,Active
1476,ITC Curd,ITC,Dairy,Curd,432,615.26,857.67,12,365,114,434,3.63,L,2023-08-11 00:00:00,Active
1477,Sunfeast Chips,Sunfeast,Snacks,Chips,145,1192.97,1477.92,0,30,32,393,7.13,ml,2022-02-24 00:00:00,Active
1478,ITC Frying Pan,ITC,Kitchen,Frying Pan,2,963.19,1270.78,18,60,59,165,3.44,pcs,2026-04-04 00:00:00,Active
1479,Dabur Frying Pan,Dabur,Kitchen,Frying Pan,142,1307.37,1761.21,18,365,22,257,4.11,kg,2023-03-13 00:00:00,Active
1480,Britannia Milk,Britannia,Dairy,Milk,450,339.41,403.64,12,90,45,386,7.52,kg,2024-05-03 00:00:00,Active
1481,Amul Biscuits,Amul,Snacks,Biscuits,160,226.46,292.73,18,30,50,304,1.51,pcs,2021-10-12 00:00:00,Active
1482,Dabur Salt,Dabur,Grocery,Salt,54,126.53,179.74,18,365,95,368,6.08,kg,2021-07-24 00:00:00,Active
1483,Amul Soap,Amul,Personal Care,Soap,244,389.59,590.29,0,60,33,434,6.93,kg,2025-01-07 00:00:00,Active
1484,Nivea Pet Shampoo,Nivea,Pet Care,Pet Shampoo,54,755.67,1100.02,18,60,117,231,6.87,pcs,2021-10-12 00:00:00,Discontinued
1485,Surf Excel Suji,Surf Excel,Grocery,Suji,146,476.19,652.47,18,365,62,494,3.71,kg,2026-02-28 00:00:00,Active
1486,Dettol Curd,Dettol,Dairy,Curd,85,623.2,788.48,0,30,80,135,5.63,ml,2021-10-15 00:00:00,Active
1487,Parle Cooking Oil,Parle,Grocery,Cooking Oil,29,1406.21,1937,5,180,34,262,1.15,kg,2023-12-21 00:00:00,Active
1488,Pedigree Pressure Cooker,Pedigree,Kitchen,Pressure Cooker,67,853.92,1262.91,5,365,117,351,6.37,ml,2022-06-03 00:00:00,Active
1489,Nivea Dog Food,Nivea,Pet Care,Dog Food,117,368.37,466.25,0,180,73,336,8.65,kg,2026-03-18 00:00:00,Active
1490,Amul Hair Oil,Amul,Personal Care,Hair Oil,188,1217.62,1738.78,12,180,84,66,0.25,L,2023-02-09 00:00:00,Active
1491,Parle Shampoo,Parle,Personal Care,Shampoo,96,395.72,510.46,5,30,70,349,0.48,ml,2021-04-19 00:00:00,Active
1492,Dettol Baby Soap,Dettol,Baby Care,Baby Soap,11,478.35,672.82,18,180,107,399,3.63,ml,2025-12-08 00:00:00,Active
1493,Mamaearth Curd,Mamaearth,Dairy,Curd,187,1531.72,2317.78,5,30,61,78,7.38,ml,2021-02-26 00:00:00,Active
1494,ITC Namkeen,ITC,Snacks,Namkeen,112,22.88,34.75,5,90,25,466,6.52,L,2024-12-23 00:00:00,Active
1495,Patanjali Cookies,Patanjali,Snacks,Cookies,318,1269.53,1801.18,5,365,37,197,5.46,L,2026-06-29 00:00:00,Active
1496,Amul Juice,Amul,Beverages,Juice,218,553.05,644.89,0,30,60,489,2.36,g,2021-09-12 00:00:00,Active
1497,Lizol Butter,Lizol,Dairy,Butter,366,1299.66,1882.39,18,90,71,415,7.96,g,2022-08-20 00:00:00,Active
1498,Fortune Floor Cleaner,Fortune,Household,Floor Cleaner,167,996.66,1156.32,0,30,117,191,9.13,ml,2022-08-21 00:00:00,Active
1499,Surf Excel Namkeen,Surf Excel,Snacks,Namkeen,218,1479.17,2028.89,0,90,80,176,5.56,L,2022-02-27 00:00:00,Active
1500,Nivea Curd,Nivea,Dairy,Curd,465,1390.21,2098.53,18,90,32,118,2.42,L,2025-11-01 00:00:00,Active
1501,Nestle Pet Shampoo,Nestle,Pet Care,Pet Shampoo,193,624.34,768.95,0,365,79,132,2.35,ml,2020-09-21 00:00:00,Active
1502,Colgate Toothpaste,Colgate,Personal Care,Toothpaste,190,1368.71,2028.85,12,180,118,286,4.74,kg,2021-10-12 00:00:00,Active
1503,Amul Dog Food,Amul,Pet Care,Dog Food,257,837.34,959.84,18,30,66,246,8.07,ml,2021-01-13 00:00:00,Active
1504,Britannia Energy Drink,Britannia,Beverages,Energy Drink,158,401.48,533.68,5,365,22,447,1.94,ml,2023-04-19 00:00:00,Active
1505,Surf Excel Paneer,Surf Excel,Dairy,Paneer,344,1526.32,2172.63,5,180,26,132,5.67,L,2021-04-02 00:00:00,Active
1506,Parle Diapers,Parle,Baby Care,Diapers,265,1609.9,1931.8,12,30,77,263,4.34,g,2020-09-07 00:00:00,Active
1507,Parle Baby Powder,Parle,Baby Care,Baby Powder,428,868.65,998.14,5,90,46,422,5.53,ml,2025-08-14 00:00:00,Active
1508,Pedigree Cookies,Pedigree,Snacks,Cookies,221,238.8,359.16,18,365,26,258,8.97,kg,2023-04-29 00:00:00,Active
1509,Sunfeast Frying Pan,Sunfeast,Kitchen,Frying Pan,30,1070.51,1306.57,12,90,119,170,2.67,L,2024-07-09 00:00:00,Active
1510,Parle Frying Pan,Parle,Kitchen,Frying Pan,381,861.56,1178.97,0,90,96,487,4.55,L,2021-06-30 00:00:00,Active
1511,Aashirvaad Floor Cleaner,Aashirvaad,Household,Floor Cleaner,243,749.52,858.08,18,180,110,223,3.51,g,2025-05-30 00:00:00,Active
1512,Amul Cheese,Amul,Dairy,Cheese,133,445.61,648.78,5,60,81,157,8.62,g,2020-10-09 00:00:00,Active
1513,Britannia Soft Drink,Britannia,Beverages,Soft Drink,330,1275.51,1524.8,5,180,33,104,7.64,ml,2025-05-26 00:00:00,Active
1514,Pedigree Cat Food,Pedigree,Pet Care,Cat Food,217,230.44,306.83,5,30,119,200,1.66,pcs,2022-10-30 00:00:00,Active
1515,Nivea Toothpaste,Nivea,Personal Care,Toothpaste,17,736.4,1000.02,12,60,33,477,4.31,pcs,2022-05-19 00:00:00,Active
1516,Amul Biscuits,Amul,Snacks,Biscuits,493,1618.8,2332.95,0,30,54,144,6.82,L,2025-04-22 00:00:00,Active
1517,Colgate Milk,Colgate,Dairy,Milk,231,990.27,1478.86,18,30,47,462,9.98,ml,2021-04-20 00:00:00,Active
1518,Aashirvaad Dog Food,Aashirvaad,Pet Care,Dog Food,150,1238.17,1887.94,5,60,43,261,8.37,g,2020-12-11 00:00:00,Active
1519,Mamaearth Face Wash,Mamaearth,Personal Care,Face Wash,414,414.62,484.54,18,60,92,192,7.85,ml,2020-08-04 00:00:00,Discontinued
1520,Nivea Pressure Cooker,Nivea,Kitchen,Pressure Cooker,380,411.79,560.86,18,90,53,81,1.65,L,2020-11-24 00:00:00,Active
1521,Nestle Bottle,Nestle,Kitchen,Bottle,310,1262.5,1532.88,5,60,79,408,1.66,ml,2024-01-02 00:00:00,Active
1522,Mamaearth Curd,Mamaearth,Dairy,Curd,179,225.4,290.02,0,90,118,338,8.19,kg,2021-07-18 00:00:00,Active
1523,Dettol Diapers,Dettol,Baby Care,Diapers,88,720.31,909.31,18,60,90,379,3.11,g,2026-03-12 00:00:00,Active
1524,Mamaearth Hair Oil,Mamaearth,Personal Care,Hair Oil,1,681.94,896.5,18,90,20,264,7.51,L,2022-10-11 00:00:00,Active
1525,Britannia Sugar,Britannia,Grocery,Sugar,473,988.97,1390.49,0,365,41,354,0.56,g,2025-05-23 00:00:00,Active
1526,HUL Dishwash Liquid,HUL,Household,Dishwash Liquid,278,1121.16,1390.44,0,365,48,138,9,L,2026-04-28 00:00:00,Active
1527,Dabur Soft Drink,Dabur,Beverages,Soft Drink,184,26.71,31.84,0,30,39,464,3.8,L,2026-05-19 00:00:00,Active
1528,Pedigree Atta,Pedigree,Grocery,Atta,173,1594.25,1940.66,12,90,111,399,8.98,g,2023-07-09 00:00:00,Active
1529,Nivea Frying Pan,Nivea,Kitchen,Frying Pan,320,523.43,762.56,5,60,44,498,1.71,g,2022-11-12 00:00:00,Active
1530,Colgate Chocolate,Colgate,Snacks,Chocolate,14,251.09,368.87,12,365,115,429,5.43,g,2026-05-15 00:00:00,Active
1531,ITC Toothpaste,ITC,Personal Care,Toothpaste,228,303.62,415.75,12,365,70,210,9.09,pcs,2025-04-14 00:00:00,Active
1532,Nestle Chips,Nestle,Snacks,Chips,206,269.62,414.08,5,30,81,285,3.16,L,2022-02-20 00:00:00,Active
1533,Sunfeast Milk,Sunfeast,Dairy,Milk,138,340.32,494.55,0,365,46,279,3.48,kg,2026-04-11 00:00:00,Active
1534,Dettol Namkeen,Dettol,Snacks,Namkeen,247,150.68,183.6,12,60,112,255,1.37,ml,2025-02-03 00:00:00,Active
1535,Aashirvaad Face Wash,Aashirvaad,Personal Care,Face Wash,323,284.79,423.43,18,90,69,102,8.98,g,2024-06-22 00:00:00,Active
1536,Dettol Baby Lotion,Dettol,Baby Care,Baby Lotion,3,1458.44,1776.79,5,365,54,211,8.76,L,2021-08-12 00:00:00,Active
1537,ITC Chips,ITC,Snacks,Chips,170,646.59,788.2,12,30,60,98,2.78,g,2025-09-10 00:00:00,Active
1538,HUL Paneer,HUL,Dairy,Paneer,436,1204.15,1374.21,18,180,95,286,6.41,L,2025-12-30 00:00:00,Active
1539,Godrej Cookies,Godrej,Snacks,Cookies,48,1550.05,1838.25,5,90,100,458,6.79,pcs,2025-04-29 00:00:00,Active
1540,Fortune Chips,Fortune,Snacks,Chips,22,1392.41,1848.75,18,180,101,245,8.31,g,2024-01-04 00:00:00,Active
1541,Mamaearth Soft Drink,Mamaearth,Beverages,Soft Drink,182,1067.38,1451.66,0,90,99,79,1.74,ml,2022-01-26 00:00:00,Active
1542,Godrej Face Wash,Godrej,Personal Care,Face Wash,326,117.33,157.63,12,365,87,148,8.31,pcs,2022-06-14 00:00:00,Active
1543,Lizol Tissue Paper,Lizol,Household,Tissue Paper,10,255.93,373.42,12,180,81,114,6.62,g,2024-10-19 00:00:00,Active
1544,Tata Mineral Water,Tata,Beverages,Mineral Water,87,158.07,216.84,5,60,43,495,3.57,kg,2024-04-21 00:00:00,Active
1545,Dabur Tissue Paper,Dabur,Household,Tissue Paper,229,1366.13,2110.96,5,365,72,146,5.93,L,2025-06-10 00:00:00,Active
1546,Dabur Atta,Dabur,Grocery,Atta,141,1430.36,1753.11,0,90,92,343,1.83,kg,2026-01-16 00:00:00,Active
1547,Dabur Diapers,Dabur,Baby Care,Diapers,69,1499.18,1964.91,18,180,20,184,9.19,L,2025-06-06 00:00:00,Active
1548,Tata Coffee,Tata,Grocery,Coffee,245,783.1,939.41,12,30,22,417,2.39,kg,2025-01-07 00:00:00,Active
1549,HUL Cheese,HUL,Dairy,Cheese,276,453.41,656.58,5,60,40,202,8.38,kg,2023-12-09 00:00:00,Active
1550,Amul Energy Drink,Amul,Beverages,Energy Drink,11,1255.27,1632.54,5,180,82,387,0.47,ml,2023-05-08 00:00:00,Active
1551,Britannia Butter,Britannia,Dairy,Butter,67,861.09,1125.83,18,90,47,412,5.3,L,2021-07-06 00:00:00,Active
1552,Dettol Floor Cleaner,Dettol,Household,Floor Cleaner,47,324.63,401.47,18,180,104,125,8.59,kg,2026-03-16 00:00:00,Active
1553,Nestle Energy Drink,Nestle,Beverages,Energy Drink,317,37.19,56.63,12,90,111,97,9.65,L,2025-03-08 00:00:00,Active
1554,Sunfeast Juice,Sunfeast,Beverages,Juice,148,637.9,961.3,0,60,78,141,4.69,ml,2026-02-20 00:00:00,Active
1555,Britannia Cat Food,Britannia,Pet Care,Cat Food,405,768.25,1089.22,12,365,57,142,6.27,kg,2021-11-15 00:00:00,Active
1556,Lizol Baby Lotion,Lizol,Baby Care,Baby Lotion,262,600.11,759.91,18,30,31,477,8.48,pcs,2023-10-08 00:00:00,Active
1557,Fortune Soft Drink,Fortune,Beverages,Soft Drink,87,1259.74,1433.21,12,365,48,277,3.15,L,2022-12-19 00:00:00,Active
1558,HUL Dog Food,HUL,Pet Care,Dog Food,172,494.57,645.02,5,365,69,343,2.63,pcs,2020-12-07 00:00:00,Active
1559,Tata Sugar,Tata,Grocery,Sugar,190,1575.35,2287.83,5,180,117,120,4.24,pcs,2022-05-06 00:00:00,Active
1560,Patanjali Dog Food,Patanjali,Pet Care,Dog Food,137,935.56,1343.09,0,30,20,354,3.46,pcs,2026-02-16 00:00:00,Active
1561,Godrej Tissue Paper,Godrej,Household,Tissue Paper,143,326.27,420.25,5,90,119,352,6.07,kg,2023-10-02 00:00:00,Active
1562,Nivea Energy Drink,Nivea,Beverages,Energy Drink,26,153.61,216.43,12,180,102,375,4.16,kg,2021-08-30 00:00:00,Active
1563,Surf Excel Pet Shampoo,Surf Excel,Pet Care,Pet Shampoo,27,482.53,584.48,18,180,30,327,7.55,L,2021-01-19 00:00:00,Active
1564,Dettol Face Wash,Dettol,Personal Care,Face Wash,387,249.5,373.51,5,180,90,464,9.02,kg,2021-05-06 00:00:00,Active
1565,Surf Excel Soap,Surf Excel,Personal Care,Soap,312,680.39,913.45,0,30,39,281,4.81,g,2024-10-16 00:00:00,Active
1566,Surf Excel Milk,Surf Excel,Dairy,Milk,233,564.9,642.65,18,30,57,170,3.7,ml,2023-04-16 00:00:00,Active
1567,HUL Salt,HUL,Grocery,Salt,304,807.91,1222.68,5,60,23,252,4.88,ml,2023-05-05 00:00:00,Active
1568,Lizol Chana Dal,Lizol,Grocery,Chana Dal,62,1266,1901.15,5,60,114,143,4.26,ml,2022-05-31 00:00:00,Active
1569,Pedigree Soap,Pedigree,Personal Care,Soap,261,43.82,58.72,18,90,47,307,7.62,pcs,2024-02-28 00:00:00,Active
1570,Lizol Chana Dal,Lizol,Grocery,Chana Dal,105,1356.3,1853.03,12,60,109,313,6.97,pcs,2020-10-20 00:00:00,Active
1571,Aashirvaad Baby Lotion,Aashirvaad,Baby Care,Baby Lotion,435,1440.89,2008.89,0,90,93,120,1.48,kg,2020-12-18 00:00:00,Active
1572,Nivea Toor Dal,Nivea,Grocery,Toor Dal,40,769.32,1093.26,18,180,23,258,3.97,g,2025-07-06 00:00:00,Active
1573,Dabur Butter,Dabur,Dairy,Butter,459,1046.52,1605.08,0,180,44,464,5.84,g,2022-09-13 00:00:00,Active
1574,ITC Frying Pan,ITC,Kitchen,Frying Pan,275,1216.13,1658.39,5,180,35,337,1.62,L,2024-05-20 00:00:00,Active
1575,Dettol Soft Drink,Dettol,Beverages,Soft Drink,473,176.43,253.55,0,365,74,471,8.32,pcs,2023-11-20 00:00:00,Active
1576,Dabur Baby Soap,Dabur,Baby Care,Baby Soap,303,68.92,98.47,5,30,106,444,2.45,L,2021-09-19 00:00:00,Active
1577,Fortune Atta,Fortune,Grocery,Atta,215,655.44,893.5,18,30,68,356,1.88,pcs,2023-08-27 00:00:00,Active
1578,Patanjali Lunch Box,Patanjali,Kitchen,Lunch Box,311,18.56,22.85,5,90,49,337,9.13,L,2024-01-11 00:00:00,Active
1579,Parle Juice,Parle,Beverages,Juice,421,1412.32,2003.1,0,180,112,325,1.21,ml,2023-03-04 00:00:00,Active
1580,Sunfeast Chana Dal,Sunfeast,Grocery,Chana Dal,114,1717.62,2123.95,0,90,102,320,5.84,kg,2020-08-29 00:00:00,Active
1581,Parle Hair Oil,Parle,Personal Care,Hair Oil,48,1623.74,2275.25,12,30,45,279,7.77,kg,2026-03-04 00:00:00,Active
1582,Fortune Namkeen,Fortune,Snacks,Namkeen,105,90.92,136.23,0,365,100,326,0.41,kg,2022-10-14 00:00:00,Active
1583,Surf Excel Baby Powder,Surf Excel,Baby Care,Baby Powder,282,310.6,474.2,5,90,58,481,5.31,kg,2022-02-06 00:00:00,Active
1584,Parle Cooking Oil,Parle,Grocery,Cooking Oil,495,936.67,1314.81,12,365,43,378,6.5,L,2021-07-26 00:00:00,Active
1585,Colgate Baby Lotion,Colgate,Baby Care,Baby Lotion,369,1687.65,2387.57,18,30,41,459,4.78,ml,2021-12-22 00:00:00,Active
1586,Surf Excel Pressure Cooker,Surf Excel,Kitchen,Pressure Cooker,320,253.24,285.45,0,180,27,375,7.6,g,2020-09-04 00:00:00,Discontinued
1587,Godrej Baby Powder,Godrej,Baby Care,Baby Powder,412,515.89,626.23,18,60,102,179,3.41,pcs,2025-07-09 00:00:00,Active
1588,ITC Dog Food,ITC,Pet Care,Dog Food,152,333.88,479.58,5,90,40,386,8.78,g,2020-09-29 00:00:00,Active
1589,ITC Coffee,ITC,Grocery,Coffee,115,1690.74,2007.2,18,90,51,54,1.91,L,2022-07-19 00:00:00,Active
1590,HUL Baby Lotion,HUL,Baby Care,Baby Lotion,230,1103.93,1544.49,0,60,116,200,2.5,L,2025-12-06 00:00:00,Active
1591,Tata Soap,Tata,Personal Care,Soap,218,648.42,920.96,12,365,116,90,7.03,ml,2023-11-04 00:00:00,Active
1592,HUL Soap,HUL,Personal Care,Soap,140,1574.56,2323.48,5,30,65,497,7.2,ml,2023-05-17 00:00:00,Discontinued
1593,Godrej Mineral Water,Godrej,Beverages,Mineral Water,78,1691.24,2185.13,5,60,49,269,0.48,ml,2020-11-17 00:00:00,Active
1594,Fortune Lunch Box,Fortune,Kitchen,Lunch Box,298,1059.77,1245.89,12,365,82,487,8.89,g,2023-02-09 00:00:00,Active
1595,Dabur Toor Dal,Dabur,Grocery,Toor Dal,85,1094.63,1408.12,18,365,99,115,0.21,ml,2021-03-25 00:00:00,Active
1596,Mamaearth Pet Shampoo,Mamaearth,Pet Care,Pet Shampoo,177,743.6,893.31,18,365,95,357,6.61,g,2026-05-25 00:00:00,Active
1597,Patanjali Knife,Patanjali,Kitchen,Knife,245,587.3,797.39,18,365,85,287,7.13,ml,2026-05-16 00:00:00,Active
1598,Amul Tissue Paper,Amul,Household,Tissue Paper,269,552.48,677.47,5,30,86,493,8.09,pcs,2021-02-11 00:00:00,Active
1599,Patanjali Paneer,Patanjali,Dairy,Paneer,500,1091.57,1572.73,0,60,36,256,0.2,kg,2023-08-26 00:00:00,Active
1600,Britannia Toothpaste,Britannia,Personal Care,Toothpaste,239,1179.48,1654.85,18,60,98,420,7.5,kg,2021-12-06 00:00:00,Active
1601,Britannia Shampoo,Britannia,Personal Care,Shampoo,289,1569.23,2250.85,0,60,58,110,0.27,pcs,2021-06-17 00:00:00,Active
1602,Parle Cat Food,Parle,Pet Care,Cat Food,241,1623.52,2407.28,5,30,95,363,5.45,L,2025-04-28 00:00:00,Active
1603,Dabur Baby Soap,Dabur,Baby Care,Baby Soap,358,1339.97,1885.16,5,90,21,218,6.25,g,2020-11-22 00:00:00,Active
1604,Aashirvaad Biscuits,Aashirvaad,Snacks,Biscuits,478,1499.5,1699.42,18,180,74,361,9.43,kg,2023-02-15 00:00:00,Active
1605,Pedigree Hair Oil,Pedigree,Personal Care,Hair Oil,292,730.21,1105.25,0,90,71,323,1.4,kg,2024-01-31 00:00:00,Active
1606,Amul Floor Cleaner,Amul,Household,Floor Cleaner,52,815.7,1056.86,18,365,62,295,1.61,L,2024-12-04 00:00:00,Active
1607,HUL Toor Dal,HUL,Grocery,Toor Dal,132,1434.79,1796.59,0,60,60,165,9.65,g,2022-05-03 00:00:00,Active
1608,Nestle Tissue Paper,Nestle,Household,Tissue Paper,254,37.73,50.31,5,60,29,304,9.91,L,2023-07-07 00:00:00,Active
1609,Mamaearth Baby Lotion,Mamaearth,Baby Care,Baby Lotion,24,1374.8,1645.79,5,90,99,431,8.37,pcs,2026-03-10 00:00:00,Active
1610,Patanjali Energy Drink,Patanjali,Beverages,Energy Drink,153,389.79,443.32,5,90,59,190,8.48,L,2025-08-28 00:00:00,Active
1611,Lizol Toor Dal,Lizol,Grocery,Toor Dal,491,784.78,1028.76,18,60,119,165,3.22,kg,2022-02-22 00:00:00,Active
1612,Lizol Suji,Lizol,Grocery,Suji,388,753.17,868.23,0,180,100,67,9.78,pcs,2021-10-10 00:00:00,Active
1613,Lizol Detergent,Lizol,Household,Detergent,86,1255.71,1925.3,12,30,54,230,3.9,L,2021-10-06 00:00:00,Active
1614,Tata Cheese,Tata,Dairy,Cheese,279,923.36,1170.87,0,30,61,477,4.57,L,2024-09-21 00:00:00,Active
1615,HUL Baby Soap,HUL,Baby Care,Baby Soap,204,1090.07,1275.71,0,180,80,51,0.6,kg,2021-01-15 00:00:00,Active
1616,Fortune Suji,Fortune,Grocery,Suji,277,584.3,732.74,12,30,117,177,6.08,pcs,2022-11-03 00:00:00,Active
1617,Amul Cheese,Amul,Dairy,Cheese,202,1230.54,1689.63,5,30,50,313,3.78,pcs,2022-07-21 00:00:00,Active
1618,Dettol Soap,Dettol,Personal Care,Soap,201,968.51,1089.92,12,60,97,407,3.45,ml,2022-07-11 00:00:00,Active
1619,Patanjali Baby Powder,Patanjali,Baby Care,Baby Powder,214,1304.44,1653.11,5,60,27,147,6.09,ml,2022-08-28 00:00:00,Active
1620,Surf Excel Tea,Surf Excel,Grocery,Tea,431,1621.5,2347.44,18,180,25,308,7.23,pcs,2025-05-11 00:00:00,Active
1621,Dabur Coffee,Dabur,Grocery,Coffee,61,88.23,124.6,0,365,112,471,6.96,L,2021-08-05 00:00:00,Active
1622,Patanjali Milk,Patanjali,Dairy,Milk,416,1230.14,1859.36,18,180,32,99,3.42,L,2023-10-22 00:00:00,Active
1623,Aashirvaad Pressure Cooker,Aashirvaad,Kitchen,Pressure Cooker,96,305.97,395.23,0,30,96,385,4.09,L,2025-06-10 00:00:00,Discontinued
1624,Amul Biscuits,Amul,Snacks,Biscuits,241,574.67,792.05,0,180,81,189,3.7,L,2020-09-04 00:00:00,Active
1625,Parle Tea,Parle,Grocery,Tea,41,1654.58,2490.18,18,30,57,249,7.48,pcs,2020-12-22 00:00:00,Active
1626,Colgate Mineral Water,Colgate,Beverages,Mineral Water,199,1579.37,2098.9,18,60,72,142,2.56,pcs,2021-01-14 00:00:00,Active
1627,HUL Moong Dal,HUL,Grocery,Moong Dal,197,1757.56,2072.66,0,365,58,58,1.38,ml,2024-03-02 00:00:00,Active
1628,Patanjali Dog Food,Patanjali,Pet Care,Dog Food,25,1633.73,2192.93,12,30,70,171,0.51,ml,2026-06-24 00:00:00,Active
1629,Britannia Moong Dal,Britannia,Grocery,Moong Dal,329,245.74,331.33,0,180,54,478,0.18,pcs,2025-11-27 00:00:00,Active
1630,Mamaearth Salt,Mamaearth,Grocery,Salt,85,93.19,109.11,0,60,101,64,1.52,g,2023-01-14 00:00:00,Active
1631,Dabur Toothpaste,Dabur,Personal Care,Toothpaste,236,1244.08,1803.89,12,365,79,406,6.01,g,2020-08-27 00:00:00,Active
1632,Britannia Namkeen,Britannia,Snacks,Namkeen,221,103.43,147.71,0,60,79,228,9.18,ml,2021-11-22 00:00:00,Active
1633,Godrej Dishwash Liquid,Godrej,Household,Dishwash Liquid,71,1766.95,2427.67,0,90,56,432,5.61,pcs,2022-10-10 00:00:00,Active
1634,HUL Toothpaste,HUL,Personal Care,Toothpaste,9,932.12,1093.82,0,365,96,249,3.54,L,2022-08-17 00:00:00,Active
1635,Aashirvaad Toothpaste,Aashirvaad,Personal Care,Toothpaste,444,725.67,939.48,5,365,107,239,1.58,ml,2026-04-09 00:00:00,Active
1636,Colgate Moong Dal,Colgate,Grocery,Moong Dal,416,693.1,846.23,18,30,73,480,1.48,pcs,2022-11-27 00:00:00,Active
1637,Fortune Dog Food,Fortune,Pet Care,Dog Food,388,816.3,1139.02,18,180,22,117,2.05,kg,2021-02-02 00:00:00,Active
1638,ITC Detergent,ITC,Household,Detergent,3,683.41,823.91,0,180,49,397,7.29,kg,2023-01-31 00:00:00,Active
1639,Colgate Paneer,Colgate,Dairy,Paneer,293,111.33,149.9,0,90,36,141,2.63,kg,2025-12-14 00:00:00,Active
1640,Dettol Dishwash Liquid,Dettol,Household,Dishwash Liquid,193,1027.39,1175.69,12,90,47,99,6.83,L,2023-12-19 00:00:00,Active
1641,Britannia Pet Shampoo,Britannia,Pet Care,Pet Shampoo,294,584.98,770.95,0,365,101,344,5.36,ml,2021-10-18 00:00:00,Active
1642,Mamaearth Face Wash,Mamaearth,Personal Care,Face Wash,454,398.43,502.8,0,365,50,149,8.82,pcs,2024-08-11 00:00:00,Active
1643,Sunfeast Lunch Box,Sunfeast,Kitchen,Lunch Box,352,991.29,1113.19,18,30,118,145,9.71,ml,2024-05-12 00:00:00,Active
1644,Godrej Cheese,Godrej,Dairy,Cheese,329,451.18,506.48,0,365,43,133,0.35,L,2025-08-31 00:00:00,Active
1645,Patanjali Soft Drink,Patanjali,Beverages,Soft Drink,362,1532.8,1811.42,18,60,120,399,1.42,pcs,2026-04-01 00:00:00,Discontinued
1646,Godrej Baby Soap,Godrej,Baby Care,Baby Soap,472,86.25,128.81,5,90,50,440,1.72,ml,2023-08-22 00:00:00,Active
1647,Pedigree Cat Food,Pedigree,Pet Care,Cat Food,133,1549.15,2169.86,5,180,80,171,6.26,g,2023-01-20 00:00:00,Active
1648,Parle Bottle,Parle,Kitchen,Bottle,94,98.42,120.32,0,365,32,178,6.92,kg,2020-11-19 00:00:00,Active
1649,Dabur Soft Drink,Dabur,Beverages,Soft Drink,109,936.53,1167.04,12,180,104,86,6.09,pcs,2025-04-04 00:00:00,Active
1650,Lizol Poha,Lizol,Grocery,Poha,44,606.55,763.08,12,90,108,225,1.36,ml,2021-11-07 00:00:00,Active
1651,Colgate Cat Food,Colgate,Pet Care,Cat Food,36,1029.58,1422.9,5,365,48,113,0.39,ml,2024-08-29 00:00:00,Active
1652,Parle Soft Drink,Parle,Beverages,Soft Drink,321,343.98,497.43,5,60,83,280,4.73,g,2026-02-15 00:00:00,Active
1653,Surf Excel Butter,Surf Excel,Dairy,Butter,204,1264.22,1434.28,18,90,113,294,0.38,ml,2021-05-16 00:00:00,Active
1654,Britannia Bottle,Britannia,Kitchen,Bottle,172,439.9,643.55,12,60,99,307,7.98,g,2024-05-04 00:00:00,Active
1655,Lizol Milk,Lizol,Dairy,Milk,28,1427.09,1780.91,5,180,54,59,6.79,ml,2024-08-15 00:00:00,Active
1656,Dabur Garbage Bags,Dabur,Household,Garbage Bags,191,779.03,1013.29,0,180,40,57,8.44,g,2024-08-07 00:00:00,Active
1657,Sunfeast Mineral Water,Sunfeast,Beverages,Mineral Water,485,1591.22,2326.44,18,30,56,343,4.53,L,2023-10-30 00:00:00,Active
1658,Surf Excel Juice,Surf Excel,Beverages,Juice,358,1666.68,2569.69,18,365,89,412,2.85,pcs,2024-05-14 00:00:00,Active
1659,Surf Excel Hair Oil,Surf Excel,Personal Care,Hair Oil,318,777.64,1068,12,90,21,493,2.89,g,2024-07-07 00:00:00,Active
1660,Fortune Diapers,Fortune,Baby Care,Diapers,114,401.41,472.33,12,180,32,116,1.1,pcs,2023-06-27 00:00:00,Active
1661,Nestle Pressure Cooker,Nestle,Kitchen,Pressure Cooker,478,603.24,750.42,12,60,52,58,0.14,kg,2023-12-08 00:00:00,Active
1662,Dabur Cat Food,Dabur,Pet Care,Cat Food,303,260.39,313.26,12,180,58,138,8.28,g,2020-12-11 00:00:00,Active
1663,Surf Excel Pet Shampoo,Surf Excel,Pet Care,Pet Shampoo,263,1257.51,1443.13,5,60,46,280,5.31,pcs,2024-10-10 00:00:00,Active
1664,Nivea Moong Dal,Nivea,Grocery,Moong Dal,199,1750.97,2179.53,0,180,109,89,9.88,g,2023-09-18 00:00:00,Active
1665,Tata Hair Oil,Tata,Personal Care,Hair Oil,295,730.45,964.95,12,180,23,435,6.83,pcs,2024-02-11 00:00:00,Active
1666,Godrej Pet Shampoo,Godrej,Pet Care,Pet Shampoo,99,1027.75,1503.2,5,30,99,489,9.19,g,2024-09-03 00:00:00,Active
1667,Nivea Milk,Nivea,Dairy,Milk,214,120.95,181.23,0,180,71,117,0.17,ml,2026-06-15 00:00:00,Active
1668,Surf Excel Tissue Paper,Surf Excel,Household,Tissue Paper,256,740.34,917.61,18,90,61,434,7.61,ml,2023-07-06 00:00:00,Active
1669,Lizol Cookies,Lizol,Snacks,Cookies,27,784.25,880.29,18,365,77,222,5.26,ml,2022-03-30 00:00:00,Active
1670,Britannia Cookies,Britannia,Snacks,Cookies,181,652.98,847.78,12,90,33,128,1.83,L,2025-07-03 00:00:00,Active
1671,Surf Excel Soap,Surf Excel,Personal Care,Soap,152,1065.88,1410.26,0,60,45,153,5.34,pcs,2022-04-23 00:00:00,Discontinued
1672,HUL Tea,HUL,Grocery,Tea,445,1508.15,2221.28,0,30,77,60,9.59,ml,2023-10-01 00:00:00,Active
1673,Parle Toothpaste,Parle,Personal Care,Toothpaste,211,1650.61,2212.57,0,60,25,458,6.97,kg,2021-12-31 00:00:00,Active
1674,Amul Knife,Amul,Kitchen,Knife,143,1769.87,2573.48,0,60,54,392,5.83,pcs,2022-08-01 00:00:00,Active
1675,Lizol Cheese,Lizol,Dairy,Cheese,471,1079.53,1612,18,60,54,222,9.9,pcs,2022-04-14 00:00:00,Active
1676,Sunfeast Mineral Water,Sunfeast,Beverages,Mineral Water,153,1102.77,1484.82,12,30,79,154,3.6,ml,2020-10-14 00:00:00,Active
1677,Surf Excel Cat Food,Surf Excel,Pet Care,Cat Food,165,1753.02,1974.06,18,60,93,178,6.8,L,2024-10-31 00:00:00,Active
1678,Parle Pressure Cooker,Parle,Kitchen,Pressure Cooker,87,1189.28,1553.01,12,90,38,383,8.73,kg,2024-07-03 00:00:00,Active
1679,Surf Excel Paneer,Surf Excel,Dairy,Paneer,171,1086.83,1573.69,12,365,22,289,1.99,L,2025-04-02 00:00:00,Active
1680,Mamaearth Juice,Mamaearth,Beverages,Juice,242,1343.22,1888.49,12,365,75,285,3.69,L,2021-09-02 00:00:00,Active
1681,ITC Paneer,ITC,Dairy,Paneer,137,931.57,1213.75,5,60,20,306,5.27,g,2024-12-22 00:00:00,Active
1682,Sunfeast Garbage Bags,Sunfeast,Household,Garbage Bags,142,1257.95,1844.87,0,365,73,131,2.52,g,2021-12-31 00:00:00,Active
1683,Tata Baby Lotion,Tata,Baby Care,Baby Lotion,319,1304.79,1672.74,12,60,78,265,8.4,L,2024-05-07 00:00:00,Active
1684,Dettol Juice,Dettol,Beverages,Juice,207,358.56,401.97,5,365,47,386,9.67,kg,2021-07-17 00:00:00,Active
1685,Dettol Pressure Cooker,Dettol,Kitchen,Pressure Cooker,399,980.48,1161.2,5,180,66,470,3.46,L,2025-08-09 00:00:00,Active
1686,Amul Frying Pan,Amul,Kitchen,Frying Pan,121,1681.41,2554.02,5,180,112,123,2.28,ml,2026-07-13 00:00:00,Active
1687,Amul Frying Pan,Amul,Kitchen,Frying Pan,117,1765.54,2648.45,18,365,27,68,7.11,ml,2022-02-28 00:00:00,Active
1688,Dettol Hair Oil,Dettol,Personal Care,Hair Oil,144,114.3,171.69,18,180,94,215,7.06,kg,2024-07-19 00:00:00,Active
1689,Lizol Cat Food,Lizol,Pet Care,Cat Food,269,575.42,694.58,0,365,89,369,6.89,ml,2021-04-26 00:00:00,Active
1690,ITC Pet Shampoo,ITC,Pet Care,Pet Shampoo,253,644.65,739.97,0,365,94,204,3.76,pcs,2020-10-23 00:00:00,Active
1691,Sunfeast Baby Powder,Sunfeast,Baby Care,Baby Powder,135,1490.79,1804.37,18,180,46,318,0.33,g,2026-04-27 00:00:00,Active
1692,ITC Cat Food,ITC,Pet Care,Cat Food,349,284.42,391.16,0,60,34,373,7.88,pcs,2026-04-14 00:00:00,Active
1693,Nivea Detergent,Nivea,Household,Detergent,80,1583.11,2145.33,18,30,85,442,1.42,kg,2024-02-03 00:00:00,Active
1694,Sunfeast Dog Food,Sunfeast,Pet Care,Dog Food,495,707.62,1023.91,0,30,26,282,5.9,g,2024-01-27 00:00:00,Active
1695,Nivea Chocolate,Nivea,Snacks,Chocolate,458,272,369.35,5,60,55,411,5.16,ml,2020-11-30 00:00:00,Active
1696,HUL Dog Food,HUL,Pet Care,Dog Food,252,1289.22,1468.45,12,180,85,364,4.2,pcs,2024-02-20 00:00:00,Active
1697,Aashirvaad Soft Drink,Aashirvaad,Beverages,Soft Drink,410,647.45,849.34,18,180,50,428,1.11,g,2022-11-01 00:00:00,Active
1698,Aashirvaad Juice,Aashirvaad,Beverages,Juice,349,602.75,838.92,12,180,106,66,3.64,kg,2020-09-11 00:00:00,Active
1699,Godrej Mineral Water,Godrej,Beverages,Mineral Water,261,485.18,608.32,5,30,29,209,0.73,ml,2024-09-15 00:00:00,Active
1700,HUL Curd,HUL,Dairy,Curd,436,1760.33,2572.04,0,60,71,324,9.91,kg,2021-07-07 00:00:00,Active
1701,Britannia Baby Lotion,Britannia,Baby Care,Baby Lotion,447,1055.26,1380.6,18,365,77,325,0.63,g,2025-05-09 00:00:00,Active
1702,Tata Toothpaste,Tata,Personal Care,Toothpaste,211,776.04,966.58,18,365,57,62,9.16,g,2024-01-18 00:00:00,Active
1703,Fortune Diapers,Fortune,Baby Care,Diapers,112,1468.71,1686.89,5,365,60,295,2.26,ml,2025-05-10 00:00:00,Active
1704,Tata Juice,Tata,Beverages,Juice,232,1054.39,1406.8,5,365,110,392,1.56,ml,2024-06-03 00:00:00,Active
1705,Nivea Lunch Box,Nivea,Kitchen,Lunch Box,20,1396.63,1689.37,5,365,31,219,5.64,L,2025-06-24 00:00:00,Active
1706,Dabur Soft Drink,Dabur,Beverages,Soft Drink,378,550.65,705.74,12,30,90,227,6.31,L,2025-07-22 00:00:00,Active
1707,Amul Diapers,Amul,Baby Care,Diapers,154,1704.92,2576.93,12,180,80,413,2.62,g,2024-06-14 00:00:00,Active
1708,Tata Garbage Bags,Tata,Household,Garbage Bags,472,987.41,1382.01,18,90,114,362,1.24,kg,2025-03-09 00:00:00,Active
1709,Dabur Detergent,Dabur,Household,Detergent,341,1617.14,1864.69,0,180,92,332,0.81,L,2022-05-27 00:00:00,Active
1710,Fortune Curd,Fortune,Dairy,Curd,198,1510.43,2125.31,0,365,52,468,5.67,ml,2025-04-22 00:00:00,Active
1711,Parle Soap,Parle,Personal Care,Soap,65,1070.81,1530.35,18,90,105,376,9.97,g,2024-11-22 00:00:00,Active
1712,Colgate Sugar,Colgate,Grocery,Sugar,497,1731.71,2411.92,0,365,112,380,5.89,g,2022-04-07 00:00:00,Active
1713,Sunfeast Energy Drink,Sunfeast,Beverages,Energy Drink,383,822.57,964.82,18,180,72,272,9.53,kg,2022-12-02 00:00:00,Active
1714,HUL Tissue Paper,HUL,Household,Tissue Paper,472,511.02,750.62,0,60,36,118,6.83,g,2022-07-22 00:00:00,Active
1715,ITC Pressure Cooker,ITC,Kitchen,Pressure Cooker,225,1620.87,1960.87,18,365,48,265,4.93,pcs,2026-06-07 00:00:00,Active
1716,Dettol Butter,Dettol,Dairy,Butter,326,1111.47,1401.32,12,90,71,111,2.82,kg,2021-01-23 00:00:00,Active
1717,Tata Soft Drink,Tata,Beverages,Soft Drink,203,126.86,158.67,12,180,59,121,8.7,ml,2023-04-15 00:00:00,Active
1718,Sunfeast Cheese,Sunfeast,Dairy,Cheese,195,454.7,656.22,5,30,92,349,7.84,L,2023-03-14 00:00:00,Active
1719,Tata Baby Soap,Tata,Baby Care,Baby Soap,94,1055.03,1253.29,18,180,68,485,8.82,kg,2023-02-02 00:00:00,Active
1720,Patanjali Rice,Patanjali,Grocery,Rice,471,1670.22,2566.39,12,30,42,430,8.04,L,2022-02-05 00:00:00,Active
1721,Fortune Mineral Water,Fortune,Beverages,Mineral Water,282,1666.77,2050.13,18,180,38,142,5.38,pcs,2020-08-30 00:00:00,Active
1722,Lizol Toor Dal,Lizol,Grocery,Toor Dal,34,1362.73,2086.86,12,90,55,243,7.34,kg,2024-04-25 00:00:00,Active
1723,Mamaearth Cat Food,Mamaearth,Pet Care,Cat Food,48,1495.58,1770.75,0,90,109,450,5.92,pcs,2025-04-16 00:00:00,Active
1724,ITC Floor Cleaner,ITC,Household,Floor Cleaner,149,254.21,359.94,0,365,61,196,2.51,ml,2024-03-11 00:00:00,Active
1725,Surf Excel Baby Lotion,Surf Excel,Baby Care,Baby Lotion,412,361.86,513.95,12,365,26,80,1.09,pcs,2026-06-30 00:00:00,Active
1726,Fortune Juice,Fortune,Beverages,Juice,48,382.94,442.78,0,90,49,271,4.87,ml,2025-04-23 00:00:00,Active
1727,Lizol Milk,Lizol,Dairy,Milk,234,1440.2,1661.09,0,30,98,393,4.11,pcs,2021-02-04 00:00:00,Active
1728,Aashirvaad Shampoo,Aashirvaad,Personal Care,Shampoo,209,1373.36,2033.6,0,60,74,470,5.82,g,2021-08-21 00:00:00,Active
1729,Godrej Paneer,Godrej,Dairy,Paneer,7,334.88,482.06,18,30,26,144,2.03,g,2025-02-17 00:00:00,Active
1730,Aashirvaad Baby Soap,Aashirvaad,Baby Care,Baby Soap,168,1639.27,1849.28,5,60,56,429,1.05,L,2024-06-22 00:00:00,Active
1731,Colgate Chana Dal,Colgate,Grocery,Chana Dal,39,872.51,1015.89,12,90,114,351,5.71,kg,2024-11-10 00:00:00,Active
1732,HUL Diapers,HUL,Baby Care,Diapers,73,382.36,549.94,5,60,37,192,0.47,L,2021-08-29 00:00:00,Active
1733,Dabur Biscuits,Dabur,Snacks,Biscuits,336,99.24,127.27,0,30,104,428,6.18,kg,2024-04-19 00:00:00,Active
1734,Godrej Curd,Godrej,Dairy,Curd,295,968.52,1171.81,0,60,49,378,1.83,g,2026-04-12 00:00:00,Active
1735,Dabur Curd,Dabur,Dairy,Curd,172,449.21,618.57,18,90,62,114,2.24,g,2024-04-28 00:00:00,Active
1736,Pedigree Toothpaste,Pedigree,Personal Care,Toothpaste,89,805.25,1176.48,12,365,85,270,4.35,L,2026-01-24 00:00:00,Active
1737,Mamaearth Suji,Mamaearth,Grocery,Suji,385,1712.1,2099.77,18,180,100,493,8.23,L,2024-06-07 00:00:00,Active
1738,Dabur Bottle,Dabur,Kitchen,Bottle,183,1124.97,1661.65,18,30,62,402,1.86,ml,2021-10-18 00:00:00,Discontinued
1739,Aashirvaad Baby Soap,Aashirvaad,Baby Care,Baby Soap,250,1019.46,1170.87,18,60,67,453,2.54,pcs,2021-09-30 00:00:00,Active
1740,Fortune Diapers,Fortune,Baby Care,Diapers,190,202.83,268.4,5,60,71,484,5.86,L,2026-05-09 00:00:00,Active
1741,Sunfeast Cat Food,Sunfeast,Pet Care,Cat Food,120,790.23,993.04,12,60,91,347,7.02,ml,2023-07-06 00:00:00,Active
1742,HUL Bottle,HUL,Kitchen,Bottle,467,290.06,350.13,18,180,95,127,3.05,L,2023-08-06 00:00:00,Active
1743,Colgate Namkeen,Colgate,Snacks,Namkeen,281,1712.36,2466.36,5,90,54,158,9.41,L,2020-10-16 00:00:00,Active
1744,Colgate Garbage Bags,Colgate,Household,Garbage Bags,212,454.74,622.28,0,180,113,325,1.56,pcs,2023-03-20 00:00:00,Active
1745,Colgate Juice,Colgate,Beverages,Juice,345,186.68,278.15,0,30,70,450,5.2,g,2024-08-01 00:00:00,Active
1746,HUL Milk,HUL,Dairy,Milk,243,56.27,82.53,5,180,27,291,6.94,kg,2026-04-22 00:00:00,Active
1747,Pedigree Hair Oil,Pedigree,Personal Care,Hair Oil,284,771.15,1023.51,0,365,37,247,7.35,pcs,2024-02-29 00:00:00,Active
1748,Fortune Chips,Fortune,Snacks,Chips,394,725.84,874.26,12,180,70,144,3.3,L,2021-08-12 00:00:00,Active
1749,Fortune Namkeen,Fortune,Snacks,Namkeen,470,629.88,815.28,5,365,33,285,1.47,pcs,2026-04-19 00:00:00,Active
1750,Patanjali Soap,Patanjali,Personal Care,Soap,259,720.81,984.8,0,30,43,378,4.19,ml,2023-06-28 00:00:00,Active
1751,Pedigree Dog Food,Pedigree,Pet Care,Dog Food,14,746.85,1154.27,18,365,48,161,3.35,pcs,2023-04-02 00:00:00,Active
1752,Nestle Butter,Nestle,Dairy,Butter,293,318.11,463.7,0,30,71,447,7.21,pcs,2023-05-12 00:00:00,Active
1753,Patanjali Atta,Patanjali,Grocery,Atta,140,419.16,518.52,5,180,105,264,8.35,g,2024-05-17 00:00:00,Active
1754,Nestle Hair Oil,Nestle,Personal Care,Hair Oil,280,517.38,763.12,12,30,113,81,9.55,ml,2024-12-27 00:00:00,Active
1755,ITC Juice,ITC,Beverages,Juice,47,1789.25,2703.1,0,180,21,194,5.83,pcs,2022-02-16 00:00:00,Active
1756,Britannia Milk,Britannia,Dairy,Milk,473,1529.43,2144.49,5,30,39,321,5.66,ml,2024-05-10 00:00:00,Active
1757,Nivea Butter,Nivea,Dairy,Butter,38,1798.66,2593.01,0,60,57,123,1.31,g,2022-01-13 00:00:00,Active
1758,Nivea Dishwash Liquid,Nivea,Household,Dishwash Liquid,31,481.12,571.11,5,90,45,88,4.31,ml,2020-11-06 00:00:00,Active
1759,Mamaearth Butter,Mamaearth,Dairy,Butter,196,192.95,292.5,0,30,61,453,4.86,kg,2025-03-20 00:00:00,Active
1760,Parle Curd,Parle,Dairy,Curd,350,1412.1,1640.91,12,30,37,205,9.07,kg,2025-01-15 00:00:00,Active
1761,ITC Frying Pan,ITC,Kitchen,Frying Pan,431,531.45,622.47,18,90,60,119,9.1,kg,2023-08-10 00:00:00,Active
1762,Lizol Energy Drink,Lizol,Beverages,Energy Drink,195,1530.7,1956.93,12,180,44,359,0.81,pcs,2022-07-22 00:00:00,Active
1763,Lizol Milk,Lizol,Dairy,Milk,337,553.47,850.89,18,30,120,345,9.99,g,2021-08-31 00:00:00,Active
1764,Tata Chips,Tata,Snacks,Chips,364,521.87,595.24,5,30,62,161,3.38,ml,2025-08-23 00:00:00,Active
1765,Sunfeast Baby Powder,Sunfeast,Baby Care,Baby Powder,417,133.58,181.08,12,90,41,215,1.84,ml,2021-06-29 00:00:00,Active
1766,Parle Milk,Parle,Dairy,Milk,369,1144.9,1421.61,0,180,94,327,6.01,pcs,2024-02-21 00:00:00,Active
1767,Colgate Bottle,Colgate,Kitchen,Bottle,292,711.91,883.77,5,30,23,239,1.15,L,2025-10-30 00:00:00,Active
1768,Patanjali Tissue Paper,Patanjali,Household,Tissue Paper,152,667.63,971.18,5,60,77,376,7.27,ml,2025-09-01 00:00:00,Active
1769,Tata Baby Powder,Tata,Baby Care,Baby Powder,196,738.09,834.88,0,180,22,389,0.52,L,2025-12-09 00:00:00,Active
1770,HUL Soap,HUL,Personal Care,Soap,261,24.09,35.46,18,60,53,70,7.9,pcs,2022-08-01 00:00:00,Active
1771,Amul Milk,Amul,Dairy,Milk,211,1743.62,2687.96,18,365,96,80,6.76,kg,2023-02-28 00:00:00,Active
1772,Amul Knife,Amul,Kitchen,Knife,257,857.01,1021.95,0,30,64,495,7.95,g,2022-04-25 00:00:00,Active
1773,Parle Chocolate,Parle,Snacks,Chocolate,146,338.05,459.45,0,365,55,291,3.33,g,2024-09-02 00:00:00,Active
1774,Mamaearth Garbage Bags,Mamaearth,Household,Garbage Bags,140,1077.96,1222.12,0,30,112,434,5.59,ml,2024-08-15 00:00:00,Active
1775,Tata Curd,Tata,Dairy,Curd,60,1603.48,1866.07,5,90,105,65,8.28,L,2024-03-08 00:00:00,Active
1776,Dabur Dog Food,Dabur,Pet Care,Dog Food,68,1382.57,1863.93,0,180,57,110,6.43,L,2025-12-09 00:00:00,Active
1777,Pedigree Pressure Cooker,Pedigree,Kitchen,Pressure Cooker,15,1370.12,1843.36,5,365,22,485,0.82,L,2023-09-02 00:00:00,Active
1778,HUL Toothpaste,HUL,Personal Care,Toothpaste,447,552.79,764.9,5,365,117,98,9.31,L,2021-04-03 00:00:00,Active
1779,Dettol Lunch Box,Dettol,Kitchen,Lunch Box,66,528.79,793.2,0,60,30,378,5.15,pcs,2021-07-13 00:00:00,Active
1780,Sunfeast Juice,Sunfeast,Beverages,Juice,468,411.29,521.55,0,60,79,335,5.89,kg,2024-11-01 00:00:00,Active
1781,Pedigree Curd,Pedigree,Dairy,Curd,129,1309.81,1871.79,5,180,96,344,0.24,L,2022-02-16 00:00:00,Active
1782,Tata Tissue Paper,Tata,Household,Tissue Paper,394,1072.36,1342.17,0,365,117,192,1.95,kg,2026-04-29 00:00:00,Active
1783,Fortune Baby Lotion,Fortune,Baby Care,Baby Lotion,312,656.33,778.33,18,30,68,84,7.31,ml,2024-10-22 00:00:00,Active
1784,HUL Dog Food,HUL,Pet Care,Dog Food,228,822.44,1017.81,0,30,71,212,1.52,ml,2024-12-21 00:00:00,Active
1785,Nivea Energy Drink,Nivea,Beverages,Energy Drink,283,138.37,189.94,0,60,65,162,6.39,pcs,2025-04-02 00:00:00,Active
1786,Sunfeast Pet Shampoo,Sunfeast,Pet Care,Pet Shampoo,314,1114.5,1325.27,18,90,54,204,4.65,ml,2025-10-16 00:00:00,Active
1787,Amul Cookies,Amul,Snacks,Cookies,124,963.73,1359.23,5,90,42,158,3.08,kg,2024-10-10 00:00:00,Active
1788,Dettol Soap,Dettol,Personal Care,Soap,369,1281.35,1604.71,12,90,51,497,4.04,kg,2025-08-26 00:00:00,Active
1789,Dettol Dishwash Liquid,Dettol,Household,Dishwash Liquid,476,517.99,793.24,0,180,42,477,5.04,ml,2024-07-25 00:00:00,Active
1790,Tata Shampoo,Tata,Personal Care,Shampoo,391,822.14,1005.35,5,60,104,123,6.24,L,2024-03-03 00:00:00,Active
1791,Dabur Toothpaste,Dabur,Personal Care,Toothpaste,165,1676.69,2489.51,5,365,69,165,0.56,kg,2024-03-11 00:00:00,Active
1792,Colgate Chocolate,Colgate,Snacks,Chocolate,354,715.27,1079.39,0,180,40,100,4.91,g,2025-09-05 00:00:00,Active
1793,Fortune Chips,Fortune,Snacks,Chips,475,170.32,224.74,5,30,65,400,2.48,g,2023-05-03 00:00:00,Active
1794,Lizol Baby Powder,Lizol,Baby Care,Baby Powder,203,1547.31,2288.03,5,60,65,434,0.43,g,2021-04-05 00:00:00,Active
1795,Surf Excel Soft Drink,Surf Excel,Beverages,Soft Drink,481,95.61,128.94,12,30,43,127,0.55,kg,2024-05-18 00:00:00,Active
1796,Mamaearth Atta,Mamaearth,Grocery,Atta,192,442.26,541.64,5,180,97,299,0.94,kg,2022-05-20 00:00:00,Active
1797,Mamaearth Sugar,Mamaearth,Grocery,Sugar,193,1171.74,1529.15,5,60,63,242,7.18,L,2023-03-19 00:00:00,Active
1798,Tata Cheese,Tata,Dairy,Cheese,2,646.71,891.08,18,365,99,465,9,g,2026-03-08 00:00:00,Active
1799,Parle Floor Cleaner,Parle,Household,Floor Cleaner,198,1341.08,1549.78,18,180,120,323,7.71,L,2026-05-25 00:00:00,Active
1800,Fortune Face Wash,Fortune,Personal Care,Face Wash,401,1510.59,1980.22,0,365,57,437,3.59,pcs,2025-08-20 00:00:00,Active
1801,Dettol Milk,Dettol,Dairy,Milk,216,1753.65,2286.76,18,90,27,226,1.85,ml,2023-02-04 00:00:00,Active
1802,Parle Baby Lotion,Parle,Baby Care,Baby Lotion,284,62.31,85.21,0,90,81,330,0.64,kg,2020-09-19 00:00:00,Active
1803,Parle Sugar,Parle,Grocery,Sugar,201,453.94,640.2,18,365,107,276,0.34,ml,2026-06-20 00:00:00,Active
1804,HUL Mineral Water,HUL,Beverages,Mineral Water,249,256.84,309.57,0,365,65,349,1.64,g,2025-12-14 00:00:00,Active
1805,Surf Excel Bottle,Surf Excel,Kitchen,Bottle,255,671.23,815.47,0,30,56,483,1.61,L,2023-02-25 00:00:00,Active
1806,HUL Rice,HUL,Grocery,Rice,466,824.6,1042.92,5,365,116,325,5.69,g,2021-08-25 00:00:00,Active
1807,Parle Curd,Parle,Dairy,Curd,338,478.48,606.79,18,180,98,156,1.36,ml,2021-01-09 00:00:00,Active
1808,Nestle Bottle,Nestle,Kitchen,Bottle,411,891.24,1210.4,18,180,63,341,0.81,L,2021-08-10 00:00:00,Active
1809,Britannia Knife,Britannia,Kitchen,Knife,342,183.23,266.59,0,180,65,133,7.03,ml,2024-01-16 00:00:00,Active
1810,HUL Diapers,HUL,Baby Care,Diapers,413,1570.64,2008.2,5,180,43,193,3.23,L,2024-06-28 00:00:00,Active
1811,Tata Energy Drink,Tata,Beverages,Energy Drink,385,1215.66,1525.69,18,365,80,260,2.68,ml,2024-11-04 00:00:00,Active
1812,Dabur Baby Powder,Dabur,Baby Care,Baby Powder,148,512.45,750.7,12,30,22,207,4.13,g,2020-11-04 00:00:00,Active
1813,Mamaearth Baby Powder,Mamaearth,Baby Care,Baby Powder,476,762.57,979.69,12,30,38,469,6.75,ml,2024-09-20 00:00:00,Active
1814,Lizol Cat Food,Lizol,Pet Care,Cat Food,379,335.09,511.42,12,30,98,275,5.88,g,2021-08-22 00:00:00,Active
1815,ITC Shampoo,ITC,Personal Care,Shampoo,224,248.82,290.47,12,30,43,125,7.9,L,2023-09-06 00:00:00,Active
1816,Amul Pet Shampoo,Amul,Pet Care,Pet Shampoo,253,527.07,668.48,18,60,67,109,8.65,L,2021-01-23 00:00:00,Active
1817,Amul Cooking Oil,Amul,Grocery,Cooking Oil,272,378.45,529.6,5,30,57,281,5.6,g,2021-12-11 00:00:00,Active
1818,Parle Energy Drink,Parle,Beverages,Energy Drink,358,1252.75,1902.15,12,90,28,417,9.23,ml,2021-01-23 00:00:00,Active
1819,Sunfeast Dog Food,Sunfeast,Pet Care,Dog Food,344,366.88,510.32,5,365,74,152,0.14,kg,2024-05-12 00:00:00,Discontinued
1820,Britannia Chips,Britannia,Snacks,Chips,266,1606.04,2296.02,12,365,54,114,3.94,L,2022-05-05 00:00:00,Active
1821,Patanjali Knife,Patanjali,Kitchen,Knife,435,1787.24,2165.03,18,365,68,61,9.48,pcs,2022-04-11 00:00:00,Active
1822,Sunfeast Frying Pan,Sunfeast,Kitchen,Frying Pan,44,905.3,1302.03,5,180,21,486,3.42,L,2026-06-05 00:00:00,Active
1823,Pedigree Face Wash,Pedigree,Personal Care,Face Wash,190,252.55,343.92,18,90,92,416,8.36,kg,2020-08-24 00:00:00,Active
1824,Pedigree Cookies,Pedigree,Snacks,Cookies,465,674.72,1007.28,5,90,26,472,6.57,kg,2022-07-11 00:00:00,Active
1825,Sunfeast Dishwash Liquid,Sunfeast,Household,Dishwash Liquid,461,210.86,267.44,0,365,26,160,9.52,pcs,2024-11-25 00:00:00,Active
1826,Godrej Toor Dal,Godrej,Grocery,Toor Dal,32,1153.93,1322.79,12,60,28,228,4.12,pcs,2024-05-30 00:00:00,Active
1827,Patanjali Mineral Water,Patanjali,Beverages,Mineral Water,141,947.56,1327.96,5,180,59,284,3.27,pcs,2020-09-24 00:00:00,Active
1828,Amul Coffee,Amul,Grocery,Coffee,477,199.05,257.46,12,180,56,279,1.19,ml,2025-08-01 00:00:00,Active
1829,Pedigree Atta,Pedigree,Grocery,Atta,405,81.41,122.29,0,180,97,319,6.97,g,2026-04-28 00:00:00,Active
1830,ITC Butter,ITC,Dairy,Butter,200,205.47,275.71,18,365,74,107,0.94,pcs,2025-03-11 00:00:00,Active
1831,Tata Diapers,Tata,Baby Care,Diapers,104,1048.77,1496.08,5,60,72,83,4.82,kg,2021-05-21 00:00:00,Active
1832,Nivea Moong Dal,Nivea,Grocery,Moong Dal,183,385.17,462.79,0,365,64,266,3.34,g,2022-08-08 00:00:00,Active
1833,HUL Mineral Water,HUL,Beverages,Mineral Water,304,1777.49,2432.95,5,90,40,248,4.06,g,2024-03-25 00:00:00,Active
1834,Nivea Cat Food,Nivea,Pet Care,Cat Food,277,92.32,130.45,12,180,74,330,4.9,g,2021-11-07 00:00:00,Active
1835,Parle Juice,Parle,Beverages,Juice,81,1422.82,1802.17,18,60,81,436,3.9,pcs,2022-09-04 00:00:00,Active
1836,Aashirvaad Mineral Water,Aashirvaad,Beverages,Mineral Water,379,139.29,178.22,0,60,60,114,8.76,L,2026-05-28 00:00:00,Active
1837,HUL Baby Lotion,HUL,Baby Care,Baby Lotion,419,22.89,30.99,5,30,88,338,9.25,g,2022-04-09 00:00:00,Active
1838,Dettol Poha,Dettol,Grocery,Poha,443,1381.46,1680.16,5,180,80,290,4.61,kg,2022-06-17 00:00:00,Active
1839,Parle Bottle,Parle,Kitchen,Bottle,247,584.49,828.87,18,60,20,449,6.07,kg,2022-09-07 00:00:00,Active
1840,ITC Curd,ITC,Dairy,Curd,440,100.77,119,12,60,44,201,6.78,ml,2023-08-27 00:00:00,Active
1841,Lizol Moong Dal,Lizol,Grocery,Moong Dal,229,1530.05,2168.77,18,30,116,366,8.36,ml,2022-08-24 00:00:00,Active
1842,Sunfeast Dog Food,Sunfeast,Pet Care,Dog Food,180,666.1,920.73,18,180,118,283,4.13,kg,2021-10-29 00:00:00,Active
1843,Patanjali Baby Powder,Patanjali,Baby Care,Baby Powder,9,528.32,652.15,12,60,40,471,8.41,g,2025-10-11 00:00:00,Discontinued
1844,Patanjali Baby Soap,Patanjali,Baby Care,Baby Soap,491,1407.89,1954.69,5,60,31,346,0.85,L,2026-03-19 00:00:00,Active
1845,Amul Cooking Oil,Amul,Grocery,Cooking Oil,344,660.89,821.05,5,180,26,440,1.23,ml,2023-09-17 00:00:00,Active
1846,Aashirvaad Milk,Aashirvaad,Dairy,Milk,23,81.3,115.6,0,180,110,474,9.1,ml,2022-07-26 00:00:00,Active
1847,Parle Pressure Cooker,Parle,Kitchen,Pressure Cooker,368,731.37,995.41,5,90,79,222,6.02,pcs,2023-01-14 00:00:00,Active
1848,Aashirvaad Soft Drink,Aashirvaad,Beverages,Soft Drink,106,530.9,708.84,12,180,31,357,1.95,L,2025-09-23 00:00:00,Active
1849,ITC Pet Shampoo,ITC,Pet Care,Pet Shampoo,497,1475.49,1896.44,18,180,56,397,8.33,g,2023-04-20 00:00:00,Active
1850,Lizol Juice,Lizol,Beverages,Juice,209,1251.42,1841.38,18,90,38,448,5.23,L,2023-03-11 00:00:00,Active
1851,Mamaearth Dishwash Liquid,Mamaearth,Household,Dishwash Liquid,256,1624.43,2509.83,5,90,20,70,8.13,g,2025-02-20 00:00:00,Active
1852,ITC Baby Lotion,ITC,Baby Care,Baby Lotion,405,557.99,804.01,0,90,31,351,0.34,L,2024-02-19 00:00:00,Active
1853,Nestle Namkeen,Nestle,Snacks,Namkeen,374,730.15,1022.38,0,60,50,213,9,g,2023-07-29 00:00:00,Active
1854,ITC Juice,ITC,Beverages,Juice,20,1634.13,1870.18,0,365,96,351,2.42,pcs,2023-04-29 00:00:00,Active
1855,Fortune Milk,Fortune,Dairy,Milk,23,1538.69,2075.12,5,365,102,168,3.43,L,2022-02-21 00:00:00,Active
1856,Dabur Frying Pan,Dabur,Kitchen,Frying Pan,379,1130.61,1290.87,5,30,53,411,2.28,ml,2025-12-13 00:00:00,Active
1857,Colgate Curd,Colgate,Dairy,Curd,330,718.13,969.14,0,365,120,465,0.92,g,2026-04-03 00:00:00,Active
1858,Tata Baby Lotion,Tata,Baby Care,Baby Lotion,293,1537.69,2294.3,12,180,109,181,7.71,kg,2025-01-01 00:00:00,Active
1859,ITC Juice,ITC,Beverages,Juice,281,79.86,101.42,5,60,21,491,6.17,ml,2022-08-15 00:00:00,Active
1860,Surf Excel Pet Shampoo,Surf Excel,Pet Care,Pet Shampoo,286,533.04,628.98,0,90,37,391,4.28,g,2024-10-01 00:00:00,Active
1861,Amul Baby Soap,Amul,Baby Care,Baby Soap,416,1367.08,1592.17,18,180,81,403,8.68,pcs,2026-03-12 00:00:00,Active
1862,Surf Excel Baby Powder,Surf Excel,Baby Care,Baby Powder,210,983.71,1507.07,5,180,89,319,9.07,L,2022-05-25 00:00:00,Active
1863,Dettol Baby Powder,Dettol,Baby Care,Baby Powder,82,1664.91,1987.76,5,180,75,272,4.49,pcs,2023-12-21 00:00:00,Active
1864,Sunfeast Energy Drink,Sunfeast,Beverages,Energy Drink,419,167.84,216.5,12,60,43,331,9.18,pcs,2025-09-24 00:00:00,Active
1865,Amul Frying Pan,Amul,Kitchen,Frying Pan,124,842.88,1154.52,12,365,88,104,1.44,L,2021-09-21 00:00:00,Active
1866,Parle Cat Food,Parle,Pet Care,Cat Food,429,789.39,1214.91,18,180,57,62,5.54,g,2024-07-11 00:00:00,Active
1867,Amul Garbage Bags,Amul,Household,Garbage Bags,471,581,881.63,12,30,118,275,1.18,ml,2026-02-02 00:00:00,Active
1868,Patanjali Frying Pan,Patanjali,Kitchen,Frying Pan,72,1035.41,1584.14,12,180,64,460,1.02,pcs,2020-12-18 00:00:00,Active
1869,Surf Excel Paneer,Surf Excel,Dairy,Paneer,334,779.93,892.33,12,30,20,417,6.07,L,2024-09-24 00:00:00,Active
1870,Dettol Chocolate,Dettol,Snacks,Chocolate,179,1016.7,1527.36,18,30,100,169,6.46,g,2021-08-14 00:00:00,Active
1871,Nestle Atta,Nestle,Grocery,Atta,325,1319.99,1563.49,0,30,102,309,3.98,kg,2024-03-24 00:00:00,Active
1872,Amul Chocolate,Amul,Snacks,Chocolate,177,731.68,1021.82,5,60,40,166,8.52,ml,2025-12-04 00:00:00,Active
1873,Amul Cheese,Amul,Dairy,Cheese,7,701.23,1052.66,18,60,22,119,8.14,g,2023-06-02 00:00:00,Active
1874,Godrej Baby Powder,Godrej,Baby Care,Baby Powder,187,1267.62,1732.73,5,180,114,375,2.95,kg,2024-08-27 00:00:00,Active
1875,ITC Tissue Paper,ITC,Household,Tissue Paper,157,1455.07,2106.85,18,365,67,258,6.82,ml,2025-10-21 00:00:00,Active
1876,Patanjali Diapers,Patanjali,Baby Care,Diapers,482,660.97,826.67,12,60,52,219,7.27,L,2022-10-05 00:00:00,Active
1877,Tata Diapers,Tata,Baby Care,Diapers,342,1670.55,2240.32,12,365,45,452,3.04,g,2024-05-29 00:00:00,Active
1878,Colgate Garbage Bags,Colgate,Household,Garbage Bags,427,1139.52,1695.05,18,60,75,250,8.32,pcs,2022-11-08 00:00:00,Active
1879,Dettol Chips,Dettol,Snacks,Chips,3,858.88,1155.66,12,60,40,445,8.85,ml,2021-06-07 00:00:00,Active
1880,Godrej Knife,Godrej,Kitchen,Knife,374,551.87,824.85,18,365,108,222,8.68,kg,2022-01-26 00:00:00,Active
1881,Britannia Toothpaste,Britannia,Personal Care,Toothpaste,306,659.7,943.31,5,365,54,255,4.69,kg,2023-03-23 00:00:00,Active
1882,Dabur Mineral Water,Dabur,Beverages,Mineral Water,389,1653.21,2390.55,5,365,25,406,4.73,g,2024-04-21 00:00:00,Active
1883,Mamaearth Dog Food,Mamaearth,Pet Care,Dog Food,473,576.8,803.5,12,30,50,337,9.26,kg,2025-07-12 00:00:00,Active
1884,Tata Garbage Bags,Tata,Household,Garbage Bags,68,211.24,240.08,0,90,63,61,6.61,pcs,2022-11-04 00:00:00,Active
1885,HUL Mineral Water,HUL,Beverages,Mineral Water,238,1594.22,1881,12,60,48,434,4.97,L,2025-07-17 00:00:00,Active
1886,Parle Milk,Parle,Dairy,Milk,15,441.62,561.57,12,60,71,233,1.93,ml,2021-07-27 00:00:00,Active
1887,Colgate Chocolate,Colgate,Snacks,Chocolate,94,1515.28,1944.91,12,30,108,76,5.28,ml,2025-08-03 00:00:00,Active
1888,Tata Mineral Water,Tata,Beverages,Mineral Water,133,537.21,822.18,18,30,97,471,9.1,kg,2023-03-14 00:00:00,Active
1889,ITC Detergent,ITC,Household,Detergent,156,865.8,1305.46,12,90,60,436,6.87,ml,2025-04-23 00:00:00,Active
1890,Lizol Baby Powder,Lizol,Baby Care,Baby Powder,213,347.86,516.03,18,60,51,276,2.58,kg,2025-02-03 00:00:00,Discontinued
1891,Aashirvaad Chips,Aashirvaad,Snacks,Chips,217,1497.36,1918.2,5,180,52,101,1.82,ml,2023-02-26 00:00:00,Active
1892,Nestle Hair Oil,Nestle,Personal Care,Hair Oil,227,927.43,1351.19,18,60,21,351,6.25,kg,2023-06-29 00:00:00,Active
1893,Pedigree Juice,Pedigree,Beverages,Juice,405,1500.58,1835.83,5,365,96,222,9.5,ml,2021-02-19 00:00:00,Active
1894,Aashirvaad Toor Dal,Aashirvaad,Grocery,Toor Dal,316,72.99,92.1,5,60,106,410,7.26,ml,2023-05-20 00:00:00,Active
1895,Patanjali Curd,Patanjali,Dairy,Curd,398,515.51,628.17,0,90,84,226,8.52,kg,2025-11-16 00:00:00,Active
1896,Parle Chips,Parle,Snacks,Chips,206,674.2,991.64,12,90,25,489,6.83,pcs,2021-03-14 00:00:00,Active
1897,HUL Juice,HUL,Beverages,Juice,393,470.8,622.72,12,180,68,288,1.93,pcs,2024-09-22 00:00:00,Active
1898,Mamaearth Dishwash Liquid,Mamaearth,Household,Dishwash Liquid,133,58.34,72.5,5,30,86,485,7.1,L,2026-04-10 00:00:00,Active
1899,ITC Floor Cleaner,ITC,Household,Floor Cleaner,439,1597.58,2260.32,5,365,81,297,1.28,kg,2026-02-15 00:00:00,Active
1900,Mamaearth Baby Powder,Mamaearth,Baby Care,Baby Powder,240,219.73,309.7,5,180,120,223,8.11,ml,2021-10-23 00:00:00,Active
1901,Nestle Chocolate,Nestle,Snacks,Chocolate,315,1517.71,1792.02,0,30,113,307,4.94,pcs,2023-07-19 00:00:00,Active
1902,Nivea Cheese,Nivea,Dairy,Cheese,39,454.44,619.81,12,180,47,397,4.66,ml,2023-11-08 00:00:00,Active
1903,Parle Moong Dal,Parle,Grocery,Moong Dal,250,1023.31,1446.4,0,180,102,199,3.53,pcs,2022-04-15 00:00:00,Active
1904,Patanjali Paneer,Patanjali,Dairy,Paneer,27,115.82,143.37,0,60,20,117,7.78,ml,2024-11-15 00:00:00,Active
1905,Nivea Knife,Nivea,Kitchen,Knife,455,897.45,1241.67,5,90,101,227,8.82,g,2023-05-17 00:00:00,Active
1906,Dettol Lunch Box,Dettol,Kitchen,Lunch Box,333,1373.8,1566.56,0,90,21,359,7.83,g,2022-03-03 00:00:00,Active
1907,Tata Pet Shampoo,Tata,Pet Care,Pet Shampoo,365,546.21,627.92,5,60,120,267,5.46,kg,2021-09-05 00:00:00,Active
1908,Dettol Soft Drink,Dettol,Beverages,Soft Drink,385,322.95,368.43,12,30,51,175,2.88,kg,2023-08-02 00:00:00,Active
1909,Parle Shampoo,Parle,Personal Care,Shampoo,337,20.22,24.69,5,90,50,138,0.41,pcs,2022-09-06 00:00:00,Active
1910,Surf Excel Butter,Surf Excel,Dairy,Butter,211,231.98,337.6,5,180,21,171,5.42,kg,2026-07-12 00:00:00,Active
1911,Sunfeast Dog Food,Sunfeast,Pet Care,Dog Food,262,1086.42,1434.42,12,180,74,296,1.92,kg,2024-06-19 00:00:00,Active
1912,Godrej Chips,Godrej,Snacks,Chips,26,1262.27,1467.87,18,30,78,108,4.39,L,2021-03-21 00:00:00,Active
1913,Nivea Poha,Nivea,Grocery,Poha,93,1510.74,1900.32,5,180,20,320,3.78,kg,2025-04-17 00:00:00,Active
1914,Godrej Cheese,Godrej,Dairy,Cheese,133,1440.41,1801.51,12,180,97,291,1.5,ml,2022-10-12 00:00:00,Active
1915,Pedigree Baby Lotion,Pedigree,Baby Care,Baby Lotion,41,347.12,452.63,5,180,77,425,6.88,kg,2023-03-02 00:00:00,Active
1916,Colgate Frying Pan,Colgate,Kitchen,Frying Pan,124,1353.9,2009.16,12,180,33,118,7.45,ml,2023-10-15 00:00:00,Active
1917,HUL Pet Shampoo,HUL,Pet Care,Pet Shampoo,254,1692.82,2166.93,5,180,32,150,5.49,pcs,2025-04-05 00:00:00,Active
1918,Dabur Soap,Dabur,Personal Care,Soap,336,1317.05,1598.23,12,180,28,204,3.04,ml,2022-08-04 00:00:00,Active
1919,Colgate Namkeen,Colgate,Snacks,Namkeen,152,380.56,461.97,0,30,78,263,7.81,L,2022-11-16 00:00:00,Active
1920,Dabur Paneer,Dabur,Dairy,Paneer,308,542.51,660.51,18,365,114,265,2.15,ml,2025-08-08 00:00:00,Active
1921,Sunfeast Toor Dal,Sunfeast,Grocery,Toor Dal,290,574.05,775.9,18,365,85,297,9.28,g,2020-09-16 00:00:00,Active
1922,Amul Knife,Amul,Kitchen,Knife,250,65.53,88.65,5,180,113,166,6.93,kg,2024-04-08 00:00:00,Active
1923,Pedigree Biscuits,Pedigree,Snacks,Biscuits,248,217.8,304.24,0,180,62,356,2.31,kg,2021-04-27 00:00:00,Active
1924,Sunfeast Soap,Sunfeast,Personal Care,Soap,297,1340.95,1897.18,0,30,89,281,1.79,pcs,2021-12-22 00:00:00,Active
1925,Surf Excel Dog Food,Surf Excel,Pet Care,Dog Food,59,358.75,415.3,18,365,118,255,6.55,ml,2022-01-15 00:00:00,Active
1926,Pedigree Pet Shampoo,Pedigree,Pet Care,Pet Shampoo,267,1316.44,1947.94,12,365,81,195,5.86,ml,2025-02-27 00:00:00,Active
1927,Dabur Moong Dal,Dabur,Grocery,Moong Dal,252,1674.8,1972.87,0,30,55,329,8.55,L,2022-07-16 00:00:00,Discontinued
1928,Nestle Garbage Bags,Nestle,Household,Garbage Bags,53,1001.91,1352.43,0,180,29,302,2.19,L,2020-08-14 00:00:00,Active
1929,Colgate Juice,Colgate,Beverages,Juice,306,372.21,431.94,18,90,65,279,8.2,ml,2021-01-25 00:00:00,Active
1930,Colgate Hair Oil,Colgate,Personal Care,Hair Oil,260,403.98,611.2,0,30,93,479,8.93,pcs,2025-02-28 00:00:00,Active
1931,Surf Excel Chana Dal,Surf Excel,Grocery,Chana Dal,25,1760.78,2098.28,0,60,102,471,0.23,kg,2022-12-15 00:00:00,Active
1932,Patanjali Cat Food,Patanjali,Pet Care,Cat Food,59,1434.69,2035.98,18,60,108,149,4.27,kg,2021-01-08 00:00:00,Active
1933,Lizol Juice,Lizol,Beverages,Juice,138,1110.85,1495.83,0,30,59,402,6.06,kg,2025-10-31 00:00:00,Active
1934,Tata Chocolate,Tata,Snacks,Chocolate,398,1353.28,1731.89,12,365,48,224,6.98,g,2025-07-29 00:00:00,Active
1935,Parle Pressure Cooker,Parle,Kitchen,Pressure Cooker,376,875.06,1084.84,5,365,100,128,1.54,L,2023-12-08 00:00:00,Active
1936,Dettol Detergent,Dettol,Household,Detergent,308,1458.57,1677.34,5,90,91,500,8.79,L,2025-01-11 00:00:00,Active
1937,Nestle Baby Powder,Nestle,Baby Care,Baby Powder,362,1476.74,2283.52,5,180,24,112,6.99,ml,2024-05-04 00:00:00,Active
1938,Godrej Toothpaste,Godrej,Personal Care,Toothpaste,396,189.34,228.99,12,90,49,98,3.21,g,2022-04-24 00:00:00,Active
1939,Lizol Juice,Lizol,Beverages,Juice,378,1082.1,1454.52,12,365,25,383,5.91,L,2026-05-06 00:00:00,Active
1940,Parle Lunch Box,Parle,Kitchen,Lunch Box,17,1138.9,1723.5,5,30,78,297,6.4,g,2023-04-20 00:00:00,Active
1941,Sunfeast Butter,Sunfeast,Dairy,Butter,106,922.18,1059.23,5,365,80,148,9.35,ml,2022-05-27 00:00:00,Active
1942,Lizol Chips,Lizol,Snacks,Chips,500,1187.5,1690.81,0,60,59,117,6.54,g,2022-08-06 00:00:00,Active
1943,Pedigree Soap,Pedigree,Personal Care,Soap,370,952.5,1391.15,5,30,72,394,9.13,g,2020-08-10 00:00:00,Active
1944,Fortune Baby Soap,Fortune,Baby Care,Baby Soap,279,1624.69,1885.42,0,90,57,187,1.77,pcs,2024-08-18 00:00:00,Active
1945,Amul Shampoo,Amul,Personal Care,Shampoo,414,295.86,366.92,12,30,109,357,3.15,ml,2023-08-31 00:00:00,Active
1946,Surf Excel Milk,Surf Excel,Dairy,Milk,173,775.05,889.76,18,90,21,363,8.05,L,2024-09-22 00:00:00,Active
1947,Patanjali Cat Food,Patanjali,Pet Care,Cat Food,34,1123.48,1557.84,5,180,24,213,3.18,g,2021-11-27 00:00:00,Active
1948,Pedigree Detergent,Pedigree,Household,Detergent,92,114.61,173.18,18,30,105,470,7.82,kg,2023-12-15 00:00:00,Active
1949,Aashirvaad Tissue Paper,Aashirvaad,Household,Tissue Paper,296,1115.46,1336.25,5,30,101,139,2.49,ml,2021-06-08 00:00:00,Active
1950,Pedigree Diapers,Pedigree,Baby Care,Diapers,178,324.29,386.61,5,60,88,246,1.02,L,2020-11-10 00:00:00,Active
1951,Patanjali Cheese,Patanjali,Dairy,Cheese,319,1101.76,1241.67,5,90,36,193,6.57,g,2024-09-19 00:00:00,Active
1952,Dabur Diapers,Dabur,Baby Care,Diapers,210,929.61,1116.24,5,60,58,395,5.22,pcs,2023-10-02 00:00:00,Active
1953,Patanjali Mineral Water,Patanjali,Beverages,Mineral Water,491,858.66,999.55,18,180,98,180,7.34,pcs,2023-02-03 00:00:00,Active
1954,Dabur Dishwash Liquid,Dabur,Household,Dishwash Liquid,91,522.44,748.56,18,365,37,333,3.36,kg,2022-11-20 00:00:00,Active
1955,Amul Mineral Water,Amul,Beverages,Mineral Water,499,1046.05,1327.84,12,365,54,500,9.86,ml,2024-08-18 00:00:00,Active
1956,Mamaearth Salt,Mamaearth,Grocery,Salt,448,777.05,1172.45,18,90,61,157,3.29,kg,2025-11-21 00:00:00,Active
1957,Aashirvaad Cat Food,Aashirvaad,Pet Care,Cat Food,411,94.97,125.07,5,30,24,440,5.96,pcs,2022-04-13 00:00:00,Active
1958,Surf Excel Chocolate,Surf Excel,Snacks,Chocolate,141,1709.93,2071.19,12,365,102,255,6.7,pcs,2024-01-12 00:00:00,Active
1959,Mamaearth Diapers,Mamaearth,Baby Care,Diapers,234,976.93,1337.55,0,180,109,104,4.63,kg,2026-02-15 00:00:00,Active
1960,ITC Baby Lotion,ITC,Baby Care,Baby Lotion,465,1525.61,2116.21,0,30,23,438,2.23,pcs,2023-06-08 00:00:00,Active
1961,Aashirvaad Dog Food,Aashirvaad,Pet Care,Dog Food,215,715.06,1055.85,18,90,20,384,3.45,pcs,2023-12-29 00:00:00,Active
1962,Nestle Baby Lotion,Nestle,Baby Care,Baby Lotion,134,701.08,984.84,5,60,56,405,2.15,L,2025-09-08 00:00:00,Active
1963,Amul Baby Soap,Amul,Baby Care,Baby Soap,143,1591.05,2460.79,12,30,102,221,7.84,ml,2023-11-20 00:00:00,Active
1964,Aashirvaad Energy Drink,Aashirvaad,Beverages,Energy Drink,365,569.9,671.55,12,60,91,272,0.81,pcs,2024-05-06 00:00:00,Active
1965,Nestle Tissue Paper,Nestle,Household,Tissue Paper,67,551.68,625.78,12,30,107,489,2.48,L,2024-08-02 00:00:00,Active
1966,Dabur Cat Food,Dabur,Pet Care,Cat Food,155,1363.69,2040.15,0,180,117,437,2.57,L,2025-07-08 00:00:00,Active
1967,Sunfeast Baby Lotion,Sunfeast,Baby Care,Baby Lotion,114,364.61,488.66,0,30,22,444,0.89,g,2022-02-15 00:00:00,Active
1968,ITC Baby Soap,ITC,Baby Care,Baby Soap,107,1740.81,2406.61,0,90,102,307,8.61,g,2022-01-15 00:00:00,Active
1969,Tata Cat Food,Tata,Pet Care,Cat Food,25,950.66,1375,5,180,61,262,1.55,g,2021-01-01 00:00:00,Active
1970,Fortune Mineral Water,Fortune,Beverages,Mineral Water,305,1228.81,1487.91,12,180,85,449,6.02,g,2024-02-28 00:00:00,Active
1971,Parle Pressure Cooker,Parle,Kitchen,Pressure Cooker,348,365.17,467.21,18,30,81,415,8.44,kg,2021-05-31 00:00:00,Active
1972,Dettol Juice,Dettol,Beverages,Juice,237,553.09,825.51,18,180,42,395,4.19,g,2026-04-27 00:00:00,Active
1973,Nivea Diapers,Nivea,Baby Care,Diapers,315,573.99,653.02,18,180,53,451,5.01,L,2026-02-27 00:00:00,Active
1974,Fortune Shampoo,Fortune,Personal Care,Shampoo,71,1513.17,2158.58,12,60,77,433,4.65,L,2024-08-30 00:00:00,Active
1975,Lizol Salt,Lizol,Grocery,Salt,244,709.89,923.25,12,30,53,496,1.59,ml,2025-08-05 00:00:00,Active
1976,Fortune Detergent,Fortune,Household,Detergent,153,1080.24,1372.79,0,30,60,436,4.76,g,2021-12-01 00:00:00,Active
1977,Pedigree Juice,Pedigree,Beverages,Juice,330,1065.22,1554.34,0,365,55,428,0.43,ml,2024-01-12 00:00:00,Active
1978,Parle Garbage Bags,Parle,Household,Garbage Bags,135,447.27,556.81,12,60,87,459,3.4,ml,2021-06-18 00:00:00,Active
1979,Patanjali Floor Cleaner,Patanjali,Household,Floor Cleaner,211,1558.88,1833.18,18,30,100,399,9.16,kg,2022-07-10 00:00:00,Active
1980,Dettol Toor Dal,Dettol,Grocery,Toor Dal,378,66.59,103.2,0,30,27,426,2.53,L,2026-07-24 00:00:00,Active
1981,ITC Tissue Paper,ITC,Household,Tissue Paper,307,155.42,220.15,18,90,30,94,5.52,L,2025-05-04 00:00:00,Active
1982,Sunfeast Cat Food,Sunfeast,Pet Care,Cat Food,157,776.1,973.34,18,180,74,97,5.16,ml,2022-11-22 00:00:00,Active
1983,Dettol Toor Dal,Dettol,Grocery,Toor Dal,344,1323.54,1716.62,18,365,38,412,6.18,L,2026-05-25 00:00:00,Active
1984,Aashirvaad Tissue Paper,Aashirvaad,Household,Tissue Paper,9,1760.64,2415.69,0,90,111,134,7.04,g,2021-02-19 00:00:00,Active
1985,Dabur Chocolate,Dabur,Snacks,Chocolate,438,901.04,1361.07,0,90,55,479,4.86,g,2022-10-01 00:00:00,Active
1986,Parle Baby Powder,Parle,Baby Care,Baby Powder,35,134.75,154.09,5,30,88,248,3.82,L,2023-08-01 00:00:00,Active
1987,Patanjali Dog Food,Patanjali,Pet Care,Dog Food,130,999.9,1480.2,18,365,63,135,2.69,L,2024-11-06 00:00:00,Active
1988,Patanjali Chips,Patanjali,Snacks,Chips,53,599.26,738.8,0,60,112,165,7.85,ml,2021-05-04 00:00:00,Active
1989,Nivea Detergent,Nivea,Household,Detergent,387,1649.66,2331.37,18,180,59,493,8.66,ml,2026-05-16 00:00:00,Active
1990,Patanjali Juice,Patanjali,Beverages,Juice,346,1654.83,1907.74,5,30,38,231,5.19,g,2021-05-22 00:00:00,Active
1991,Nivea Baby Soap,Nivea,Baby Care,Baby Soap,487,1469.27,1866.24,12,60,108,110,4.94,pcs,2023-03-03 00:00:00,Active
1992,Surf Excel Coffee,Surf Excel,Grocery,Coffee,407,556.91,835.96,0,60,90,242,3.37,pcs,2025-07-19 00:00:00,Active
1993,Dettol Butter,Dettol,Dairy,Butter,111,631.11,875.32,5,30,95,162,3.18,pcs,2022-10-02 00:00:00,Active
1994,Britannia Suji,Britannia,Grocery,Suji,34,1787.06,2739.6,12,180,44,182,1.36,pcs,2022-07-07 00:00:00,Discontinued
1995,Dabur Cookies,Dabur,Snacks,Cookies,190,198.49,274.22,18,60,117,483,0.62,pcs,2023-05-01 00:00:00,Active
1996,ITC Curd,ITC,Dairy,Curd,464,934.29,1108.57,5,90,31,94,3.03,ml,2023-08-07 00:00:00,Active
1997,Aashirvaad Juice,Aashirvaad,Beverages,Juice,101,1590.54,2025.13,0,30,61,164,0.49,kg,2022-07-23 00:00:00,Active
1998,Dettol Soap,Dettol,Personal Care,Soap,365,802.1,928.69,0,30,98,429,4.13,pcs,2021-10-25 00:00:00,Active
1999,Dettol Dishwash Liquid,Dettol,Household,Dishwash Liquid,222,741.1,1097.53,5,90,61,205,1.28,pcs,2022-06-29 00:00:00,Active
2000,Mamaearth Chocolate,Mamaearth,Snacks,Chocolate,315,190.43,246.58,12,90,39,78,4.23,kg,2022-12-23 00:00:00,Active
2001,Colgate Milk,Colgate,Dairy,Milk,384,1749.48,2649.8,18,180,108,365,1.02,kg,2022-10-05 00:00:00,Active
2002,Dabur Knife,Dabur,Kitchen,Knife,379,1200.51,1413.74,0,180,88,122,4.23,pcs,2021-03-07 00:00:00,Active
2003,Lizol Chips,Lizol,Snacks,Chips,88,650.17,906.57,18,365,92,448,3.88,g,2024-06-05 00:00:00,Active
2051,Tata Dog Food,Tata,Pet Care,Dog Food,361,1584.36,2316.49,18,30,82,79,4.6,g,2022-02-09 00:00:00,Active
2004,Lizol Mineral Water,Lizol,Beverages,Mineral Water,45,1037.69,1578.26,0,30,64,341,2.38,L,2026-06-16 00:00:00,Active
2005,Dettol Chocolate,Dettol,Snacks,Chocolate,75,102.74,123.96,0,30,102,388,4.69,L,2024-12-06 00:00:00,Active
2006,Parle Pet Shampoo,Parle,Pet Care,Pet Shampoo,238,468.55,563.33,0,60,98,229,0.97,L,2025-05-04 00:00:00,Active
2007,Surf Excel Moong Dal,Surf Excel,Grocery,Moong Dal,12,1593.98,2335.53,5,365,71,58,8.08,kg,2026-05-14 00:00:00,Active
2008,Dabur Sugar,Dabur,Grocery,Sugar,184,482.93,627.79,12,180,53,280,9.55,ml,2022-03-08 00:00:00,Active
2009,Mamaearth Detergent,Mamaearth,Household,Detergent,325,56.58,84.55,12,180,70,402,2.67,kg,2023-09-11 00:00:00,Active
2010,Tata Baby Soap,Tata,Baby Care,Baby Soap,264,785.08,924.71,18,365,85,311,4.48,ml,2021-04-20 00:00:00,Active
2011,Patanjali Juice,Patanjali,Beverages,Juice,214,709.99,1087.96,5,60,95,61,8.86,kg,2025-06-24 00:00:00,Active
2012,Amul Energy Drink,Amul,Beverages,Energy Drink,302,1660.96,2204.52,12,180,30,435,5.82,kg,2024-11-22 00:00:00,Active
2013,Aashirvaad Salt,Aashirvaad,Grocery,Salt,132,231.44,330.97,12,60,91,136,9.51,pcs,2022-10-17 00:00:00,Active
2014,Nestle Cheese,Nestle,Dairy,Cheese,375,478.41,702.22,0,90,49,207,4.46,pcs,2022-02-17 00:00:00,Active
2015,Colgate Detergent,Colgate,Household,Detergent,420,861.5,1201.82,12,60,36,386,7.33,ml,2026-01-04 00:00:00,Active
2016,Surf Excel Bottle,Surf Excel,Kitchen,Bottle,321,1370.06,1772.48,18,90,68,402,6.64,pcs,2023-05-15 00:00:00,Active
2017,Dabur Garbage Bags,Dabur,Household,Garbage Bags,464,1572.66,1868.8,5,365,20,439,7.66,pcs,2024-08-11 00:00:00,Active
2018,Patanjali Mineral Water,Patanjali,Beverages,Mineral Water,264,89.5,134.81,12,180,88,422,3.05,ml,2026-03-26 00:00:00,Active
2019,Surf Excel Diapers,Surf Excel,Baby Care,Diapers,143,47.97,73.3,12,365,48,295,9.74,L,2020-08-21 00:00:00,Active
2020,Parle Cat Food,Parle,Pet Care,Cat Food,103,156.64,199.51,0,180,61,226,6.87,L,2020-10-04 00:00:00,Active
2021,Pedigree Chocolate,Pedigree,Snacks,Chocolate,235,887.05,1198.5,12,30,107,82,7.09,L,2023-08-21 00:00:00,Discontinued
2022,Colgate Baby Powder,Colgate,Baby Care,Baby Powder,430,807.12,1167.95,0,365,99,302,4.3,L,2022-03-22 00:00:00,Active
2023,Aashirvaad Baby Soap,Aashirvaad,Baby Care,Baby Soap,329,143.42,182.72,18,90,34,363,4.09,pcs,2026-06-25 00:00:00,Active
2024,Britannia Juice,Britannia,Beverages,Juice,378,1024.82,1238.82,5,30,34,252,7.86,kg,2024-05-06 00:00:00,Active
2025,Lizol Garbage Bags,Lizol,Household,Garbage Bags,473,1179.19,1399.4,12,60,36,318,2.88,pcs,2021-08-06 00:00:00,Active
2026,Pedigree Mineral Water,Pedigree,Beverages,Mineral Water,284,313.8,402.94,0,365,100,316,7.69,ml,2023-06-28 00:00:00,Active
2027,Surf Excel Atta,Surf Excel,Grocery,Atta,407,1747.93,2164.07,5,60,58,333,0.15,L,2026-07-15 00:00:00,Active
2028,HUL Pet Shampoo,HUL,Pet Care,Pet Shampoo,205,683.89,1025.08,18,180,33,227,3.33,L,2025-01-23 00:00:00,Active
2029,HUL Moong Dal,HUL,Grocery,Moong Dal,21,1060.6,1594.9,18,180,54,432,8.26,ml,2020-08-17 00:00:00,Active
2030,Parle Namkeen,Parle,Snacks,Namkeen,106,100.82,127.34,18,90,99,343,0.72,pcs,2023-06-27 00:00:00,Active
2031,Colgate Bottle,Colgate,Kitchen,Bottle,350,808.34,1123.12,5,365,66,427,0.52,kg,2023-03-26 00:00:00,Active
2032,Patanjali Dishwash Liquid,Patanjali,Household,Dishwash Liquid,345,1009.39,1504.18,18,180,63,497,3.27,g,2023-09-30 00:00:00,Active
2033,Dabur Namkeen,Dabur,Snacks,Namkeen,311,758.96,921.03,12,180,81,378,5.17,L,2023-06-17 00:00:00,Active
2034,Nivea Cooking Oil,Nivea,Grocery,Cooking Oil,426,1102.98,1630.03,18,90,30,391,7.83,pcs,2023-11-08 00:00:00,Active
2035,Surf Excel Cheese,Surf Excel,Dairy,Cheese,190,130.44,173.2,0,60,93,396,6.91,L,2020-10-31 00:00:00,Active
2036,Dabur Hair Oil,Dabur,Personal Care,Hair Oil,220,620.21,873.9,12,365,89,141,5.25,g,2024-11-07 00:00:00,Active
2037,Lizol Garbage Bags,Lizol,Household,Garbage Bags,180,500.72,656.61,18,90,94,68,4.87,L,2022-03-30 00:00:00,Active
2038,Fortune Shampoo,Fortune,Personal Care,Shampoo,275,412.44,597.75,18,180,33,222,8.61,pcs,2024-10-21 00:00:00,Active
2039,Mamaearth Chips,Mamaearth,Snacks,Chips,460,489.15,676.68,0,180,71,405,2.49,kg,2023-09-04 00:00:00,Active
2040,Dettol Garbage Bags,Dettol,Household,Garbage Bags,340,847.92,1312.13,0,30,35,220,6.47,ml,2024-06-18 00:00:00,Active
2041,Pedigree Mineral Water,Pedigree,Beverages,Mineral Water,37,1730.28,2116.77,12,365,81,118,1.81,L,2023-10-09 00:00:00,Active
2042,Sunfeast Bottle,Sunfeast,Kitchen,Bottle,139,469.39,570.78,18,90,32,251,5.39,L,2024-07-03 00:00:00,Active
2043,HUL Floor Cleaner,HUL,Household,Floor Cleaner,495,1551.36,2095.35,12,90,90,59,8.36,pcs,2025-06-19 00:00:00,Active
2044,Pedigree Tissue Paper,Pedigree,Household,Tissue Paper,476,553.02,735.38,0,180,71,72,1.64,pcs,2020-08-11 00:00:00,Active
2045,Patanjali Soap,Patanjali,Personal Care,Soap,380,747.82,914.2,12,180,20,203,0.28,kg,2025-12-16 00:00:00,Active
2046,Nestle Pet Shampoo,Nestle,Pet Care,Pet Shampoo,343,469.26,723.13,18,60,57,113,5.6,L,2024-01-04 00:00:00,Active
2047,Patanjali Tea,Patanjali,Grocery,Tea,366,906.27,1125.46,18,30,35,286,0.35,pcs,2025-04-06 00:00:00,Active
2048,ITC Milk,ITC,Dairy,Milk,16,836.31,1158.11,0,30,76,433,0.45,ml,2020-12-15 00:00:00,Active
2049,Britannia Hair Oil,Britannia,Personal Care,Hair Oil,306,887.65,1159.24,5,365,60,210,6.83,ml,2025-10-27 00:00:00,Active
2050,Tata Chips,Tata,Snacks,Chips,341,1047.27,1524.46,18,180,71,396,2.57,g,2022-02-09 00:00:00,Active
2052,ITC Mineral Water,ITC,Beverages,Mineral Water,177,1741.16,2122.66,0,60,98,53,0.84,g,2021-10-13 00:00:00,Active
2053,Dabur Cat Food,Dabur,Pet Care,Cat Food,315,894.11,1120.49,5,180,71,485,6.76,g,2021-02-20 00:00:00,Active
2054,ITC Diapers,ITC,Baby Care,Diapers,494,1711.99,2114.74,0,60,110,443,8.56,kg,2024-11-05 00:00:00,Active
2055,HUL Pet Shampoo,HUL,Pet Care,Pet Shampoo,224,1451.2,2108.44,12,365,39,249,8.26,pcs,2024-07-02 00:00:00,Active
2056,Colgate Floor Cleaner,Colgate,Household,Floor Cleaner,415,438.55,628.73,12,30,38,309,8.65,pcs,2025-02-18 00:00:00,Active
2057,Parle Milk,Parle,Dairy,Milk,408,1214.91,1860.6,5,30,53,370,6.61,L,2020-08-30 00:00:00,Active
2058,Nestle Baby Lotion,Nestle,Baby Care,Baby Lotion,280,1060.26,1547.53,5,90,99,492,3.13,L,2025-05-17 00:00:00,Active
2059,Sunfeast Toothpaste,Sunfeast,Personal Care,Toothpaste,93,1647.76,2341.51,12,90,55,196,9.25,kg,2023-05-01 00:00:00,Active
2060,ITC Bottle,ITC,Kitchen,Bottle,97,396.69,601.46,0,90,38,79,2.14,pcs,2026-04-08 00:00:00,Active
2061,Colgate Energy Drink,Colgate,Beverages,Energy Drink,275,930.69,1354.66,12,180,30,183,3.88,g,2023-10-09 00:00:00,Active
2062,Surf Excel Paneer,Surf Excel,Dairy,Paneer,137,450.24,551.3,0,30,34,144,4.48,pcs,2025-07-15 00:00:00,Active
2063,Patanjali Baby Lotion,Patanjali,Baby Care,Baby Lotion,399,17.89,23.74,18,90,79,297,0.56,pcs,2022-07-26 00:00:00,Active
2064,Colgate Diapers,Colgate,Baby Care,Diapers,398,208.51,282.26,18,180,38,429,6.08,kg,2024-10-06 00:00:00,Active
2065,ITC Pet Shampoo,ITC,Pet Care,Pet Shampoo,49,1151.17,1381.15,18,60,25,194,5.5,pcs,2023-12-13 00:00:00,Active
2066,Fortune Poha,Fortune,Grocery,Poha,295,198.82,256.01,5,30,48,473,6.75,ml,2025-07-19 00:00:00,Active
2067,Godrej Tissue Paper,Godrej,Household,Tissue Paper,56,1112.34,1469.32,0,180,24,215,7.21,g,2024-08-26 00:00:00,Active
2068,Godrej Chana Dal,Godrej,Grocery,Chana Dal,495,1436.01,1959.76,18,30,49,202,1.39,kg,2025-01-18 00:00:00,Active
2069,Britannia Pet Shampoo,Britannia,Pet Care,Pet Shampoo,443,235.24,270.46,12,365,93,101,1.96,pcs,2026-04-08 00:00:00,Active
2070,Amul Diapers,Amul,Baby Care,Diapers,492,840.33,1004.46,12,60,28,356,2.56,ml,2023-09-18 00:00:00,Active
2071,Sunfeast Floor Cleaner,Sunfeast,Household,Floor Cleaner,58,1435.66,1694.73,18,365,114,437,0.35,pcs,2022-12-04 00:00:00,Active
2072,Amul Hair Oil,Amul,Personal Care,Hair Oil,309,267.69,396.85,5,60,118,238,5.5,pcs,2022-05-07 00:00:00,Active
2073,Amul Juice,Amul,Beverages,Juice,454,743.73,976.45,12,30,81,209,3.45,L,2021-01-07 00:00:00,Active
2074,Nestle Mineral Water,Nestle,Beverages,Mineral Water,42,61.41,73.08,12,30,117,95,1.59,pcs,2022-12-23 00:00:00,Active
2075,Aashirvaad Cheese,Aashirvaad,Dairy,Cheese,299,671.24,1026.43,18,365,94,56,9.32,L,2022-09-11 00:00:00,Active
2076,Lizol Dog Food,Lizol,Pet Care,Dog Food,249,1673.17,1932.55,0,60,24,226,4.17,ml,2025-03-26 00:00:00,Active
2077,Parle Soap,Parle,Personal Care,Soap,196,467.76,711.52,0,90,31,250,2.61,g,2025-01-29 00:00:00,Active
2078,Aashirvaad Frying Pan,Aashirvaad,Kitchen,Frying Pan,287,387.77,509.04,12,30,116,335,4.59,ml,2021-02-28 00:00:00,Active
2079,Amul Baby Lotion,Amul,Baby Care,Baby Lotion,167,707.18,860.29,18,60,30,377,7.65,g,2026-05-02 00:00:00,Active
2080,Godrej Soft Drink,Godrej,Beverages,Soft Drink,425,1050.56,1366.45,18,90,116,305,8.97,L,2026-02-01 00:00:00,Discontinued
2081,Amul Detergent,Amul,Household,Detergent,274,554.42,687.92,0,365,58,408,8.75,ml,2026-06-30 00:00:00,Active
2082,Nivea Juice,Nivea,Beverages,Juice,11,180.52,228.92,12,90,40,297,0.61,pcs,2021-02-21 00:00:00,Active
2083,Fortune Garbage Bags,Fortune,Household,Garbage Bags,61,1447.9,1879.13,0,30,26,297,9.54,pcs,2025-08-22 00:00:00,Active
2084,Tata Face Wash,Tata,Personal Care,Face Wash,215,532.53,766.61,12,180,39,312,5.7,ml,2026-06-12 00:00:00,Active
2085,Fortune Baby Powder,Fortune,Baby Care,Baby Powder,349,919.83,1136.35,0,60,94,55,6.13,L,2022-07-17 00:00:00,Active
2086,Colgate Baby Soap,Colgate,Baby Care,Baby Soap,371,35.36,46.2,5,180,28,161,5.24,ml,2023-02-16 00:00:00,Active
2087,Pedigree Dog Food,Pedigree,Pet Care,Dog Food,226,1385.04,1815,18,180,96,241,4.74,g,2020-12-24 00:00:00,Active
2088,Sunfeast Baby Powder,Sunfeast,Baby Care,Baby Powder,95,412.74,545.41,18,30,105,452,0.95,ml,2023-05-11 00:00:00,Active
2089,Parle Detergent,Parle,Household,Detergent,96,1003.71,1305.18,0,180,89,384,9.17,L,2025-02-18 00:00:00,Active
2090,HUL Soft Drink,HUL,Beverages,Soft Drink,316,107.62,127.16,5,90,55,244,0.32,ml,2026-05-27 00:00:00,Active
2091,Mamaearth Chana Dal,Mamaearth,Grocery,Chana Dal,117,1773.07,2182.99,0,180,98,226,6.58,g,2024-11-07 00:00:00,Active
2092,Aashirvaad Lunch Box,Aashirvaad,Kitchen,Lunch Box,47,1404.67,1934.9,5,365,63,174,4.88,kg,2024-10-01 00:00:00,Active
2093,Godrej Baby Soap,Godrej,Baby Care,Baby Soap,173,962.95,1421.36,12,365,81,449,9.48,g,2025-05-09 00:00:00,Active
2094,Godrej Pressure Cooker,Godrej,Kitchen,Pressure Cooker,160,312.59,397.15,5,365,20,215,2.55,ml,2022-08-28 00:00:00,Active
2095,Tata Shampoo,Tata,Personal Care,Shampoo,286,609.44,690.4,18,365,87,376,9.61,pcs,2022-11-26 00:00:00,Active
2096,HUL Chips,HUL,Snacks,Chips,87,1303.96,1993.64,0,60,29,296,0.44,kg,2022-09-06 00:00:00,Active
2097,Sunfeast Garbage Bags,Sunfeast,Household,Garbage Bags,488,1736.56,2633.8,5,365,80,339,5.29,ml,2026-06-07 00:00:00,Active
2098,Patanjali Lunch Box,Patanjali,Kitchen,Lunch Box,129,1490.06,2117.16,5,90,92,235,7.99,g,2024-04-26 00:00:00,Active
2099,Mamaearth Butter,Mamaearth,Dairy,Butter,219,715.26,893.49,0,60,44,439,1.91,pcs,2021-09-13 00:00:00,Active
2100,Amul Dog Food,Amul,Pet Care,Dog Food,92,593.66,844,18,90,63,400,0.88,kg,2024-12-09 00:00:00,Active
2101,ITC Chips,ITC,Snacks,Chips,153,1305.84,1737.18,12,90,28,253,2.83,ml,2020-11-05 00:00:00,Active
2102,Godrej Milk,Godrej,Dairy,Milk,239,739.34,869.9,12,30,119,100,3.62,ml,2022-11-15 00:00:00,Active
2103,Godrej Cat Food,Godrej,Pet Care,Cat Food,445,319.9,365.28,18,30,81,323,9.09,L,2023-06-22 00:00:00,Active
2104,Patanjali Knife,Patanjali,Kitchen,Knife,260,38.91,59.77,18,60,50,402,5.6,ml,2021-04-27 00:00:00,Active
2105,Britannia Chana Dal,Britannia,Grocery,Chana Dal,172,1435.18,2140.86,18,365,39,167,1.43,ml,2024-05-30 00:00:00,Active
2106,Surf Excel Bottle,Surf Excel,Kitchen,Bottle,236,1271.1,1763.03,0,30,66,72,7.25,pcs,2025-01-28 00:00:00,Active
2107,Parle Pet Shampoo,Parle,Pet Care,Pet Shampoo,38,64.46,75.77,5,30,35,484,5.67,pcs,2024-04-02 00:00:00,Active
2108,HUL Floor Cleaner,HUL,Household,Floor Cleaner,290,419.92,497.29,18,30,54,344,6.51,g,2020-09-23 00:00:00,Active
2109,Dabur Garbage Bags,Dabur,Household,Garbage Bags,275,1074.2,1250.75,12,90,35,89,4.35,g,2021-05-27 00:00:00,Active
2110,Fortune Dog Food,Fortune,Pet Care,Dog Food,463,1088.75,1675.2,18,90,78,204,6.99,kg,2021-02-26 00:00:00,Discontinued
2111,Fortune Shampoo,Fortune,Personal Care,Shampoo,122,1016.9,1343.46,18,60,69,116,3.52,kg,2021-05-09 00:00:00,Active
2112,ITC Knife,ITC,Kitchen,Knife,488,332.4,465.64,18,180,50,438,9.25,ml,2023-08-29 00:00:00,Active
2113,Dabur Cat Food,Dabur,Pet Care,Cat Food,98,1589.14,1956.06,12,60,100,225,8.61,pcs,2021-01-27 00:00:00,Active
2114,Dabur Lunch Box,Dabur,Kitchen,Lunch Box,186,1092.43,1630.79,18,30,63,257,7.55,L,2025-10-03 00:00:00,Active
2115,Dabur Pressure Cooker,Dabur,Kitchen,Pressure Cooker,391,1109.89,1515.76,5,90,88,381,0.29,L,2024-07-14 00:00:00,Active
2116,Colgate Pet Shampoo,Colgate,Pet Care,Pet Shampoo,370,1730.4,2404.2,0,365,56,54,6.05,ml,2022-10-25 00:00:00,Active
2117,Lizol Dog Food,Lizol,Pet Care,Dog Food,86,756.13,940.5,18,180,108,448,9.69,g,2026-07-23 00:00:00,Active
2118,Parle Hair Oil,Parle,Personal Care,Hair Oil,401,1662.27,2019.58,5,30,96,439,0.94,L,2025-12-22 00:00:00,Active
2119,Aashirvaad Atta,Aashirvaad,Grocery,Atta,484,279.73,342.37,0,180,43,469,1.9,L,2022-10-05 00:00:00,Active
2120,Aashirvaad Face Wash,Aashirvaad,Personal Care,Face Wash,7,766.67,1178.34,0,30,86,186,1.35,pcs,2025-06-13 00:00:00,Active
2121,Pedigree Mineral Water,Pedigree,Beverages,Mineral Water,230,956.57,1374.49,12,60,40,344,5.43,g,2024-04-27 00:00:00,Active
2122,Colgate Garbage Bags,Colgate,Household,Garbage Bags,247,1236.64,1869.78,18,30,65,177,8.64,kg,2021-03-04 00:00:00,Active
2123,Dabur Namkeen,Dabur,Snacks,Namkeen,400,1339.03,1767.44,5,180,61,55,0.52,g,2024-01-26 00:00:00,Active
2124,Britannia Coffee,Britannia,Grocery,Coffee,222,1270.16,1770.03,12,180,72,84,8.66,L,2025-08-09 00:00:00,Active
2125,Lizol Pet Shampoo,Lizol,Pet Care,Pet Shampoo,167,460.21,661.39,12,90,104,76,7.17,L,2024-09-16 00:00:00,Active
2126,Sunfeast Juice,Sunfeast,Beverages,Juice,371,1120.35,1543.21,0,180,76,236,8.13,L,2024-07-14 00:00:00,Active
2127,Fortune Soft Drink,Fortune,Beverages,Soft Drink,205,1721.38,2434.17,0,90,60,487,2.2,pcs,2021-08-10 00:00:00,Active
2128,Surf Excel Floor Cleaner,Surf Excel,Household,Floor Cleaner,172,851.83,1208.22,18,60,51,473,8,pcs,2023-03-16 00:00:00,Active
2129,Amul Soft Drink,Amul,Beverages,Soft Drink,175,1682.64,2052.74,5,60,26,142,9.86,ml,2024-04-08 00:00:00,Active
2130,Fortune Biscuits,Fortune,Snacks,Biscuits,12,1368.3,2081.68,12,60,111,469,4.64,kg,2025-09-07 00:00:00,Active
2131,Aashirvaad Detergent,Aashirvaad,Household,Detergent,65,1649.8,2131.37,5,60,61,99,8.21,ml,2025-10-27 00:00:00,Active
2132,Aashirvaad Dishwash Liquid,Aashirvaad,Household,Dishwash Liquid,412,968.76,1292.73,12,30,54,127,1.61,L,2026-02-16 00:00:00,Active
2133,ITC Baby Soap,ITC,Baby Care,Baby Soap,191,155.47,215.62,12,30,36,214,2.4,kg,2022-01-09 00:00:00,Active
2134,Mamaearth Pressure Cooker,Mamaearth,Kitchen,Pressure Cooker,376,177.67,218.05,12,30,64,416,7.45,L,2022-11-14 00:00:00,Active
2135,Pedigree Soap,Pedigree,Personal Care,Soap,171,1287.62,1702.61,18,90,65,304,9.5,ml,2024-11-18 00:00:00,Active
2136,Surf Excel Soft Drink,Surf Excel,Beverages,Soft Drink,143,1142.77,1344.5,18,60,22,480,7.86,kg,2022-07-09 00:00:00,Active
2137,Nivea Chips,Nivea,Snacks,Chips,367,1187.98,1786.09,18,60,60,117,0.19,kg,2025-12-16 00:00:00,Active
2138,Britannia Paneer,Britannia,Dairy,Paneer,311,531.15,607.39,18,365,65,391,6.56,pcs,2024-07-24 00:00:00,Active
2139,Patanjali Paneer,Patanjali,Dairy,Paneer,217,1239.22,1757.06,0,365,25,431,7.68,kg,2023-09-25 00:00:00,Active
2140,Colgate Paneer,Colgate,Dairy,Paneer,376,1322.93,1964.97,5,365,39,298,8.33,pcs,2026-02-26 00:00:00,Active
2141,Pedigree Cheese,Pedigree,Dairy,Cheese,499,384.72,477.38,18,30,69,174,5.59,kg,2024-05-08 00:00:00,Active
2142,Nivea Lunch Box,Nivea,Kitchen,Lunch Box,419,1324.94,1534.41,12,180,96,73,9.93,kg,2026-06-25 00:00:00,Active
2143,Sunfeast Baby Soap,Sunfeast,Baby Care,Baby Soap,83,1369.36,1849.47,18,180,42,318,0.44,ml,2025-03-22 00:00:00,Active
2144,Amul Dog Food,Amul,Pet Care,Dog Food,58,1307.34,2017.11,12,180,39,373,2.01,g,2020-10-17 00:00:00,Active
2145,Dettol Soap,Dettol,Personal Care,Soap,365,935.64,1340.47,0,365,48,75,7.71,pcs,2025-07-24 00:00:00,Active
2526,Tata Cat Food,Tata,Pet Care,Cat Food,145,367.26,421.24,12,30,108,371,2.1,kg,2023-06-21 00:00:00,Active
2146,Mamaearth Frying Pan,Mamaearth,Kitchen,Frying Pan,53,1137.43,1552.56,12,90,56,361,5.53,ml,2020-10-20 00:00:00,Active
2147,Sunfeast Paneer,Sunfeast,Dairy,Paneer,484,873.24,1189.92,18,180,87,313,7.26,ml,2024-04-11 00:00:00,Active
2148,Lizol Bottle,Lizol,Kitchen,Bottle,156,1609.39,1860.65,12,180,25,229,6.72,L,2022-03-11 00:00:00,Active
2149,HUL Mineral Water,HUL,Beverages,Mineral Water,25,1668.14,1932.45,18,60,95,125,0.26,kg,2022-10-06 00:00:00,Active
2150,Colgate Bottle,Colgate,Kitchen,Bottle,123,606.33,885.32,18,180,81,456,2.5,g,2020-12-11 00:00:00,Active
2151,Nivea Pet Shampoo,Nivea,Pet Care,Pet Shampoo,83,873.64,1200.83,18,30,67,194,5.52,g,2022-10-15 00:00:00,Active
2152,Godrej Curd,Godrej,Dairy,Curd,192,1201.64,1417.4,12,90,61,62,6.62,L,2022-11-18 00:00:00,Active
2153,Britannia Tea,Britannia,Grocery,Tea,282,1203.47,1651.21,5,365,83,255,6.35,g,2025-03-10 00:00:00,Active
2154,Fortune Dog Food,Fortune,Pet Care,Dog Food,7,688.85,887.54,5,90,51,319,2.28,kg,2021-09-07 00:00:00,Active
2155,HUL Paneer,HUL,Dairy,Paneer,317,573.48,793.98,5,30,82,404,9.74,L,2023-04-19 00:00:00,Active
2156,Godrej Baby Soap,Godrej,Baby Care,Baby Soap,263,752.76,968.52,18,60,65,101,5.27,ml,2023-08-05 00:00:00,Active
2157,Dettol Floor Cleaner,Dettol,Household,Floor Cleaner,29,1403.71,1953.53,0,60,36,177,0.47,g,2020-08-28 00:00:00,Active
2158,Tata Soap,Tata,Personal Care,Soap,437,697.3,921.33,0,60,66,90,6.63,pcs,2021-03-30 00:00:00,Active
2159,Nestle Toor Dal,Nestle,Grocery,Toor Dal,85,1662.6,2470.39,0,90,28,261,4.09,kg,2022-08-09 00:00:00,Active
2160,Patanjali Curd,Patanjali,Dairy,Curd,284,1048.72,1394.54,12,90,82,375,6.18,pcs,2025-10-21 00:00:00,Active
2161,ITC Energy Drink,ITC,Beverages,Energy Drink,314,597.6,791.02,12,365,56,205,3.1,kg,2025-10-21 00:00:00,Active
2162,Parle Hair Oil,Parle,Personal Care,Hair Oil,202,463.15,627.11,5,30,51,494,4.67,ml,2025-10-20 00:00:00,Active
2163,HUL Detergent,HUL,Household,Detergent,447,1698.29,2513.75,0,365,24,406,1.61,ml,2025-08-05 00:00:00,Active
2164,Nestle Paneer,Nestle,Dairy,Paneer,294,1093.64,1341.75,18,30,69,93,0.34,ml,2023-01-21 00:00:00,Active
2165,Mamaearth Cheese,Mamaearth,Dairy,Cheese,53,1502.46,1762.96,5,90,68,386,6.8,g,2024-07-21 00:00:00,Active
2166,Nivea Cat Food,Nivea,Pet Care,Cat Food,149,1000.7,1455.15,0,30,48,184,0.88,kg,2023-11-22 00:00:00,Active
2167,Nestle Cheese,Nestle,Dairy,Cheese,438,212.89,316.97,0,90,21,225,9.22,g,2024-06-20 00:00:00,Active
2168,Mamaearth Butter,Mamaearth,Dairy,Butter,231,1208.3,1514.22,0,365,66,262,0.11,L,2023-09-17 00:00:00,Active
2169,Nestle Diapers,Nestle,Baby Care,Diapers,235,543.2,799.34,5,30,22,151,1.14,L,2020-10-28 00:00:00,Active
2170,Aashirvaad Baby Soap,Aashirvaad,Baby Care,Baby Soap,79,860.74,1314.3,18,90,104,291,6.04,kg,2024-03-17 00:00:00,Active
2171,HUL Soap,HUL,Personal Care,Soap,231,398.41,616.36,12,90,99,371,5.85,pcs,2021-06-09 00:00:00,Active
2172,Pedigree Soft Drink,Pedigree,Beverages,Soft Drink,383,205.18,249.98,12,30,43,467,6.34,L,2025-09-18 00:00:00,Active
2173,HUL Baby Lotion,HUL,Baby Care,Baby Lotion,231,314.58,455.01,12,60,28,409,6.49,kg,2023-01-22 00:00:00,Active
2174,ITC Baby Powder,ITC,Baby Care,Baby Powder,14,1238.52,1406.42,18,90,57,258,7.89,g,2021-07-03 00:00:00,Active
2175,Sunfeast Baby Lotion,Sunfeast,Baby Care,Baby Lotion,144,1676.87,1893.47,18,90,86,254,4.69,L,2025-09-29 00:00:00,Active
2176,Surf Excel Baby Soap,Surf Excel,Baby Care,Baby Soap,7,465.4,535.12,5,180,33,62,9.88,ml,2023-09-21 00:00:00,Active
2177,Dettol Atta,Dettol,Grocery,Atta,442,883.02,1351.88,5,180,60,343,9.08,pcs,2023-07-07 00:00:00,Active
2178,Dettol Juice,Dettol,Beverages,Juice,454,957.13,1117.52,0,180,33,343,7.06,ml,2023-01-05 00:00:00,Active
2179,Pedigree Toor Dal,Pedigree,Grocery,Toor Dal,138,57.17,86.69,12,90,31,464,3.63,pcs,2025-12-11 00:00:00,Active
2180,HUL Shampoo,HUL,Personal Care,Shampoo,156,431.43,606.01,18,90,67,132,2.37,kg,2024-08-02 00:00:00,Active
2181,HUL Salt,HUL,Grocery,Salt,449,657.94,993.46,0,90,99,405,7.99,pcs,2026-02-22 00:00:00,Active
2182,Patanjali Baby Soap,Patanjali,Baby Care,Baby Soap,491,1299.02,1855.76,18,180,50,103,9.95,g,2023-08-12 00:00:00,Active
2183,Parle Face Wash,Parle,Personal Care,Face Wash,371,502.39,669.68,5,60,115,465,5.65,L,2025-12-20 00:00:00,Active
2184,HUL Baby Soap,HUL,Baby Care,Baby Soap,246,1506.53,1786.71,18,365,78,389,1.02,kg,2022-09-08 00:00:00,Discontinued
2185,Mamaearth Mineral Water,Mamaearth,Beverages,Mineral Water,392,373.35,438.12,18,365,69,275,9.38,ml,2020-12-13 00:00:00,Active
2186,Nestle Garbage Bags,Nestle,Household,Garbage Bags,164,867.68,1057.24,18,365,36,110,8.82,kg,2021-10-02 00:00:00,Active
2187,Sunfeast Detergent,Sunfeast,Household,Detergent,314,1260.01,1729.49,5,90,116,184,3.99,ml,2024-05-03 00:00:00,Active
2188,Dettol Frying Pan,Dettol,Kitchen,Frying Pan,340,42.8,65.21,12,90,82,52,8.48,g,2025-04-20 00:00:00,Active
2189,Parle Mineral Water,Parle,Beverages,Mineral Water,51,863.65,1279.21,18,180,115,348,9.65,L,2024-03-11 00:00:00,Active
2190,Amul Moong Dal,Amul,Grocery,Moong Dal,28,1123.73,1342.48,0,30,105,91,7.86,kg,2021-07-10 00:00:00,Active
2191,Aashirvaad Atta,Aashirvaad,Grocery,Atta,434,772.08,1002.6,18,60,91,182,7.9,pcs,2025-01-30 00:00:00,Active
2192,ITC Curd,ITC,Dairy,Curd,345,1541.92,1727.75,5,60,87,487,3.1,ml,2026-04-26 00:00:00,Active
2193,Nivea Poha,Nivea,Grocery,Poha,101,1537.06,2037.48,5,30,27,185,6.69,pcs,2022-09-28 00:00:00,Active
2194,HUL Pet Shampoo,HUL,Pet Care,Pet Shampoo,462,1136.21,1474.18,12,90,112,264,0.8,g,2021-05-18 00:00:00,Active
2195,Nivea Cheese,Nivea,Dairy,Cheese,211,258.14,304.62,5,30,87,422,9.84,L,2026-05-28 00:00:00,Active
2196,HUL Baby Lotion,HUL,Baby Care,Baby Lotion,212,1493.82,1772.99,12,30,108,371,4.42,g,2023-08-19 00:00:00,Active
2197,Pedigree Mineral Water,Pedigree,Beverages,Mineral Water,237,1070.03,1388.84,18,90,21,478,2.51,g,2024-09-21 00:00:00,Active
2198,HUL Cheese,HUL,Dairy,Cheese,72,1190.58,1833.89,5,180,78,102,1.83,pcs,2026-04-30 00:00:00,Active
2199,Pedigree Hair Oil,Pedigree,Personal Care,Hair Oil,85,1028.29,1525.61,5,90,43,364,4.2,L,2020-10-19 00:00:00,Active
2200,HUL Bottle,HUL,Kitchen,Bottle,220,1445.56,2083.35,18,365,34,496,9.72,kg,2025-01-15 00:00:00,Active
2201,Britannia Soft Drink,Britannia,Beverages,Soft Drink,363,775.56,876.73,0,90,91,305,4.84,L,2024-03-12 00:00:00,Active
2202,Britannia Garbage Bags,Britannia,Household,Garbage Bags,358,1391.1,2102.28,5,180,87,295,9.3,kg,2025-01-25 00:00:00,Active
2203,Nestle Garbage Bags,Nestle,Household,Garbage Bags,374,1243.25,1400.89,12,180,50,289,1.77,ml,2022-04-03 00:00:00,Active
2204,Amul Diapers,Amul,Baby Care,Diapers,261,401.21,482.18,12,30,88,457,0.17,pcs,2024-11-13 00:00:00,Active
2205,HUL Cat Food,HUL,Pet Care,Cat Food,408,1302.85,2002.71,5,365,65,300,8.54,L,2023-01-23 00:00:00,Active
2206,Parle Cheese,Parle,Dairy,Cheese,350,469.92,617.53,0,30,28,295,6.79,ml,2026-01-31 00:00:00,Active
2207,Patanjali Dog Food,Patanjali,Pet Care,Dog Food,493,1283.21,1672.09,12,180,103,287,8.64,kg,2021-12-30 00:00:00,Active
2208,Fortune Garbage Bags,Fortune,Household,Garbage Bags,107,1318.56,1567.71,0,30,89,71,3.68,g,2023-06-24 00:00:00,Active
2209,Mamaearth Knife,Mamaearth,Kitchen,Knife,327,1735.75,2412.97,5,365,79,164,9.62,g,2023-01-06 00:00:00,Active
2210,Surf Excel Cooking Oil,Surf Excel,Grocery,Cooking Oil,326,951.7,1099.96,18,60,111,268,9.82,L,2020-11-29 00:00:00,Active
2211,Amul Biscuits,Amul,Snacks,Biscuits,316,857.41,962.73,18,30,90,201,1.46,ml,2022-08-20 00:00:00,Active
2212,Dabur Butter,Dabur,Dairy,Butter,391,889.75,1263.64,5,180,61,83,1.65,L,2024-05-27 00:00:00,Active
2213,Amul Milk,Amul,Dairy,Milk,17,1723.24,2585.81,0,365,58,402,5.42,L,2025-09-29 00:00:00,Active
2214,Dabur Namkeen,Dabur,Snacks,Namkeen,108,386.26,440.53,18,30,77,118,1.38,L,2022-03-27 00:00:00,Active
2215,Amul Knife,Amul,Kitchen,Knife,140,1274.12,1531.33,5,90,45,283,3.38,g,2021-06-06 00:00:00,Active
2216,Nivea Baby Powder,Nivea,Baby Care,Baby Powder,447,68.79,94.97,18,180,48,113,4.28,ml,2026-04-26 00:00:00,Active
2217,Fortune Lunch Box,Fortune,Kitchen,Lunch Box,1,31.51,38.09,12,90,55,179,0.74,kg,2022-04-23 00:00:00,Active
2218,Godrej Diapers,Godrej,Baby Care,Diapers,352,1050.81,1178.84,12,90,120,426,3.38,kg,2023-06-19 00:00:00,Active
2219,Colgate Butter,Colgate,Dairy,Butter,212,549.29,752.22,5,365,20,350,1.38,kg,2021-10-07 00:00:00,Active
2220,Amul Moong Dal,Amul,Grocery,Moong Dal,209,1182.74,1815.1,18,30,113,418,7.75,kg,2023-01-31 00:00:00,Active
2221,Tata Cookies,Tata,Snacks,Cookies,84,300.24,367.84,5,365,26,216,5.08,pcs,2024-11-25 00:00:00,Active
2222,Dettol Pet Shampoo,Dettol,Pet Care,Pet Shampoo,472,1150.19,1404.45,12,30,109,485,7.16,ml,2020-10-20 00:00:00,Discontinued
2223,Patanjali Cookies,Patanjali,Snacks,Cookies,55,1078.53,1229.62,0,30,62,447,1.68,L,2023-08-08 00:00:00,Active
2224,Dettol Baby Powder,Dettol,Baby Care,Baby Powder,276,809.9,1096.3,5,180,25,163,0.92,ml,2025-11-27 00:00:00,Active
2225,Amul Salt,Amul,Grocery,Salt,411,469.69,720.72,0,365,80,110,8.38,ml,2023-09-04 00:00:00,Active
2226,Dabur Shampoo,Dabur,Personal Care,Shampoo,189,1102.34,1657.85,12,90,104,424,3.71,g,2021-10-18 00:00:00,Active
2227,Colgate Garbage Bags,Colgate,Household,Garbage Bags,307,805.67,1056.49,0,30,107,146,7.87,pcs,2025-06-14 00:00:00,Active
2228,Fortune Juice,Fortune,Beverages,Juice,498,1369.09,1808.74,5,180,52,216,7.69,kg,2021-11-08 00:00:00,Active
2229,Nivea Baby Lotion,Nivea,Baby Care,Baby Lotion,183,1032.43,1552.41,18,30,116,105,8.79,g,2020-09-25 00:00:00,Active
2230,Sunfeast Soft Drink,Sunfeast,Beverages,Soft Drink,193,1281.14,1762.72,0,30,85,150,2.8,ml,2026-07-17 00:00:00,Active
2231,Surf Excel Curd,Surf Excel,Dairy,Curd,301,1149.58,1726.55,5,30,107,303,2.88,kg,2026-01-07 00:00:00,Active
2232,Mamaearth Energy Drink,Mamaearth,Beverages,Energy Drink,65,1592.68,2362.94,18,30,101,218,6.99,kg,2021-08-15 00:00:00,Active
2233,Surf Excel Soft Drink,Surf Excel,Beverages,Soft Drink,452,1223.01,1763.23,12,60,85,237,7.37,pcs,2026-05-03 00:00:00,Active
2234,Surf Excel Lunch Box,Surf Excel,Kitchen,Lunch Box,393,1178.75,1597,12,60,93,289,4.02,g,2022-05-21 00:00:00,Active
2235,Amul Poha,Amul,Grocery,Poha,146,854.42,1139.34,12,90,60,286,6.87,L,2024-09-03 00:00:00,Active
2236,Nestle Toothpaste,Nestle,Personal Care,Toothpaste,207,1532.25,1744.59,5,180,37,247,6.44,L,2024-07-26 00:00:00,Active
2237,Dettol Mineral Water,Dettol,Beverages,Mineral Water,56,1497.17,2316.44,18,30,113,182,2.57,pcs,2021-04-26 00:00:00,Active
2238,Pedigree Knife,Pedigree,Kitchen,Knife,327,935.57,1431.95,0,180,97,410,7.85,ml,2025-12-31 00:00:00,Active
2239,Surf Excel Tissue Paper,Surf Excel,Household,Tissue Paper,255,1365.05,2070,12,180,105,458,5.57,ml,2024-10-19 00:00:00,Active
2240,Fortune Shampoo,Fortune,Personal Care,Shampoo,490,1223.79,1627.87,5,30,76,383,6.73,ml,2021-02-11 00:00:00,Active
2241,Patanjali Baby Lotion,Patanjali,Baby Care,Baby Lotion,321,579.6,655.52,0,180,85,323,2.26,pcs,2024-12-29 00:00:00,Active
2242,Surf Excel Soft Drink,Surf Excel,Beverages,Soft Drink,463,588.96,663.09,5,180,94,350,6.08,g,2021-11-11 00:00:00,Active
2243,Dabur Detergent,Dabur,Household,Detergent,493,415.21,601.61,5,180,60,150,1.67,g,2025-11-12 00:00:00,Active
2244,Fortune Detergent,Fortune,Household,Detergent,305,1127.18,1337.99,0,60,37,115,2.53,ml,2021-10-29 00:00:00,Active
2245,Pedigree Face Wash,Pedigree,Personal Care,Face Wash,125,603.58,684.67,12,90,67,226,6.98,kg,2022-05-03 00:00:00,Active
2246,Britannia Chips,Britannia,Snacks,Chips,38,748.77,990.03,5,180,59,185,9.38,L,2024-09-16 00:00:00,Active
2247,Nestle Cat Food,Nestle,Pet Care,Cat Food,289,1382.26,1612.19,5,365,31,375,1.56,kg,2022-12-01 00:00:00,Active
2248,Dettol Detergent,Dettol,Household,Detergent,79,1326.87,1545.07,5,60,89,382,2.44,kg,2025-11-04 00:00:00,Active
2249,Colgate Toothpaste,Colgate,Personal Care,Toothpaste,344,1010.06,1284.45,0,90,67,239,3.31,L,2025-05-18 00:00:00,Active
2250,Colgate Sugar,Colgate,Grocery,Sugar,4,393.86,497.49,18,180,82,443,5.44,L,2024-10-05 00:00:00,Active
2251,Parle Soft Drink,Parle,Beverages,Soft Drink,99,886.36,1319.67,0,90,106,471,4.17,kg,2024-07-14 00:00:00,Active
2252,Mamaearth Energy Drink,Mamaearth,Beverages,Energy Drink,420,688,966.02,5,180,92,58,1.92,g,2026-06-18 00:00:00,Active
2253,Aashirvaad Cat Food,Aashirvaad,Pet Care,Cat Food,235,1222.61,1579.83,0,180,102,286,0.34,kg,2025-02-05 00:00:00,Active
2254,Britannia Curd,Britannia,Dairy,Curd,107,114.63,157.17,12,90,98,66,4.63,pcs,2022-04-19 00:00:00,Active
2255,Sunfeast Chips,Sunfeast,Snacks,Chips,333,340.44,392.11,5,60,116,401,8.2,pcs,2023-03-26 00:00:00,Active
2256,Dabur Cheese,Dabur,Dairy,Cheese,333,1046.71,1342.41,5,30,20,485,3.44,kg,2020-10-25 00:00:00,Active
2257,Colgate Biscuits,Colgate,Snacks,Biscuits,287,90.19,103.17,5,60,85,169,6.56,ml,2020-12-24 00:00:00,Active
2258,Britannia Namkeen,Britannia,Snacks,Namkeen,166,578.27,801.94,18,365,88,277,7.91,pcs,2025-02-15 00:00:00,Active
2259,Patanjali Chana Dal,Patanjali,Grocery,Chana Dal,266,284.05,402.78,0,30,41,265,9.76,pcs,2025-10-24 00:00:00,Active
2260,Colgate Toothpaste,Colgate,Personal Care,Toothpaste,297,1271.08,1623.47,12,60,114,188,4.96,kg,2022-06-28 00:00:00,Active
2261,Colgate Baby Lotion,Colgate,Baby Care,Baby Lotion,226,1596.72,2441.14,5,90,63,140,3.68,g,2026-02-27 00:00:00,Active
2262,Godrej Pet Shampoo,Godrej,Pet Care,Pet Shampoo,275,852.65,1155.69,12,30,76,51,8.12,pcs,2021-10-02 00:00:00,Active
2263,Dettol Tissue Paper,Dettol,Household,Tissue Paper,223,832.79,1243.39,0,60,98,313,5.05,ml,2024-11-18 00:00:00,Active
2264,Fortune Chocolate,Fortune,Snacks,Chocolate,408,291.79,392.36,5,365,38,255,6.9,kg,2026-01-12 00:00:00,Active
2265,Nestle Baby Soap,Nestle,Baby Care,Baby Soap,101,796.02,891.99,18,30,102,314,9.42,kg,2025-03-16 00:00:00,Active
2266,Patanjali Baby Lotion,Patanjali,Baby Care,Baby Lotion,329,147.57,218.54,18,180,59,291,9.7,pcs,2025-12-25 00:00:00,Active
2267,Dettol Curd,Dettol,Dairy,Curd,64,1055,1268.21,5,90,37,335,6.88,g,2026-05-10 00:00:00,Discontinued
2268,Sunfeast Soap,Sunfeast,Personal Care,Soap,310,1428.37,1651.82,0,365,91,398,2.69,kg,2021-03-27 00:00:00,Active
2269,Nestle Suji,Nestle,Grocery,Suji,400,856.24,1213.82,18,180,33,237,1.79,ml,2025-08-22 00:00:00,Active
2270,Lizol Milk,Lizol,Dairy,Milk,116,1491.21,1707.48,5,180,90,346,3.79,ml,2022-10-05 00:00:00,Active
2271,Parle Pet Shampoo,Parle,Pet Care,Pet Shampoo,43,1171.89,1460.5,0,90,28,96,0.45,pcs,2020-08-01 00:00:00,Active
2272,Lizol Poha,Lizol,Grocery,Poha,285,106.03,123.59,12,30,112,140,0.22,kg,2025-02-24 00:00:00,Active
2273,Lizol Hair Oil,Lizol,Personal Care,Hair Oil,321,306.8,444.22,5,365,42,66,0.91,g,2022-10-22 00:00:00,Active
2274,Pedigree Cat Food,Pedigree,Pet Care,Cat Food,332,1426.14,1887.57,18,90,101,167,8.69,ml,2020-09-27 00:00:00,Active
2275,Fortune Pet Shampoo,Fortune,Pet Care,Pet Shampoo,178,469.11,678.73,5,180,104,397,6.84,L,2025-11-07 00:00:00,Active
2276,Fortune Chips,Fortune,Snacks,Chips,179,163.83,203.51,5,180,57,70,9.42,L,2020-10-25 00:00:00,Active
2277,Dettol Soft Drink,Dettol,Beverages,Soft Drink,393,1688.32,2604.77,5,180,74,457,7.54,pcs,2021-04-27 00:00:00,Active
2278,Nivea Cat Food,Nivea,Pet Care,Cat Food,193,220.65,311.27,0,365,60,225,5.01,kg,2025-06-25 00:00:00,Active
2279,Pedigree Cat Food,Pedigree,Pet Care,Cat Food,267,1188.28,1739.61,12,365,112,250,5.21,kg,2021-11-27 00:00:00,Active
2280,Britannia Tea,Britannia,Grocery,Tea,173,392.42,577.79,18,60,56,426,0.55,L,2023-06-04 00:00:00,Active
2281,Amul Toothpaste,Amul,Personal Care,Toothpaste,224,1023.41,1400.38,5,60,53,241,7.67,L,2024-03-19 00:00:00,Active
2282,Mamaearth Pet Shampoo,Mamaearth,Pet Care,Pet Shampoo,47,210.07,316.7,0,365,67,459,6.96,kg,2023-01-25 00:00:00,Active
2283,Colgate Face Wash,Colgate,Personal Care,Face Wash,343,1616.27,2233.95,12,365,48,469,1.74,g,2024-06-01 00:00:00,Active
2284,Surf Excel Baby Lotion,Surf Excel,Baby Care,Baby Lotion,338,1203.83,1375.37,18,60,103,190,6.96,pcs,2023-03-22 00:00:00,Active
2285,Parle Sugar,Parle,Grocery,Sugar,80,1187.1,1543.22,12,365,83,389,9.33,kg,2025-06-01 00:00:00,Active
2286,Nivea Dishwash Liquid,Nivea,Household,Dishwash Liquid,265,1489.83,2195.61,18,365,33,417,6.14,kg,2022-12-18 00:00:00,Active
2287,Godrej Face Wash,Godrej,Personal Care,Face Wash,229,1101.8,1489.77,12,180,20,200,1.83,g,2026-02-09 00:00:00,Active
2288,Nivea Butter,Nivea,Dairy,Butter,407,1655.15,2339.29,5,30,53,270,0.88,g,2021-09-11 00:00:00,Active
2289,Godrej Pressure Cooker,Godrej,Kitchen,Pressure Cooker,427,629.28,743.77,5,180,77,492,9.43,ml,2024-06-20 00:00:00,Active
2290,Pedigree Frying Pan,Pedigree,Kitchen,Frying Pan,269,827.17,1279.68,18,180,62,200,2.86,pcs,2021-01-13 00:00:00,Active
2291,ITC Cat Food,ITC,Pet Care,Cat Food,471,435.55,488.62,5,365,108,159,4.22,kg,2024-06-17 00:00:00,Active
2292,Dettol Baby Powder,Dettol,Baby Care,Baby Powder,358,609.18,941.88,5,90,68,177,5.21,kg,2022-07-28 00:00:00,Active
2293,Fortune Hair Oil,Fortune,Personal Care,Hair Oil,125,1420.91,1883.79,18,90,72,110,9.22,kg,2025-09-24 00:00:00,Discontinued
2294,Parle Diapers,Parle,Baby Care,Diapers,123,1273.87,1810.84,0,180,23,386,4.25,pcs,2024-06-03 00:00:00,Active
2295,HUL Moong Dal,HUL,Grocery,Moong Dal,362,197.32,223.98,5,180,101,203,2.49,kg,2023-02-06 00:00:00,Active
2296,Dabur Pet Shampoo,Dabur,Pet Care,Pet Shampoo,367,1458.04,2205.79,18,30,88,261,6.39,g,2023-01-06 00:00:00,Active
2297,Colgate Cat Food,Colgate,Pet Care,Cat Food,413,350.67,402.19,0,60,100,89,2.18,kg,2024-03-12 00:00:00,Active
2298,Lizol Chocolate,Lizol,Snacks,Chocolate,464,978.16,1431.16,18,180,29,213,7,L,2024-07-04 00:00:00,Active
2299,Surf Excel Bottle,Surf Excel,Kitchen,Bottle,222,731.39,892.01,12,90,30,317,9.31,g,2023-03-16 00:00:00,Active
2300,Dabur Frying Pan,Dabur,Kitchen,Frying Pan,88,619.38,713.95,18,180,94,71,9.12,L,2024-05-01 00:00:00,Active
2301,Mamaearth Face Wash,Mamaearth,Personal Care,Face Wash,390,1661.38,2293.47,12,60,88,306,8.92,pcs,2023-07-10 00:00:00,Discontinued
2302,Aashirvaad Dog Food,Aashirvaad,Pet Care,Dog Food,343,290.1,355.17,5,60,98,326,5.6,ml,2025-08-15 00:00:00,Active
2303,Dabur Biscuits,Dabur,Snacks,Biscuits,222,1653.57,1999.88,18,365,75,200,1.36,ml,2024-06-19 00:00:00,Active
2304,Sunfeast Pet Shampoo,Sunfeast,Pet Care,Pet Shampoo,360,258.09,393.91,12,60,80,123,5.34,ml,2022-07-01 00:00:00,Discontinued
2305,Amul Soft Drink,Amul,Beverages,Soft Drink,230,917.89,1388.3,5,90,76,90,9.57,kg,2022-05-12 00:00:00,Active
2306,HUL Knife,HUL,Kitchen,Knife,417,489.74,681.87,12,180,51,225,8.92,g,2024-12-30 00:00:00,Active
2307,Lizol Namkeen,Lizol,Snacks,Namkeen,29,1165.11,1689.24,12,90,47,223,5.35,pcs,2024-01-02 00:00:00,Active
2308,Dettol Sugar,Dettol,Grocery,Sugar,423,408.82,569.69,5,60,90,226,8.18,ml,2021-11-15 00:00:00,Active
2309,Dabur Toor Dal,Dabur,Grocery,Toor Dal,373,1422.76,1619.04,5,90,63,222,2.97,ml,2023-02-21 00:00:00,Active
2310,Dettol Energy Drink,Dettol,Beverages,Energy Drink,54,1173.89,1462.74,18,180,91,325,8.55,kg,2024-05-04 00:00:00,Active
2311,Sunfeast Baby Soap,Sunfeast,Baby Care,Baby Soap,271,1566.96,2065.1,18,90,68,361,0.2,L,2023-06-14 00:00:00,Active
2312,Lizol Face Wash,Lizol,Personal Care,Face Wash,365,1346.81,1628.44,5,365,29,403,1.71,pcs,2021-04-24 00:00:00,Active
2313,Dettol Garbage Bags,Dettol,Household,Garbage Bags,6,1653.67,2163.35,18,60,50,396,6.19,L,2026-03-13 00:00:00,Active
2314,Colgate Shampoo,Colgate,Personal Care,Shampoo,13,505.14,671.8,12,60,27,93,1.37,kg,2024-03-01 00:00:00,Active
2315,Nestle Juice,Nestle,Beverages,Juice,256,445.76,680.45,0,180,38,328,2.32,L,2022-01-16 00:00:00,Active
2316,Nivea Moong Dal,Nivea,Grocery,Moong Dal,277,1398.48,1611.82,0,30,66,469,2.26,ml,2022-10-08 00:00:00,Active
2317,Sunfeast Mineral Water,Sunfeast,Beverages,Mineral Water,336,833.22,979.53,18,180,41,311,7.69,kg,2026-04-28 00:00:00,Discontinued
2318,Pedigree Baby Soap,Pedigree,Baby Care,Baby Soap,237,785.22,1089.12,12,90,83,224,5.73,pcs,2022-11-03 00:00:00,Active
2319,Aashirvaad Detergent,Aashirvaad,Household,Detergent,353,593.72,830.54,18,60,92,413,6.35,ml,2024-03-21 00:00:00,Active
2320,Fortune Bottle,Fortune,Kitchen,Bottle,320,1617.16,2200.04,12,60,108,210,1.4,L,2025-04-19 00:00:00,Active
2321,Surf Excel Cooking Oil,Surf Excel,Grocery,Cooking Oil,397,1166.75,1557.92,0,180,103,210,1.05,kg,2025-06-09 00:00:00,Active
2322,Fortune Chips,Fortune,Snacks,Chips,152,1500.53,1922.08,12,90,39,80,8.06,kg,2025-12-03 00:00:00,Active
2323,Sunfeast Namkeen,Sunfeast,Snacks,Namkeen,238,1380.59,2069.69,5,30,85,424,7.77,g,2024-11-20 00:00:00,Active
2324,Tata Salt,Tata,Grocery,Salt,371,1234.52,1511.11,0,60,114,195,8.79,L,2025-10-25 00:00:00,Active
2325,Patanjali Chocolate,Patanjali,Snacks,Chocolate,149,1797.62,2350.74,0,365,52,96,1.84,kg,2025-04-12 00:00:00,Active
2326,Dabur Moong Dal,Dabur,Grocery,Moong Dal,299,646.14,882.51,0,30,56,468,4.84,L,2023-07-08 00:00:00,Active
2327,Aashirvaad Soft Drink,Aashirvaad,Beverages,Soft Drink,284,554.94,623.48,0,30,46,459,3.1,g,2024-08-18 00:00:00,Active
2328,Lizol Bottle,Lizol,Kitchen,Bottle,393,137.55,166.73,18,60,79,268,5.51,kg,2026-01-09 00:00:00,Active
2329,Parle Mineral Water,Parle,Beverages,Mineral Water,14,222.01,259.77,5,365,31,406,7.11,pcs,2022-12-25 00:00:00,Active
2330,ITC Juice,ITC,Beverages,Juice,287,532.65,793.38,0,60,99,319,9.51,kg,2021-03-10 00:00:00,Active
2331,Mamaearth Pressure Cooker,Mamaearth,Kitchen,Pressure Cooker,415,693.03,899.02,12,60,44,109,8.26,kg,2025-04-25 00:00:00,Active
2332,Parle Tea,Parle,Grocery,Tea,165,140.13,170.02,18,365,113,468,6.99,kg,2025-07-27 00:00:00,Active
2333,Colgate Biscuits,Colgate,Snacks,Biscuits,251,1587.59,2205.47,0,90,111,500,6.99,kg,2024-11-16 00:00:00,Active
2334,Patanjali Milk,Patanjali,Dairy,Milk,48,1248.05,1881.84,0,365,117,295,2.98,L,2024-07-01 00:00:00,Active
2335,HUL Atta,HUL,Grocery,Atta,12,1304.09,1898.94,5,90,53,353,3.74,kg,2024-08-30 00:00:00,Active
2336,Surf Excel Paneer,Surf Excel,Dairy,Paneer,30,862.43,1110.86,18,180,64,434,7.06,L,2026-03-11 00:00:00,Active
2337,HUL Dog Food,HUL,Pet Care,Dog Food,383,149.31,191.45,5,30,70,63,8.37,ml,2022-10-08 00:00:00,Active
2338,ITC Pressure Cooker,ITC,Kitchen,Pressure Cooker,382,1179.4,1753.41,0,90,118,403,7.57,kg,2022-09-27 00:00:00,Active
2339,Britannia Baby Powder,Britannia,Baby Care,Baby Powder,12,772.78,1154.49,0,90,96,361,2.88,pcs,2022-06-15 00:00:00,Active
2340,Pedigree Diapers,Pedigree,Baby Care,Diapers,393,453.33,647.24,5,60,108,286,0.69,ml,2025-10-31 00:00:00,Active
2341,Amul Garbage Bags,Amul,Household,Garbage Bags,444,1409.71,1930.46,0,90,103,74,5.64,g,2025-03-17 00:00:00,Active
2342,Patanjali Mineral Water,Patanjali,Beverages,Mineral Water,208,1522.22,2227.93,12,365,119,301,3,pcs,2024-04-16 00:00:00,Active
2343,Pedigree Knife,Pedigree,Kitchen,Knife,240,1577.36,1882.69,12,365,113,52,8.42,ml,2024-12-08 00:00:00,Active
2344,Nivea Bottle,Nivea,Kitchen,Bottle,192,1511.66,1784.95,12,90,65,211,9.99,kg,2023-05-28 00:00:00,Active
2345,Colgate Cheese,Colgate,Dairy,Cheese,471,1410.38,2164.17,12,365,41,448,7.53,ml,2021-06-04 00:00:00,Active
2346,Nivea Knife,Nivea,Kitchen,Knife,450,1283.13,1544.95,5,60,50,322,0.27,L,2024-12-05 00:00:00,Active
2347,Dettol Baby Soap,Dettol,Baby Care,Baby Soap,216,664.9,833.66,12,365,75,427,4.85,L,2021-01-30 00:00:00,Active
2348,ITC Energy Drink,ITC,Beverages,Energy Drink,55,247.53,319.84,18,90,64,136,5.79,ml,2023-02-02 00:00:00,Active
2349,Tata Paneer,Tata,Dairy,Paneer,53,931.39,1045.11,0,90,52,459,0.89,ml,2023-12-15 00:00:00,Active
2350,Patanjali Paneer,Patanjali,Dairy,Paneer,38,1269.94,1909.23,18,365,68,110,1.11,ml,2020-12-03 00:00:00,Active
2351,ITC Energy Drink,ITC,Beverages,Energy Drink,205,174.45,240.96,0,90,63,223,7.12,L,2023-10-30 00:00:00,Active
2352,Dabur Dishwash Liquid,Dabur,Household,Dishwash Liquid,127,1338.61,1787.49,18,365,116,180,9.26,g,2021-10-25 00:00:00,Active
2353,Amul Paneer,Amul,Dairy,Paneer,347,369.15,552.7,12,90,55,223,8.49,L,2025-03-03 00:00:00,Active
2354,Amul Baby Lotion,Amul,Baby Care,Baby Lotion,45,427.1,479.63,0,365,72,379,9.8,g,2021-11-04 00:00:00,Active
2355,Surf Excel Biscuits,Surf Excel,Snacks,Biscuits,465,686.89,942.71,12,60,108,100,6.55,ml,2022-11-19 00:00:00,Active
2356,Surf Excel Energy Drink,Surf Excel,Beverages,Energy Drink,403,428.68,547.89,0,365,61,478,6.82,ml,2021-03-21 00:00:00,Active
2357,Amul Mineral Water,Amul,Beverages,Mineral Water,44,1408.89,1944.21,18,90,24,328,1.22,g,2026-03-30 00:00:00,Active
2358,HUL Soap,HUL,Personal Care,Soap,129,506.04,681.59,12,60,115,292,8.15,kg,2021-01-09 00:00:00,Active
2359,Lizol Baby Powder,Lizol,Baby Care,Baby Powder,339,1671.4,2109.66,12,30,59,465,1.89,L,2021-06-24 00:00:00,Active
2360,Mamaearth Diapers,Mamaearth,Baby Care,Diapers,44,602.81,710.97,18,90,75,116,4.8,g,2026-05-15 00:00:00,Active
2361,Colgate Atta,Colgate,Grocery,Atta,455,1740.82,2505.51,0,180,46,188,3.13,pcs,2025-11-02 00:00:00,Active
2362,Mamaearth Toothpaste,Mamaearth,Personal Care,Toothpaste,61,343.66,431.16,18,60,90,166,8.25,ml,2024-02-29 00:00:00,Active
2363,Lizol Frying Pan,Lizol,Kitchen,Frying Pan,350,1297.4,1836.27,0,30,31,277,0.23,pcs,2021-01-17 00:00:00,Active
2364,Pedigree Curd,Pedigree,Dairy,Curd,230,521.71,731.5,18,30,114,428,2.47,L,2024-07-01 00:00:00,Active
2365,Fortune Hair Oil,Fortune,Personal Care,Hair Oil,148,175.4,265.91,5,60,60,415,3.57,g,2022-10-23 00:00:00,Active
2366,Patanjali Knife,Patanjali,Kitchen,Knife,415,877.86,1237.81,18,90,71,387,4.97,pcs,2025-08-29 00:00:00,Active
2367,Parle Juice,Parle,Beverages,Juice,141,754.98,951.32,18,180,32,473,0.92,pcs,2023-01-03 00:00:00,Active
2368,Dettol Cheese,Dettol,Dairy,Cheese,268,1728.22,2437.32,12,30,112,51,4.93,pcs,2023-12-13 00:00:00,Active
2369,ITC Baby Lotion,ITC,Baby Care,Baby Lotion,131,551.74,713.16,18,30,33,348,8.58,g,2023-05-29 00:00:00,Active
2370,Fortune Cat Food,Fortune,Pet Care,Cat Food,448,322.84,468.12,18,60,113,466,7.72,pcs,2026-03-01 00:00:00,Active
2371,HUL Floor Cleaner,HUL,Household,Floor Cleaner,248,902.22,1290.44,12,365,106,479,9.72,ml,2022-03-01 00:00:00,Active
2372,Nivea Cooking Oil,Nivea,Grocery,Cooking Oil,76,1015.51,1190.21,12,60,42,221,9.32,g,2021-01-08 00:00:00,Active
2373,Nivea Pressure Cooker,Nivea,Kitchen,Pressure Cooker,208,1744.51,2520.17,18,365,94,80,6.18,ml,2022-07-06 00:00:00,Active
2374,Nivea Sugar,Nivea,Grocery,Sugar,432,783.22,1183.87,5,365,47,474,5.75,L,2026-03-06 00:00:00,Active
2375,Sunfeast Baby Soap,Sunfeast,Baby Care,Baby Soap,69,1368,1925.48,0,30,21,146,6.86,ml,2021-03-16 00:00:00,Active
2376,Britannia Cooking Oil,Britannia,Grocery,Cooking Oil,398,1462.18,1944.1,0,365,100,312,7.54,ml,2022-01-26 00:00:00,Active
2377,Dabur Baby Powder,Dabur,Baby Care,Baby Powder,407,80.3,117.58,0,365,85,170,2.8,L,2023-07-09 00:00:00,Active
2378,Fortune Diapers,Fortune,Baby Care,Diapers,479,980.37,1462.76,5,365,72,227,0.69,ml,2026-04-09 00:00:00,Active
2379,Sunfeast Toothpaste,Sunfeast,Personal Care,Toothpaste,242,580.24,683.11,18,90,106,191,0.99,pcs,2025-08-31 00:00:00,Active
2380,Dettol Pressure Cooker,Dettol,Kitchen,Pressure Cooker,245,1796.32,2221.55,12,30,25,149,3.14,g,2026-02-09 00:00:00,Active
2381,Colgate Sugar,Colgate,Grocery,Sugar,116,1755.32,2265.76,0,60,36,482,7.46,L,2021-01-20 00:00:00,Active
2382,HUL Tissue Paper,HUL,Household,Tissue Paper,367,446.12,617.01,0,180,116,446,8.22,kg,2023-06-22 00:00:00,Active
2527,Aashirvaad Rice,Aashirvaad,Grocery,Rice,285,520.01,663.92,5,90,65,232,6.26,L,2024-11-02 00:00:00,Active
2383,ITC Mineral Water,ITC,Beverages,Mineral Water,332,787.33,997.88,5,90,79,254,7.47,L,2023-07-04 00:00:00,Active
2384,Patanjali Garbage Bags,Patanjali,Household,Garbage Bags,304,875.71,1219.11,0,30,112,458,3.65,g,2025-04-17 00:00:00,Active
2385,Patanjali Baby Powder,Patanjali,Baby Care,Baby Powder,112,257.77,336.86,12,60,39,322,9.44,ml,2021-07-26 00:00:00,Active
2386,Dettol Knife,Dettol,Kitchen,Knife,438,264.57,385.8,5,180,106,140,1.94,pcs,2022-10-31 00:00:00,Active
2387,HUL Salt,HUL,Grocery,Salt,376,1295.67,1910.54,0,30,89,404,5.88,g,2023-10-28 00:00:00,Active
2388,Patanjali Soap,Patanjali,Personal Care,Soap,102,1341.37,1508.76,5,60,117,150,6.86,pcs,2023-12-23 00:00:00,Active
2389,Nivea Knife,Nivea,Kitchen,Knife,393,516.46,666.96,0,60,66,380,4.92,pcs,2022-02-26 00:00:00,Active
2390,Dettol Toor Dal,Dettol,Grocery,Toor Dal,269,406.13,472.51,12,30,81,265,5.76,ml,2021-07-09 00:00:00,Active
2391,Tata Baby Soap,Tata,Baby Care,Baby Soap,155,1521.81,1937.74,5,30,67,300,6.69,pcs,2025-07-09 00:00:00,Active
2392,Dabur Pet Shampoo,Dabur,Pet Care,Pet Shampoo,106,791.61,896.85,5,180,45,381,9.7,pcs,2026-05-14 00:00:00,Active
2393,Pedigree Bottle,Pedigree,Kitchen,Bottle,68,379.46,543.43,5,365,24,163,6.07,pcs,2021-08-11 00:00:00,Active
2394,Surf Excel Pet Shampoo,Surf Excel,Pet Care,Pet Shampoo,42,1554.58,2194.16,12,30,50,134,1.04,pcs,2021-02-24 00:00:00,Active
2395,Tata Baby Soap,Tata,Baby Care,Baby Soap,373,1406.19,1986.67,0,60,62,55,4.02,ml,2020-10-26 00:00:00,Active
2396,Britannia Lunch Box,Britannia,Kitchen,Lunch Box,153,734.84,967.66,18,180,80,97,8.72,pcs,2023-01-31 00:00:00,Active
2397,HUL Lunch Box,HUL,Kitchen,Lunch Box,371,269.05,368.85,0,30,49,320,3.42,L,2021-08-19 00:00:00,Active
2398,Dabur Cat Food,Dabur,Pet Care,Cat Food,290,287.58,362.31,18,60,106,276,3.02,pcs,2025-09-13 00:00:00,Active
2399,Pedigree Baby Powder,Pedigree,Baby Care,Baby Powder,470,1092.64,1512.75,12,30,45,334,5.67,L,2024-02-19 00:00:00,Active
2400,Tata Face Wash,Tata,Personal Care,Face Wash,189,792.33,1113.13,5,30,80,79,5.18,g,2025-07-10 00:00:00,Active
2401,Amul Chips,Amul,Snacks,Chips,484,1197,1719.62,18,60,68,393,3.82,g,2021-03-20 00:00:00,Active
2402,Patanjali Diapers,Patanjali,Baby Care,Diapers,88,1299.87,1918.01,5,90,84,281,2.75,g,2022-03-20 00:00:00,Active
2403,Sunfeast Butter,Sunfeast,Dairy,Butter,64,24.08,27.96,0,365,21,204,5.53,ml,2024-10-27 00:00:00,Active
2404,Dettol Suji,Dettol,Grocery,Suji,79,386.05,574.95,18,90,58,436,4.53,pcs,2021-06-24 00:00:00,Active
2405,Surf Excel Energy Drink,Surf Excel,Beverages,Energy Drink,481,652.97,833.27,12,30,81,270,7.97,pcs,2024-08-18 00:00:00,Active
2406,Nestle Energy Drink,Nestle,Beverages,Energy Drink,481,1654.45,2061.17,12,365,33,57,2.93,ml,2024-12-04 00:00:00,Active
2407,Colgate Face Wash,Colgate,Personal Care,Face Wash,131,1731.04,2560.59,18,60,108,169,5.44,pcs,2021-04-14 00:00:00,Active
2408,Surf Excel Floor Cleaner,Surf Excel,Household,Floor Cleaner,170,1698.94,1924.73,18,180,64,94,5.58,ml,2022-04-28 00:00:00,Active
2409,Dettol Face Wash,Dettol,Personal Care,Face Wash,386,176.67,238.03,5,180,55,175,8.17,L,2022-04-02 00:00:00,Active
2410,Pedigree Baby Soap,Pedigree,Baby Care,Baby Soap,81,397.56,452.2,12,30,39,172,0.55,pcs,2022-06-14 00:00:00,Active
2411,Sunfeast Baby Soap,Sunfeast,Baby Care,Baby Soap,85,1446.95,2213.1,12,60,58,446,8.76,L,2021-10-05 00:00:00,Active
2412,Dabur Baby Soap,Dabur,Baby Care,Baby Soap,53,1794.19,2153.5,12,180,24,471,2.43,ml,2023-11-27 00:00:00,Active
2413,Britannia Frying Pan,Britannia,Kitchen,Frying Pan,215,389.09,580.97,12,180,74,50,9.06,pcs,2020-12-07 00:00:00,Active
2414,Sunfeast Energy Drink,Sunfeast,Beverages,Energy Drink,221,478.31,592.52,0,30,74,91,1.94,kg,2022-06-16 00:00:00,Active
2415,Mamaearth Salt,Mamaearth,Grocery,Salt,161,1471.82,1904.79,12,365,120,259,7.13,kg,2022-06-21 00:00:00,Active
2416,Fortune Rice,Fortune,Grocery,Rice,114,233.88,314.36,5,60,67,117,8.47,ml,2021-10-19 00:00:00,Active
2417,Nestle Baby Lotion,Nestle,Baby Care,Baby Lotion,162,1469.64,1971.84,0,30,41,350,3.45,ml,2021-03-26 00:00:00,Active
2418,Nestle Pressure Cooker,Nestle,Kitchen,Pressure Cooker,36,1784.86,2677.72,5,90,65,488,4.71,pcs,2026-01-18 00:00:00,Active
2419,Britannia Garbage Bags,Britannia,Household,Garbage Bags,414,701.81,1061.95,0,365,57,361,5.73,pcs,2022-07-20 00:00:00,Active
2420,Britannia Baby Soap,Britannia,Baby Care,Baby Soap,295,1580.6,1998.67,0,365,48,476,9.29,ml,2023-06-22 00:00:00,Active
2421,Colgate Cheese,Colgate,Dairy,Cheese,248,1433.99,1909.72,0,365,21,378,3.18,g,2023-02-25 00:00:00,Active
2422,Nivea Soft Drink,Nivea,Beverages,Soft Drink,434,1634.3,2500.99,12,30,82,409,1.1,ml,2025-08-27 00:00:00,Active
2423,Parle Soft Drink,Parle,Beverages,Soft Drink,296,147.49,177.54,12,60,37,71,5.67,L,2021-09-18 00:00:00,Active
2424,Lizol Salt,Lizol,Grocery,Salt,476,1572.92,1811.07,18,180,66,317,5.6,ml,2022-08-21 00:00:00,Active
2425,Nivea Cat Food,Nivea,Pet Care,Cat Food,35,27.33,35.3,5,180,120,429,1.4,kg,2020-11-19 00:00:00,Active
2426,Mamaearth Chana Dal,Mamaearth,Grocery,Chana Dal,38,1794,2295.17,18,90,82,394,1.02,kg,2022-11-08 00:00:00,Active
2427,ITC Baby Lotion,ITC,Baby Care,Baby Lotion,342,982.55,1480.37,5,60,106,364,8.45,g,2022-02-20 00:00:00,Active
2428,Tata Cookies,Tata,Snacks,Cookies,394,1056.93,1522.59,18,365,112,119,0.69,g,2024-06-02 00:00:00,Active
2429,Pedigree Toothpaste,Pedigree,Personal Care,Toothpaste,259,783.4,1099.1,0,30,94,410,3.93,kg,2022-01-16 00:00:00,Active
2430,Fortune Baby Lotion,Fortune,Baby Care,Baby Lotion,46,656.37,832.16,0,60,116,75,8.44,ml,2021-02-19 00:00:00,Active
2431,Godrej Butter,Godrej,Dairy,Butter,456,1400.11,2134.91,0,90,52,432,7.98,ml,2023-09-13 00:00:00,Active
2432,Pedigree Pressure Cooker,Pedigree,Kitchen,Pressure Cooker,20,906.72,1055.38,5,90,74,338,3.32,L,2022-04-07 00:00:00,Active
2433,Sunfeast Detergent,Sunfeast,Household,Detergent,436,35.63,50.33,12,365,24,261,8.29,ml,2021-05-17 00:00:00,Active
2434,Pedigree Diapers,Pedigree,Baby Care,Diapers,327,1010.14,1428.57,12,365,103,70,4.92,g,2026-02-10 00:00:00,Active
2435,Fortune Soap,Fortune,Personal Care,Soap,9,270.39,374.77,12,365,65,282,9.31,ml,2024-12-27 00:00:00,Active
2436,Patanjali Cookies,Patanjali,Snacks,Cookies,148,1218.95,1693.92,18,180,116,249,6.09,pcs,2024-11-05 00:00:00,Active
2437,Nestle Juice,Nestle,Beverages,Juice,147,712.48,1060.44,18,60,87,372,4.07,ml,2025-03-24 00:00:00,Discontinued
2438,Mamaearth Baby Soap,Mamaearth,Baby Care,Baby Soap,401,1633.35,1923.99,18,60,97,462,4.52,ml,2023-03-18 00:00:00,Active
2439,Parle Diapers,Parle,Baby Care,Diapers,223,1387.18,1875.83,0,60,59,355,5.27,L,2023-03-12 00:00:00,Active
2440,Lizol Diapers,Lizol,Baby Care,Diapers,190,1176.08,1380.39,18,60,83,431,4.96,L,2024-12-19 00:00:00,Active
2441,Lizol Paneer,Lizol,Dairy,Paneer,368,1714.04,2071.76,5,90,38,190,1.88,g,2022-11-20 00:00:00,Active
2442,Britannia Tissue Paper,Britannia,Household,Tissue Paper,429,16.23,20.42,12,365,69,499,0.72,g,2022-02-04 00:00:00,Active
2443,Parle Moong Dal,Parle,Grocery,Moong Dal,375,29.73,37.9,5,90,45,442,0.97,kg,2023-11-10 00:00:00,Active
2444,Amul Tissue Paper,Amul,Household,Tissue Paper,320,602.96,924.39,5,90,104,126,2.5,g,2026-06-14 00:00:00,Active
2445,Pedigree Milk,Pedigree,Dairy,Milk,450,167.08,197.68,12,90,115,165,7.28,L,2025-11-18 00:00:00,Active
2446,Amul Paneer,Amul,Dairy,Paneer,405,1456.29,1968.1,18,365,48,185,6.98,g,2022-09-09 00:00:00,Active
2447,Mamaearth Cat Food,Mamaearth,Pet Care,Cat Food,448,1375.28,1629.69,12,30,116,126,1.06,kg,2024-06-16 00:00:00,Active
2448,HUL Knife,HUL,Kitchen,Knife,482,180.52,240.38,0,365,33,384,0.25,kg,2026-01-01 00:00:00,Active
2449,Fortune Baby Powder,Fortune,Baby Care,Baby Powder,238,305.29,395.54,18,60,106,220,3.68,ml,2023-04-20 00:00:00,Active
2450,Parle Toothpaste,Parle,Personal Care,Toothpaste,154,759.37,1101.02,5,60,115,437,9.92,g,2022-12-20 00:00:00,Active
2451,Parle Shampoo,Parle,Personal Care,Shampoo,60,1156.32,1395.81,0,180,87,397,5.62,g,2024-09-28 00:00:00,Active
2452,HUL Detergent,HUL,Household,Detergent,284,464.4,593.12,5,365,80,131,0.17,L,2025-09-09 00:00:00,Active
2453,Sunfeast Cat Food,Sunfeast,Pet Care,Cat Food,273,1648.42,2348.49,5,365,89,303,3.06,pcs,2022-11-04 00:00:00,Active
2454,Lizol Chips,Lizol,Snacks,Chips,432,574.43,661.21,5,180,91,234,6.08,kg,2020-09-13 00:00:00,Active
2455,Parle Namkeen,Parle,Snacks,Namkeen,247,185.08,259.4,12,30,52,454,9.55,g,2023-03-30 00:00:00,Active
2456,Sunfeast Milk,Sunfeast,Dairy,Milk,183,160.69,243.68,5,365,120,494,6.02,L,2026-01-01 00:00:00,Active
2457,Godrej Cat Food,Godrej,Pet Care,Cat Food,305,1677.86,2033.26,18,30,35,399,8.53,g,2025-05-05 00:00:00,Active
2458,Mamaearth Mineral Water,Mamaearth,Beverages,Mineral Water,222,1680.11,2000.66,18,30,31,62,7.53,g,2024-09-01 00:00:00,Active
2459,Fortune Shampoo,Fortune,Personal Care,Shampoo,187,553.23,762.27,12,365,111,261,6.31,pcs,2025-11-17 00:00:00,Active
2460,Surf Excel Butter,Surf Excel,Dairy,Butter,477,735.2,1123.13,5,30,66,343,5.95,ml,2025-05-17 00:00:00,Active
2461,Colgate Energy Drink,Colgate,Beverages,Energy Drink,66,1760.07,2137.47,18,90,94,494,0.55,g,2023-09-17 00:00:00,Active
2462,Dabur Biscuits,Dabur,Snacks,Biscuits,136,423.96,584.6,0,180,21,198,4.56,kg,2026-04-23 00:00:00,Discontinued
2463,Sunfeast Knife,Sunfeast,Kitchen,Knife,242,1006.7,1261.55,18,90,20,285,0.28,ml,2021-03-21 00:00:00,Active
2464,Amul Tissue Paper,Amul,Household,Tissue Paper,194,21.66,33.27,5,60,90,486,1.63,g,2023-07-31 00:00:00,Active
2465,Nestle Knife,Nestle,Kitchen,Knife,440,1052.14,1598.21,18,365,41,296,5.6,L,2024-06-20 00:00:00,Active
2466,Godrej Namkeen,Godrej,Snacks,Namkeen,106,1279.34,1551.41,5,30,58,419,7.81,pcs,2024-08-27 00:00:00,Discontinued
2467,Britannia Baby Powder,Britannia,Baby Care,Baby Powder,495,1621.74,2095.91,18,30,54,328,3.59,g,2024-08-12 00:00:00,Active
2468,Godrej Mineral Water,Godrej,Beverages,Mineral Water,416,381.97,483.66,12,365,91,96,1.21,pcs,2021-12-06 00:00:00,Active
2469,Nestle Baby Soap,Nestle,Baby Care,Baby Soap,61,289.93,357.31,0,180,115,170,4.73,kg,2025-01-31 00:00:00,Active
2470,Nivea Toor Dal,Nivea,Grocery,Toor Dal,405,1282.92,1954.31,18,90,100,320,1.04,ml,2020-08-01 00:00:00,Active
2471,Nivea Dishwash Liquid,Nivea,Household,Dishwash Liquid,294,1454.59,2073.07,12,60,29,368,2.54,pcs,2024-08-21 00:00:00,Active
2472,Colgate Curd,Colgate,Dairy,Curd,173,360.26,510.28,18,60,82,254,4.67,pcs,2024-11-04 00:00:00,Active
2473,Mamaearth Cat Food,Mamaearth,Pet Care,Cat Food,218,389.14,567.75,0,60,119,208,0.98,L,2021-06-23 00:00:00,Discontinued
2474,Tata Cheese,Tata,Dairy,Cheese,285,407.8,599.48,0,365,103,328,8.01,g,2024-02-28 00:00:00,Active
2475,Patanjali Dog Food,Patanjali,Pet Care,Dog Food,348,372.86,514.91,18,180,34,236,8.67,kg,2021-12-22 00:00:00,Active
2476,Pedigree Curd,Pedigree,Dairy,Curd,496,204.68,256.34,0,90,56,143,7.52,ml,2025-06-11 00:00:00,Discontinued
2477,Dabur Pet Shampoo,Dabur,Pet Care,Pet Shampoo,300,1368.28,1686.36,0,30,20,492,7.29,ml,2024-06-23 00:00:00,Active
2478,Dettol Baby Soap,Dettol,Baby Care,Baby Soap,430,1271.7,1434.45,0,90,81,164,5.35,kg,2022-12-31 00:00:00,Active
2479,HUL Diapers,HUL,Baby Care,Diapers,19,705.98,845.8,18,30,25,460,1.89,g,2025-01-29 00:00:00,Active
2480,HUL Baby Soap,HUL,Baby Care,Baby Soap,261,1219.21,1395.47,18,365,92,274,9.81,L,2021-05-04 00:00:00,Active
2481,Tata Dog Food,Tata,Pet Care,Dog Food,317,661.01,934.19,5,60,118,498,4.94,kg,2023-02-19 00:00:00,Active
2482,Pedigree Dishwash Liquid,Pedigree,Household,Dishwash Liquid,347,186.14,285.72,18,60,100,463,1.91,ml,2025-12-22 00:00:00,Active
2483,Colgate Baby Soap,Colgate,Baby Care,Baby Soap,445,922.47,1306.01,18,30,24,437,5.29,pcs,2023-11-14 00:00:00,Active
2484,Sunfeast Garbage Bags,Sunfeast,Household,Garbage Bags,425,1775.56,2354.22,12,60,109,149,9.93,ml,2022-10-18 00:00:00,Active
2485,Dabur Dog Food,Dabur,Pet Care,Dog Food,203,698.08,826.99,18,180,117,497,3.57,ml,2025-04-15 00:00:00,Active
2486,Surf Excel Toothpaste,Surf Excel,Personal Care,Toothpaste,198,808.34,1163.05,12,365,101,185,9.73,kg,2022-12-31 00:00:00,Active
2487,Dettol Mineral Water,Dettol,Beverages,Mineral Water,332,1634.22,2437.14,0,60,52,62,7.77,g,2026-05-10 00:00:00,Active
2488,Amul Chocolate,Amul,Snacks,Chocolate,426,1013.1,1253.55,18,90,49,378,6.28,L,2020-10-24 00:00:00,Active
2489,Tata Energy Drink,Tata,Beverages,Energy Drink,17,514.19,767.57,18,365,20,241,2.37,g,2023-01-19 00:00:00,Active
2490,Sunfeast Bottle,Sunfeast,Kitchen,Bottle,311,1050.92,1261.32,0,60,72,357,3.86,pcs,2026-04-11 00:00:00,Active
2491,Lizol Soap,Lizol,Personal Care,Soap,496,410.22,496.32,12,30,65,50,7.24,ml,2022-07-15 00:00:00,Active
2492,Aashirvaad Soap,Aashirvaad,Personal Care,Soap,451,199.5,292.25,5,180,66,314,2.38,pcs,2022-08-26 00:00:00,Active
2493,Patanjali Baby Powder,Patanjali,Baby Care,Baby Powder,240,1605.17,2435.92,12,180,54,404,9.84,ml,2021-12-08 00:00:00,Active
2494,Patanjali Salt,Patanjali,Grocery,Salt,463,1533.61,2345.21,18,60,120,342,6.23,L,2026-02-17 00:00:00,Active
2495,Mamaearth Chips,Mamaearth,Snacks,Chips,28,521.36,766.79,0,30,42,371,4.94,kg,2022-10-27 00:00:00,Active
2496,Pedigree Pressure Cooker,Pedigree,Kitchen,Pressure Cooker,266,600.3,773.46,12,365,79,293,5.7,ml,2025-10-17 00:00:00,Active
2497,Amul Soft Drink,Amul,Beverages,Soft Drink,111,777.4,958.8,12,180,103,240,2.77,ml,2022-11-10 00:00:00,Active
2498,Amul Mineral Water,Amul,Beverages,Mineral Water,343,1703.32,2575.17,5,180,24,145,7.63,kg,2025-07-10 00:00:00,Active
2499,Aashirvaad Lunch Box,Aashirvaad,Kitchen,Lunch Box,247,787.39,1041.16,0,365,107,111,9.42,pcs,2023-12-06 00:00:00,Active
2500,Patanjali Baby Lotion,Patanjali,Baby Care,Baby Lotion,252,1032.42,1212.86,18,90,66,356,6.48,pcs,2023-05-10 00:00:00,Active
2501,HUL Curd,HUL,Dairy,Curd,229,904.34,1376.52,0,90,108,308,7.81,kg,2025-01-08 00:00:00,Active
2502,Sunfeast Milk,Sunfeast,Dairy,Milk,454,1523.36,1944.18,0,180,54,70,5.01,ml,2024-07-20 00:00:00,Active
2503,Dettol Bottle,Dettol,Kitchen,Bottle,497,962.67,1189.5,5,30,49,180,5.22,L,2025-03-18 00:00:00,Active
2504,Fortune Baby Soap,Fortune,Baby Care,Baby Soap,150,1246.83,1400.33,12,365,36,295,1.93,kg,2024-06-02 00:00:00,Active
2505,Dettol Juice,Dettol,Beverages,Juice,126,1004.03,1478.18,18,90,51,428,9.49,ml,2020-08-28 00:00:00,Active
2506,Pedigree Bottle,Pedigree,Kitchen,Bottle,134,912.1,1126.26,12,30,90,337,6.62,L,2022-07-11 00:00:00,Discontinued
2507,Patanjali Juice,Patanjali,Beverages,Juice,18,1792.59,2756.71,18,90,75,52,8.46,L,2024-10-01 00:00:00,Active
2508,Tata Atta,Tata,Grocery,Atta,333,298.73,441.63,0,60,97,356,6.62,ml,2022-12-06 00:00:00,Active
2509,Pedigree Juice,Pedigree,Beverages,Juice,126,1483.2,1766.5,12,180,65,185,9.69,g,2021-05-18 00:00:00,Active
2510,Godrej Paneer,Godrej,Dairy,Paneer,412,1452.09,2151.83,5,180,46,133,0.35,g,2024-09-12 00:00:00,Active
2511,ITC Floor Cleaner,ITC,Household,Floor Cleaner,3,1011.79,1534.07,0,90,36,152,0.88,pcs,2021-12-28 00:00:00,Active
2512,Sunfeast Suji,Sunfeast,Grocery,Suji,466,1680.91,1973.92,0,90,87,497,1.33,kg,2021-08-01 00:00:00,Active
2513,Fortune Moong Dal,Fortune,Grocery,Moong Dal,112,962.28,1371.05,12,180,116,472,4.91,ml,2023-02-16 00:00:00,Active
2514,Godrej Knife,Godrej,Kitchen,Knife,349,1498.38,1890.49,12,60,87,474,1.14,kg,2023-01-16 00:00:00,Active
2515,Patanjali Dog Food,Patanjali,Pet Care,Dog Food,224,1379.97,2062.01,12,60,95,231,8.69,kg,2024-12-29 00:00:00,Active
2516,Tata Cookies,Tata,Snacks,Cookies,397,1169.04,1653.95,0,90,63,352,0.51,kg,2021-10-08 00:00:00,Active
2517,Colgate Cheese,Colgate,Dairy,Cheese,318,1314.36,1953.83,12,90,53,429,5.07,ml,2025-12-26 00:00:00,Active
2518,Fortune Detergent,Fortune,Household,Detergent,379,929.81,1154.03,0,90,114,65,5.15,g,2026-03-11 00:00:00,Active
2519,Fortune Face Wash,Fortune,Personal Care,Face Wash,14,88.31,133.75,18,180,96,234,3.53,L,2025-10-25 00:00:00,Active
2520,Aashirvaad Mineral Water,Aashirvaad,Beverages,Mineral Water,32,922.32,1063.85,5,60,77,274,7.78,L,2021-12-23 00:00:00,Active
2521,Lizol Pet Shampoo,Lizol,Pet Care,Pet Shampoo,295,1681.78,2079.94,5,90,56,500,7.11,g,2026-05-31 00:00:00,Active
2522,Fortune Dog Food,Fortune,Pet Care,Dog Food,128,1329.94,1954.03,18,365,80,365,0.48,ml,2024-12-23 00:00:00,Active
2523,Tata Toothpaste,Tata,Personal Care,Toothpaste,427,1085.72,1348.69,12,365,108,427,4.22,L,2024-02-02 00:00:00,Active
2524,Colgate Butter,Colgate,Dairy,Butter,175,251.64,355.17,18,180,35,128,3.37,pcs,2021-08-07 00:00:00,Active
2525,Dettol Sugar,Dettol,Grocery,Sugar,376,784.2,967.16,0,180,58,113,7.84,g,2022-11-04 00:00:00,Active
2528,Dabur Tissue Paper,Dabur,Household,Tissue Paper,286,1725.42,2247.02,5,60,67,456,9.7,ml,2022-10-04 00:00:00,Active
2529,Surf Excel Diapers,Surf Excel,Baby Care,Diapers,314,111.33,163.96,12,30,58,461,7.46,kg,2022-10-24 00:00:00,Active
2530,Fortune Baby Lotion,Fortune,Baby Care,Baby Lotion,190,373.65,494.59,12,180,91,214,7.68,kg,2020-10-08 00:00:00,Active
2531,HUL Pet Shampoo,HUL,Pet Care,Pet Shampoo,455,413.18,561.54,0,365,107,174,8.72,ml,2024-04-05 00:00:00,Active
2532,Nivea Frying Pan,Nivea,Kitchen,Frying Pan,46,640.22,904.03,0,90,67,454,7.65,g,2024-06-08 00:00:00,Active
2533,Tata Milk,Tata,Dairy,Milk,83,1516.58,1811.53,18,90,26,66,6.15,g,2024-01-05 00:00:00,Active
2534,Mamaearth Soft Drink,Mamaearth,Beverages,Soft Drink,22,788.67,1052.8,5,30,105,392,8.91,pcs,2026-03-02 00:00:00,Active
2535,Dabur Pet Shampoo,Dabur,Pet Care,Pet Shampoo,33,1699.39,2629.88,5,365,58,195,9.53,ml,2021-07-19 00:00:00,Active
2536,Colgate Diapers,Colgate,Baby Care,Diapers,140,736.46,1061.63,5,30,89,169,3.06,kg,2023-12-23 00:00:00,Active
2537,Colgate Namkeen,Colgate,Snacks,Namkeen,373,536.4,664.91,18,90,55,484,0.4,ml,2024-11-23 00:00:00,Active
2538,Lizol Soft Drink,Lizol,Beverages,Soft Drink,123,1084.7,1417.33,18,365,120,383,3.34,kg,2021-12-10 00:00:00,Active
2539,Dettol Lunch Box,Dettol,Kitchen,Lunch Box,313,1487.25,1859.08,5,90,69,319,4.51,kg,2022-09-26 00:00:00,Active
2540,Pedigree Face Wash,Pedigree,Personal Care,Face Wash,316,402.75,588.44,12,60,31,464,3.34,ml,2022-07-29 00:00:00,Active
2541,Pedigree Biscuits,Pedigree,Snacks,Biscuits,321,513.28,782.68,18,365,117,55,8.48,pcs,2021-04-06 00:00:00,Active
2542,Sunfeast Hair Oil,Sunfeast,Personal Care,Hair Oil,414,711.99,1001.84,0,30,104,325,1.9,g,2024-08-18 00:00:00,Active
2543,Parle Biscuits,Parle,Snacks,Biscuits,71,490.33,667.28,5,30,48,289,2.16,ml,2022-05-04 00:00:00,Active
2544,Sunfeast Soap,Sunfeast,Personal Care,Soap,264,1220.75,1401,18,180,58,411,8.84,pcs,2024-01-10 00:00:00,Active
2545,HUL Pet Shampoo,HUL,Pet Care,Pet Shampoo,169,106.85,131.87,12,365,69,401,8.02,L,2021-04-28 00:00:00,Active
2546,Sunfeast Pet Shampoo,Sunfeast,Pet Care,Pet Shampoo,405,1178.33,1657.22,12,180,84,247,5.66,kg,2020-08-07 00:00:00,Active
2547,ITC Dishwash Liquid,ITC,Household,Dishwash Liquid,203,1531.77,1802.37,18,180,53,377,2.63,pcs,2025-06-01 00:00:00,Active
2548,Dabur Baby Powder,Dabur,Baby Care,Baby Powder,55,848.4,1084.33,12,180,65,148,8.84,L,2023-08-04 00:00:00,Active
2549,Parle Toor Dal,Parle,Grocery,Toor Dal,221,171.69,242.86,18,90,78,416,1.09,L,2023-06-25 00:00:00,Active
2550,ITC Mineral Water,ITC,Beverages,Mineral Water,498,1142.36,1324.97,12,30,63,259,3.8,kg,2026-06-02 00:00:00,Active
2551,Aashirvaad Garbage Bags,Aashirvaad,Household,Garbage Bags,135,103.65,119.99,5,60,43,413,5.67,ml,2022-02-12 00:00:00,Active
2552,Dabur Baby Powder,Dabur,Baby Care,Baby Powder,355,1539.76,2169.21,0,90,36,156,2.12,kg,2021-03-04 00:00:00,Active
2553,Surf Excel Suji,Surf Excel,Grocery,Suji,422,1113.85,1284.59,18,30,24,236,1.6,pcs,2025-03-11 00:00:00,Active
2554,Dettol Toothpaste,Dettol,Personal Care,Toothpaste,427,1621.82,2272.75,12,365,118,258,3.68,pcs,2020-08-30 00:00:00,Active
2555,Amul Namkeen,Amul,Snacks,Namkeen,318,1270.37,1614.74,18,30,34,460,2.97,L,2024-04-02 00:00:00,Active
2556,Britannia Knife,Britannia,Kitchen,Knife,322,572.12,854.15,18,180,113,429,7.22,kg,2021-05-04 00:00:00,Active
2557,Amul Baby Lotion,Amul,Baby Care,Baby Lotion,456,1077.68,1277.97,5,30,71,331,5.92,L,2022-03-30 00:00:00,Active
2558,Nestle Energy Drink,Nestle,Beverages,Energy Drink,495,519.29,681.42,5,30,56,175,0.92,g,2023-08-04 00:00:00,Active
2559,Dabur Juice,Dabur,Beverages,Juice,204,753.58,977.27,0,60,48,153,4.08,ml,2023-09-18 00:00:00,Active
2560,Amul Garbage Bags,Amul,Household,Garbage Bags,233,762.06,901.2,12,90,63,126,4.27,g,2021-09-14 00:00:00,Active
2561,Lizol Energy Drink,Lizol,Beverages,Energy Drink,371,1349.09,1594.5,12,30,20,53,8.9,L,2021-01-25 00:00:00,Active
2562,Britannia Diapers,Britannia,Baby Care,Diapers,237,775.88,869.9,0,30,42,92,7.01,kg,2023-07-06 00:00:00,Active
2563,Pedigree Pet Shampoo,Pedigree,Pet Care,Pet Shampoo,124,376.66,451.05,12,60,93,461,2.37,g,2020-08-27 00:00:00,Active
2564,Surf Excel Dishwash Liquid,Surf Excel,Household,Dishwash Liquid,164,518.15,710.17,0,180,62,292,8.2,ml,2026-07-21 00:00:00,Active
2565,Nestle Soft Drink,Nestle,Beverages,Soft Drink,76,1275.68,1553.39,12,60,70,399,2.72,pcs,2023-08-07 00:00:00,Active
2566,Mamaearth Detergent,Mamaearth,Household,Detergent,156,58.82,84.11,0,30,61,413,3.12,pcs,2021-02-02 00:00:00,Active
2567,Britannia Detergent,Britannia,Household,Detergent,201,1098.12,1319.78,12,60,48,263,2.11,g,2024-12-05 00:00:00,Active
2568,Tata Pet Shampoo,Tata,Pet Care,Pet Shampoo,359,1264.33,1521.25,0,30,93,469,5.45,L,2023-10-12 00:00:00,Active
2569,Dettol Shampoo,Dettol,Personal Care,Shampoo,332,1673.4,1897.96,5,30,120,286,0.21,L,2026-03-26 00:00:00,Active
2570,Aashirvaad Curd,Aashirvaad,Dairy,Curd,87,1271.22,1901.42,5,60,100,469,5.7,ml,2025-09-15 00:00:00,Active
2571,Sunfeast Bottle,Sunfeast,Kitchen,Bottle,310,959.6,1262.09,18,90,24,231,6.08,ml,2022-01-28 00:00:00,Active
2572,Amul Soft Drink,Amul,Beverages,Soft Drink,30,1377.8,1584.13,12,90,95,92,7.77,pcs,2025-09-16 00:00:00,Active
2573,ITC Soft Drink,ITC,Beverages,Soft Drink,456,886.31,1073.42,18,90,102,305,0.38,pcs,2025-06-03 00:00:00,Active
2574,Britannia Toothpaste,Britannia,Personal Care,Toothpaste,411,703.49,1000.93,12,90,39,428,3.41,g,2025-06-27 00:00:00,Active
2575,Amul Tissue Paper,Amul,Household,Tissue Paper,196,1200.15,1784.11,12,30,93,183,3.98,kg,2024-06-24 00:00:00,Active
2576,Parle Tissue Paper,Parle,Household,Tissue Paper,231,1179.81,1687.28,0,365,104,469,1.69,kg,2023-08-14 00:00:00,Active
2577,Nestle Baby Lotion,Nestle,Baby Care,Baby Lotion,443,1016.59,1362.63,0,30,23,360,8.87,g,2024-06-24 00:00:00,Active
2578,ITC Coffee,ITC,Grocery,Coffee,2,1067.38,1582.98,0,180,26,75,8.74,g,2022-02-06 00:00:00,Active
2579,Surf Excel Baby Powder,Surf Excel,Baby Care,Baby Powder,411,58.06,88.22,18,180,82,485,5.01,kg,2022-09-18 00:00:00,Active
2580,Sunfeast Dog Food,Sunfeast,Pet Care,Dog Food,52,919.14,1377.61,0,365,62,268,6.51,pcs,2021-04-08 00:00:00,Active
2581,Amul Face Wash,Amul,Personal Care,Face Wash,326,1735.99,2279.92,12,365,66,249,6.98,pcs,2024-02-05 00:00:00,Active
2582,Britannia Biscuits,Britannia,Snacks,Biscuits,433,647.07,951.75,0,60,67,255,2.48,pcs,2023-06-27 00:00:00,Active
2583,Surf Excel Cat Food,Surf Excel,Pet Care,Cat Food,181,1411.65,1951.21,0,30,83,232,1.15,ml,2025-03-12 00:00:00,Active
2584,Lizol Lunch Box,Lizol,Kitchen,Lunch Box,283,352.61,477,5,30,82,422,5.02,pcs,2025-09-23 00:00:00,Active
2585,Dettol Face Wash,Dettol,Personal Care,Face Wash,315,1098.87,1407.37,12,365,59,160,5.42,L,2024-11-08 00:00:00,Active
2586,Dabur Dog Food,Dabur,Pet Care,Dog Food,432,640.94,930.9,0,365,45,81,7,L,2023-12-02 00:00:00,Active
2587,Sunfeast Curd,Sunfeast,Dairy,Curd,46,1460.59,1706.16,18,365,93,146,2.19,g,2021-08-08 00:00:00,Active
2588,HUL Juice,HUL,Beverages,Juice,111,1379.91,1829.36,0,90,102,251,5.35,pcs,2023-01-11 00:00:00,Active
2589,HUL Cat Food,HUL,Pet Care,Cat Food,92,435.23,645.24,18,60,26,119,6.02,L,2026-04-29 00:00:00,Active
2590,Lizol Cat Food,Lizol,Pet Care,Cat Food,286,914.96,1069.5,5,180,95,487,6.68,g,2023-03-20 00:00:00,Active
2591,Dettol Detergent,Dettol,Household,Detergent,410,426.9,656.84,5,60,94,163,0.92,ml,2023-06-15 00:00:00,Active
2592,HUL Detergent,HUL,Household,Detergent,370,1028.27,1274.1,18,90,117,379,6.52,L,2025-06-11 00:00:00,Active
2593,Lizol Pet Shampoo,Lizol,Pet Care,Pet Shampoo,289,1308.72,1905.26,0,180,58,154,0.83,g,2021-04-29 00:00:00,Active
2594,Aashirvaad Mineral Water,Aashirvaad,Beverages,Mineral Water,474,383.42,470.26,0,30,108,219,5,kg,2026-03-03 00:00:00,Active
2595,Dabur Namkeen,Dabur,Snacks,Namkeen,18,104.54,129.3,5,180,95,409,8.56,ml,2026-02-25 00:00:00,Active
2596,Pedigree Baby Powder,Pedigree,Baby Care,Baby Powder,52,473,570.33,18,365,68,473,7.93,kg,2022-10-18 00:00:00,Active
2597,Aashirvaad Bottle,Aashirvaad,Kitchen,Bottle,140,44.58,60.91,5,365,102,189,2.73,kg,2026-06-16 00:00:00,Active
2598,Fortune Milk,Fortune,Dairy,Milk,384,275.44,366.15,18,90,99,148,3.55,pcs,2020-12-05 00:00:00,Active
2599,Surf Excel Atta,Surf Excel,Grocery,Atta,450,1442.46,1928.74,18,365,99,378,1.22,g,2024-11-10 00:00:00,Active
2600,Dettol Mineral Water,Dettol,Beverages,Mineral Water,271,1748.47,2199.6,12,365,101,89,1.1,L,2025-01-27 00:00:00,Active
2601,Fortune Salt,Fortune,Grocery,Salt,330,832.63,1074.19,0,180,56,480,9.34,g,2020-09-15 00:00:00,Active
2602,Aashirvaad Toothpaste,Aashirvaad,Personal Care,Toothpaste,2,521.64,806.11,5,30,49,224,7.12,ml,2026-03-17 00:00:00,Active
2603,HUL Biscuits,HUL,Snacks,Biscuits,429,1031.76,1157.33,0,180,51,391,3.02,L,2025-01-15 00:00:00,Active
2604,Aashirvaad Coffee,Aashirvaad,Grocery,Coffee,351,1502.26,1849.96,0,30,73,75,7.98,g,2023-05-03 00:00:00,Active
2605,Britannia Pressure Cooker,Britannia,Kitchen,Pressure Cooker,184,803.07,1243.11,0,180,44,222,1.42,L,2023-11-18 00:00:00,Active
2606,Amul Curd,Amul,Dairy,Curd,325,1644.05,1958.31,0,180,63,254,0.77,pcs,2023-07-08 00:00:00,Active
2607,Godrej Tissue Paper,Godrej,Household,Tissue Paper,375,1201.06,1389.55,12,90,35,148,2.26,g,2021-07-29 00:00:00,Active
2608,Parle Detergent,Parle,Household,Detergent,306,939.43,1448.25,0,90,75,406,7.61,L,2024-06-25 00:00:00,Active
2609,Pedigree Pet Shampoo,Pedigree,Pet Care,Pet Shampoo,243,191.54,245.26,5,365,27,410,3.36,L,2020-08-16 00:00:00,Active
2610,Mamaearth Chips,Mamaearth,Snacks,Chips,53,1555.07,2171.72,12,60,93,348,9.11,L,2021-02-22 00:00:00,Active
2611,Fortune Soap,Fortune,Personal Care,Soap,418,27.21,31.46,12,180,93,347,1.98,kg,2022-07-23 00:00:00,Active
2612,Aashirvaad Namkeen,Aashirvaad,Snacks,Namkeen,425,289.6,437.15,5,30,33,280,3.09,kg,2024-08-29 00:00:00,Active
2613,Fortune Bottle,Fortune,Kitchen,Bottle,263,792.97,1222.18,18,180,66,369,3.04,kg,2021-06-16 00:00:00,Active
2614,Dabur Namkeen,Dabur,Snacks,Namkeen,127,1692,2331.47,18,180,105,217,9.5,kg,2026-04-12 00:00:00,Active
2615,Mamaearth Toothpaste,Mamaearth,Personal Care,Toothpaste,161,235.9,356.4,5,60,112,108,5.64,kg,2021-10-17 00:00:00,Active
2616,Britannia Curd,Britannia,Dairy,Curd,112,938.53,1407.37,0,90,71,474,8.79,g,2023-08-18 00:00:00,Active
2617,Dabur Mineral Water,Dabur,Beverages,Mineral Water,499,984.51,1498.09,0,60,38,421,8.78,L,2023-06-22 00:00:00,Active
2618,ITC Diapers,ITC,Baby Care,Diapers,81,1139.07,1765.1,0,60,60,176,9.38,L,2024-12-20 00:00:00,Active
2619,Dettol Lunch Box,Dettol,Kitchen,Lunch Box,243,1442.72,2120.54,18,30,59,445,1.43,g,2020-10-18 00:00:00,Active
2620,Colgate Lunch Box,Colgate,Kitchen,Lunch Box,155,1279.37,1933.49,0,365,109,498,8.97,ml,2021-07-15 00:00:00,Active
2621,Britannia Chips,Britannia,Snacks,Chips,407,816.15,1032.72,12,30,22,173,8.34,kg,2020-11-02 00:00:00,Active
2622,Amul Detergent,Amul,Household,Detergent,387,1242.94,1827.35,18,60,56,458,4.67,g,2025-05-16 00:00:00,Active
2623,Tata Namkeen,Tata,Snacks,Namkeen,382,531.47,610.04,5,365,42,298,9.98,ml,2021-11-06 00:00:00,Active
2624,Dabur Mineral Water,Dabur,Beverages,Mineral Water,413,406.86,570.72,5,365,93,147,9.09,g,2021-06-17 00:00:00,Discontinued
2625,Nivea Namkeen,Nivea,Snacks,Namkeen,245,1176.87,1579.2,0,90,43,383,8.78,L,2026-01-22 00:00:00,Active
2626,HUL Pet Shampoo,HUL,Pet Care,Pet Shampoo,189,156.15,216.13,5,30,30,421,4.32,pcs,2020-09-22 00:00:00,Active
2627,Aashirvaad Curd,Aashirvaad,Dairy,Curd,369,460.26,655.44,0,90,20,467,4.75,kg,2024-04-05 00:00:00,Active
2628,Nivea Detergent,Nivea,Household,Detergent,153,999.57,1452.34,12,365,98,363,7.94,ml,2026-03-16 00:00:00,Active
2629,Sunfeast Tissue Paper,Sunfeast,Household,Tissue Paper,213,915.66,1302.87,5,30,50,329,9.35,L,2022-02-23 00:00:00,Active
2630,Pedigree Detergent,Pedigree,Household,Detergent,144,1409.34,1734.33,12,90,115,137,1.71,L,2020-09-06 00:00:00,Active
2631,Patanjali Detergent,Patanjali,Household,Detergent,363,1473.58,2172.82,0,90,98,84,3.58,kg,2023-09-06 00:00:00,Active
2632,Nestle Mineral Water,Nestle,Beverages,Mineral Water,470,1658.48,2359.55,0,30,96,260,5.03,L,2024-09-27 00:00:00,Active
2633,HUL Energy Drink,HUL,Beverages,Energy Drink,310,732.4,932.24,0,90,113,65,2.59,ml,2021-10-16 00:00:00,Active
2634,HUL Biscuits,HUL,Snacks,Biscuits,360,480.55,624.96,18,365,120,464,4.71,kg,2022-10-20 00:00:00,Discontinued
2635,Patanjali Soft Drink,Patanjali,Beverages,Soft Drink,72,1145.44,1551.32,0,180,28,455,8.74,pcs,2023-12-14 00:00:00,Active
2636,Fortune Mineral Water,Fortune,Beverages,Mineral Water,437,1219.42,1754.67,12,60,35,86,9.04,ml,2021-12-07 00:00:00,Active
2637,Lizol Baby Powder,Lizol,Baby Care,Baby Powder,45,1605.7,1948.53,12,365,46,172,9.91,kg,2025-03-10 00:00:00,Active
2638,Sunfeast Frying Pan,Sunfeast,Kitchen,Frying Pan,419,304.12,372.1,18,90,120,347,8.9,kg,2023-06-27 00:00:00,Active
2639,Surf Excel Pressure Cooker,Surf Excel,Kitchen,Pressure Cooker,214,1445.08,1769.77,12,365,67,416,1.02,kg,2023-02-01 00:00:00,Active
2640,Surf Excel Chips,Surf Excel,Snacks,Chips,130,288.22,332.2,0,365,31,279,0.55,pcs,2020-08-19 00:00:00,Active
2641,Colgate Baby Lotion,Colgate,Baby Care,Baby Lotion,229,1147.42,1517.29,5,60,117,82,2.89,pcs,2026-06-02 00:00:00,Active
2642,Parle Salt,Parle,Grocery,Salt,330,1733.32,2150.09,12,180,52,159,7.27,L,2025-04-07 00:00:00,Active
2643,Colgate Milk,Colgate,Dairy,Milk,413,659.78,986,0,90,70,50,0.75,L,2020-10-09 00:00:00,Active
2644,Aashirvaad Curd,Aashirvaad,Dairy,Curd,234,669,1025.46,12,60,26,419,4.78,g,2024-05-28 00:00:00,Active
2645,Pedigree Biscuits,Pedigree,Snacks,Biscuits,441,1728.77,2250.86,18,60,104,93,4.94,kg,2026-02-08 00:00:00,Active
2646,Nivea Frying Pan,Nivea,Kitchen,Frying Pan,435,901.82,1224.76,18,180,74,293,7.38,L,2021-08-26 00:00:00,Active
2647,Dettol Energy Drink,Dettol,Beverages,Energy Drink,110,1186.46,1394.54,0,365,93,164,6.19,g,2023-01-04 00:00:00,Active
2648,HUL Lunch Box,HUL,Kitchen,Lunch Box,301,84.32,107.54,12,90,63,428,5.06,pcs,2023-02-07 00:00:00,Active
2649,HUL Butter,HUL,Dairy,Butter,461,515.78,697.12,0,180,94,386,4.09,L,2022-03-21 00:00:00,Active
2650,Nestle Salt,Nestle,Grocery,Salt,164,635.89,844.66,12,365,44,341,1.15,pcs,2023-10-11 00:00:00,Active
2651,Parle Energy Drink,Parle,Beverages,Energy Drink,424,73.85,111.31,12,365,44,442,2.43,g,2025-03-23 00:00:00,Active
2652,Amul Dishwash Liquid,Amul,Household,Dishwash Liquid,161,1698.53,2068.81,18,180,21,121,9.77,ml,2026-03-12 00:00:00,Active
2653,Patanjali Paneer,Patanjali,Dairy,Paneer,96,833.67,1169.13,0,90,65,399,6.52,L,2024-05-09 00:00:00,Active
2654,Fortune Dishwash Liquid,Fortune,Household,Dishwash Liquid,231,1687.49,2506.34,18,180,79,407,9.68,pcs,2025-12-22 00:00:00,Active
2655,Nestle Biscuits,Nestle,Snacks,Biscuits,20,1375.68,1559.27,18,60,106,391,0.19,L,2021-07-05 00:00:00,Active
2656,ITC Face Wash,ITC,Personal Care,Face Wash,152,1777.09,2588.13,18,30,108,277,3.73,ml,2025-09-29 00:00:00,Active
2657,Nestle Toor Dal,Nestle,Grocery,Toor Dal,356,1697.56,1918.05,12,365,74,259,4.89,pcs,2024-10-10 00:00:00,Active
2658,Colgate Shampoo,Colgate,Personal Care,Shampoo,422,240.06,299.04,18,30,109,182,5.67,ml,2021-06-07 00:00:00,Active
2659,Nestle Milk,Nestle,Dairy,Milk,8,911.21,1203.22,5,60,40,217,4.69,kg,2024-02-03 00:00:00,Active
2660,Amul Shampoo,Amul,Personal Care,Shampoo,431,842.49,992.35,18,180,118,321,5.71,pcs,2022-11-20 00:00:00,Active
2661,Britannia Hair Oil,Britannia,Personal Care,Hair Oil,30,1362.25,1900.08,12,60,85,101,8.05,ml,2024-12-16 00:00:00,Active
2662,Mamaearth Frying Pan,Mamaearth,Kitchen,Frying Pan,294,269.78,349.01,5,90,79,61,2.9,pcs,2021-12-23 00:00:00,Active
2663,ITC Juice,ITC,Beverages,Juice,148,928.31,1346.19,5,60,51,92,8.16,L,2023-04-30 00:00:00,Active
2664,Surf Excel Detergent,Surf Excel,Household,Detergent,189,1420.05,1691.85,0,180,27,61,2.53,g,2021-06-15 00:00:00,Active
2665,Patanjali Cat Food,Patanjali,Pet Care,Cat Food,455,1315.97,1561.35,18,180,57,64,9.73,L,2022-12-10 00:00:00,Active
2666,ITC Cookies,ITC,Snacks,Cookies,106,1577.48,2222.44,0,30,63,182,1.18,kg,2021-12-09 00:00:00,Active
2667,Parle Poha,Parle,Grocery,Poha,53,64.57,72.64,5,180,103,348,2.12,kg,2026-03-19 00:00:00,Active
2668,ITC Biscuits,ITC,Snacks,Biscuits,84,1760.32,2205.67,18,180,103,175,7.51,L,2022-07-01 00:00:00,Active
2669,Parle Bottle,Parle,Kitchen,Bottle,64,578.99,754.13,18,30,107,210,6.71,pcs,2021-01-19 00:00:00,Active
2813,ITC Shampoo,ITC,Personal Care,Shampoo,136,153.33,202.53,12,90,92,220,4.83,L,2026-03-24 00:00:00,Active
2670,Parle Toothpaste,Parle,Personal Care,Toothpaste,274,752.36,1069.68,12,90,60,157,4.44,L,2026-04-29 00:00:00,Active
2671,Surf Excel Namkeen,Surf Excel,Snacks,Namkeen,189,242.15,337.97,0,365,33,188,8.53,pcs,2021-03-10 00:00:00,Active
2672,Dabur Soap,Dabur,Personal Care,Soap,178,1441.34,1697.08,12,365,49,472,3.54,kg,2021-09-06 00:00:00,Active
2673,Surf Excel Floor Cleaner,Surf Excel,Household,Floor Cleaner,475,939.4,1187.88,18,90,25,496,5.02,pcs,2023-09-20 00:00:00,Active
2674,Tata Dog Food,Tata,Pet Care,Dog Food,151,477.76,697.37,5,90,43,193,7.07,ml,2023-07-08 00:00:00,Active
2675,Fortune Cat Food,Fortune,Pet Care,Cat Food,200,1404.81,1738.58,12,365,51,67,3.13,L,2023-04-13 00:00:00,Active
2676,Amul Chana Dal,Amul,Grocery,Chana Dal,262,704.96,950.84,5,180,58,329,4.4,ml,2024-07-29 00:00:00,Active
2677,Lizol Floor Cleaner,Lizol,Household,Floor Cleaner,454,840.81,1024.09,12,90,103,461,3.86,pcs,2022-10-19 00:00:00,Active
2678,Godrej Milk,Godrej,Dairy,Milk,185,58.48,69.45,12,90,113,151,6.07,kg,2022-03-28 00:00:00,Active
2679,Mamaearth Baby Lotion,Mamaearth,Baby Care,Baby Lotion,417,1503.44,2081.11,5,60,100,430,2.6,kg,2024-02-03 00:00:00,Active
2680,Parle Namkeen,Parle,Snacks,Namkeen,407,658.62,1003.32,0,180,57,153,1.33,ml,2026-06-28 00:00:00,Active
2681,Tata Soft Drink,Tata,Beverages,Soft Drink,384,119.81,176.7,12,60,106,374,6.02,pcs,2024-04-30 00:00:00,Active
2682,Dettol Shampoo,Dettol,Personal Care,Shampoo,352,1008.91,1285.07,5,180,31,452,8.53,pcs,2023-01-16 00:00:00,Active
2683,Aashirvaad Baby Soap,Aashirvaad,Baby Care,Baby Soap,358,1668.72,2088.75,12,365,65,481,4.62,pcs,2020-10-26 00:00:00,Active
2684,Patanjali Namkeen,Patanjali,Snacks,Namkeen,448,1310.28,1745.29,12,60,76,423,1.15,g,2022-05-27 00:00:00,Active
2685,Amul Cookies,Amul,Snacks,Cookies,107,303.1,417.63,18,60,80,248,1.11,ml,2023-10-26 00:00:00,Active
2686,Godrej Soap,Godrej,Personal Care,Soap,473,1761.61,2183.71,18,90,104,237,1.08,g,2024-03-19 00:00:00,Active
2687,Nestle Juice,Nestle,Beverages,Juice,481,1737.21,2207.29,5,60,88,417,6.07,kg,2020-11-26 00:00:00,Active
2688,Mamaearth Toothpaste,Mamaearth,Personal Care,Toothpaste,478,651.37,951.68,5,180,119,265,4.95,L,2021-12-16 00:00:00,Active
2689,Godrej Mineral Water,Godrej,Beverages,Mineral Water,420,402.39,580.8,18,60,113,453,1.42,ml,2024-07-08 00:00:00,Active
2690,Mamaearth Energy Drink,Mamaearth,Beverages,Energy Drink,177,348.99,514.65,0,30,21,120,3.86,ml,2021-02-20 00:00:00,Active
2691,Godrej Chips,Godrej,Snacks,Chips,129,360.77,501.49,18,365,105,453,3.89,L,2022-05-19 00:00:00,Active
2692,Tata Dog Food,Tata,Pet Care,Dog Food,58,1626.15,2154.41,0,90,43,52,5.65,pcs,2026-05-18 00:00:00,Active
2693,HUL Lunch Box,HUL,Kitchen,Lunch Box,186,69.12,101.49,0,180,99,157,8.43,ml,2020-12-21 00:00:00,Active
2694,Parle Juice,Parle,Beverages,Juice,456,1107.96,1712.05,12,30,114,209,5.22,kg,2022-11-27 00:00:00,Active
2695,Tata Namkeen,Tata,Snacks,Namkeen,357,1097.67,1620.89,0,365,39,260,5.49,kg,2023-12-15 00:00:00,Active
2696,Parle Cooking Oil,Parle,Grocery,Cooking Oil,322,323.49,440.31,18,30,40,435,1.3,pcs,2022-10-14 00:00:00,Active
2697,Dabur Toothpaste,Dabur,Personal Care,Toothpaste,359,452.88,701.18,12,365,72,445,0.47,g,2022-12-15 00:00:00,Active
2698,Pedigree Garbage Bags,Pedigree,Household,Garbage Bags,180,936.23,1235.6,0,180,66,278,7.92,kg,2021-05-02 00:00:00,Active
2699,Nivea Juice,Nivea,Beverages,Juice,223,953.51,1091.17,0,365,56,84,4.7,kg,2022-07-04 00:00:00,Active
2700,HUL Soap,HUL,Personal Care,Soap,263,1679.97,1915.58,18,180,103,228,5.21,ml,2024-05-27 00:00:00,Active
2701,Amul Bottle,Amul,Kitchen,Bottle,50,1064.05,1454.84,12,90,25,201,6.22,ml,2021-03-09 00:00:00,Active
2702,Colgate Energy Drink,Colgate,Beverages,Energy Drink,66,1125.31,1588.01,18,60,84,269,9.56,kg,2026-02-15 00:00:00,Active
2703,Parle Paneer,Parle,Dairy,Paneer,471,85.26,124.57,5,365,54,441,6.66,kg,2020-08-14 00:00:00,Active
2704,Parle Face Wash,Parle,Personal Care,Face Wash,134,204.29,305.82,5,90,97,495,2.09,pcs,2024-05-23 00:00:00,Active
2705,Sunfeast Butter,Sunfeast,Dairy,Butter,227,816.7,1254.88,18,365,85,426,8.36,L,2026-05-21 00:00:00,Active
2706,Pedigree Cat Food,Pedigree,Pet Care,Cat Food,28,149.55,215.82,18,180,78,378,1.6,ml,2024-07-25 00:00:00,Active
2707,Dettol Cheese,Dettol,Dairy,Cheese,231,1130.29,1583.36,12,60,78,292,0.62,g,2025-02-21 00:00:00,Active
2708,Colgate Juice,Colgate,Beverages,Juice,344,1336.86,1702.14,5,90,51,274,5.51,L,2020-12-25 00:00:00,Active
2709,Lizol Soap,Lizol,Personal Care,Soap,177,1136.46,1371.01,0,365,77,241,4,pcs,2025-06-22 00:00:00,Active
2710,Britannia Baby Powder,Britannia,Baby Care,Baby Powder,482,1503.12,2183.41,5,60,80,156,9.64,ml,2025-11-16 00:00:00,Active
2711,Lizol Tissue Paper,Lizol,Household,Tissue Paper,80,1782.55,2754.53,5,30,23,332,7.83,ml,2025-08-31 00:00:00,Active
2712,Nestle Garbage Bags,Nestle,Household,Garbage Bags,157,670.83,792.25,5,90,119,248,3.87,kg,2023-08-01 00:00:00,Active
2713,Lizol Moong Dal,Lizol,Grocery,Moong Dal,335,1462.99,1772.45,0,60,23,153,9.03,L,2021-12-21 00:00:00,Active
2714,Aashirvaad Energy Drink,Aashirvaad,Beverages,Energy Drink,264,1182.81,1388.33,12,180,113,324,2.74,pcs,2023-03-25 00:00:00,Discontinued
2715,Dettol Pet Shampoo,Dettol,Pet Care,Pet Shampoo,256,1472.22,1666.37,0,180,25,62,5.04,ml,2024-03-08 00:00:00,Active
2716,HUL Shampoo,HUL,Personal Care,Shampoo,27,1571.3,1781.06,12,365,30,423,8.69,ml,2022-02-18 00:00:00,Discontinued
2717,Sunfeast Shampoo,Sunfeast,Personal Care,Shampoo,373,1014.28,1171.95,18,60,84,409,4.64,g,2025-05-02 00:00:00,Active
2718,Lizol Tissue Paper,Lizol,Household,Tissue Paper,379,1442.98,2132.66,12,90,67,476,5.07,ml,2024-01-31 00:00:00,Active
2719,Nivea Cookies,Nivea,Snacks,Cookies,141,1308.11,1638.11,5,180,84,235,8.84,kg,2026-06-09 00:00:00,Active
2720,Lizol Frying Pan,Lizol,Kitchen,Frying Pan,133,324.02,391.78,5,30,101,132,1.45,g,2025-06-29 00:00:00,Active
2721,Nestle Knife,Nestle,Kitchen,Knife,8,575.57,839.04,18,30,47,490,9.7,kg,2025-04-12 00:00:00,Active
2722,Godrej Hair Oil,Godrej,Personal Care,Hair Oil,233,1662.55,2113.06,18,30,66,474,8.29,L,2024-04-23 00:00:00,Active
2723,Sunfeast Pet Shampoo,Sunfeast,Pet Care,Pet Shampoo,214,712.2,888.53,5,365,30,100,4.08,L,2020-11-24 00:00:00,Active
2724,Dettol Diapers,Dettol,Baby Care,Diapers,191,1357.03,1752.99,18,180,69,255,8.63,ml,2024-12-12 00:00:00,Discontinued
2725,Tata Tea,Tata,Grocery,Tea,378,239.41,319.63,12,60,95,273,3.18,L,2024-12-07 00:00:00,Active
2726,Tata Butter,Tata,Dairy,Butter,276,125.71,171.78,18,365,37,353,5.63,ml,2025-11-15 00:00:00,Discontinued
2727,Fortune Cat Food,Fortune,Pet Care,Cat Food,3,1336.62,1578.48,18,30,107,408,5.58,kg,2025-02-06 00:00:00,Active
2728,Nivea Chocolate,Nivea,Snacks,Chocolate,331,849.33,1199.39,18,90,24,81,3.86,ml,2025-06-06 00:00:00,Active
2729,Patanjali Diapers,Patanjali,Baby Care,Diapers,410,1057.72,1296.42,0,90,51,78,2.02,pcs,2024-09-16 00:00:00,Active
2730,Amul Soft Drink,Amul,Beverages,Soft Drink,58,1615.86,1885.15,12,30,71,231,2.59,pcs,2023-04-30 00:00:00,Active
2731,Aashirvaad Lunch Box,Aashirvaad,Kitchen,Lunch Box,183,678.18,962.68,5,365,70,103,3.5,L,2024-11-27 00:00:00,Active
2732,Tata Cat Food,Tata,Pet Care,Cat Food,109,826.86,1265.17,12,30,77,342,8.81,g,2024-02-16 00:00:00,Active
2733,ITC Pet Shampoo,ITC,Pet Care,Pet Shampoo,497,1187.26,1497.27,18,180,99,271,9.74,g,2021-12-22 00:00:00,Active
2734,Nivea Mineral Water,Nivea,Beverages,Mineral Water,238,795.69,976.82,5,90,107,248,9.05,kg,2025-09-23 00:00:00,Active
2735,Parle Butter,Parle,Dairy,Butter,309,485.77,632.75,12,180,73,410,9.49,pcs,2021-10-19 00:00:00,Active
2736,Parle Bottle,Parle,Kitchen,Bottle,429,785.43,1170.14,0,180,95,284,1.99,ml,2023-10-16 00:00:00,Active
2737,Amul Atta,Amul,Grocery,Atta,419,249.04,384.73,18,30,97,438,0.68,pcs,2025-04-18 00:00:00,Active
2738,Patanjali Chips,Patanjali,Snacks,Chips,82,978.95,1374.42,0,60,35,447,8.62,L,2024-08-18 00:00:00,Active
2739,Godrej Poha,Godrej,Grocery,Poha,196,1619.78,2323.31,5,90,112,188,4.23,g,2022-11-08 00:00:00,Active
2740,Aashirvaad Butter,Aashirvaad,Dairy,Butter,406,773.67,938.72,5,365,47,397,3.59,pcs,2024-02-29 00:00:00,Active
2741,Sunfeast Soft Drink,Sunfeast,Beverages,Soft Drink,276,243.88,298.38,0,90,21,170,0.63,ml,2026-06-03 00:00:00,Active
2742,ITC Bottle,ITC,Kitchen,Bottle,32,1215.52,1828.64,5,90,87,202,1.98,L,2020-12-13 00:00:00,Active
2743,Amul Toothpaste,Amul,Personal Care,Toothpaste,109,1371.54,1975.87,5,60,85,77,8.56,pcs,2025-04-20 00:00:00,Active
2744,Parle Dog Food,Parle,Pet Care,Dog Food,476,488.02,547.4,5,30,23,367,0.22,ml,2022-08-15 00:00:00,Active
2745,HUL Knife,HUL,Kitchen,Knife,124,1224.66,1741.61,5,180,80,372,6.47,ml,2022-11-23 00:00:00,Active
2746,Dettol Dishwash Liquid,Dettol,Household,Dishwash Liquid,228,725.14,948.6,12,180,48,222,3.27,pcs,2026-03-02 00:00:00,Active
2747,Nestle Face Wash,Nestle,Personal Care,Face Wash,220,335.81,432.37,0,90,107,176,5.84,pcs,2020-12-23 00:00:00,Active
2748,Godrej Chocolate,Godrej,Snacks,Chocolate,427,334.93,477.06,5,30,64,80,9.34,kg,2025-03-23 00:00:00,Active
2749,HUL Shampoo,HUL,Personal Care,Shampoo,242,1031.37,1348.79,12,365,43,197,8.14,ml,2025-11-04 00:00:00,Active
2750,Pedigree Curd,Pedigree,Dairy,Curd,114,1558.79,2325.34,18,30,108,357,1.19,ml,2025-06-28 00:00:00,Active
2751,Aashirvaad Mineral Water,Aashirvaad,Beverages,Mineral Water,486,839.6,1272.53,12,60,30,454,7.42,ml,2025-02-16 00:00:00,Active
2752,Britannia Biscuits,Britannia,Snacks,Biscuits,439,1502.32,2138.8,12,365,31,73,0.14,L,2022-08-19 00:00:00,Active
2753,Godrej Energy Drink,Godrej,Beverages,Energy Drink,149,1579.65,2035.67,12,60,40,433,7.8,ml,2022-05-16 00:00:00,Active
2754,Dabur Shampoo,Dabur,Personal Care,Shampoo,363,1246.68,1921.94,0,30,79,372,1.59,ml,2025-02-04 00:00:00,Active
2755,Aashirvaad Knife,Aashirvaad,Kitchen,Knife,434,295.62,395.75,18,365,60,392,4.88,kg,2023-03-17 00:00:00,Active
2756,Nivea Soft Drink,Nivea,Beverages,Soft Drink,8,1354.84,1644.45,0,365,25,80,6.69,g,2023-11-01 00:00:00,Active
2757,Surf Excel Cookies,Surf Excel,Snacks,Cookies,491,1319.63,1718.65,18,180,62,195,4.08,pcs,2025-09-19 00:00:00,Active
2758,Nivea Dog Food,Nivea,Pet Care,Dog Food,335,1189.66,1825.52,0,60,57,190,8.05,g,2026-05-26 00:00:00,Active
2759,Tata Face Wash,Tata,Personal Care,Face Wash,344,1172.59,1803.47,18,365,56,471,7.74,L,2023-07-07 00:00:00,Active
2760,Aashirvaad Baby Powder,Aashirvaad,Baby Care,Baby Powder,105,231.14,289.95,12,30,85,237,1.17,ml,2025-10-05 00:00:00,Active
2761,Mamaearth Baby Soap,Mamaearth,Baby Care,Baby Soap,168,659.26,902.77,18,30,25,452,9.29,g,2025-08-17 00:00:00,Active
2762,Aashirvaad Pet Shampoo,Aashirvaad,Pet Care,Pet Shampoo,203,288.9,394.3,12,365,52,376,1.48,kg,2022-07-30 00:00:00,Active
2763,Aashirvaad Biscuits,Aashirvaad,Snacks,Biscuits,181,180.26,222.48,18,365,101,238,8.41,g,2021-02-19 00:00:00,Active
2764,Lizol Biscuits,Lizol,Snacks,Biscuits,36,722.75,823.49,12,60,74,207,2.22,g,2025-08-19 00:00:00,Active
2765,Nivea Dog Food,Nivea,Pet Care,Dog Food,80,153.3,223.78,5,365,91,123,1.31,pcs,2025-12-10 00:00:00,Active
2766,Fortune Floor Cleaner,Fortune,Household,Floor Cleaner,311,1608.1,2265.18,5,60,97,376,3.76,kg,2023-05-31 00:00:00,Active
2767,Sunfeast Hair Oil,Sunfeast,Personal Care,Hair Oil,14,1617.52,2199.03,18,180,106,380,6.71,L,2020-12-08 00:00:00,Active
2768,Dettol Tea,Dettol,Grocery,Tea,337,976.22,1182.53,12,180,71,284,6.9,kg,2022-03-23 00:00:00,Active
2769,Parle Pet Shampoo,Parle,Pet Care,Pet Shampoo,201,569.61,735.75,18,365,59,402,5.66,ml,2025-08-06 00:00:00,Active
2770,Mamaearth Poha,Mamaearth,Grocery,Poha,210,1146.3,1387.55,5,90,113,58,5.34,L,2025-02-02 00:00:00,Active
2771,Dabur Tissue Paper,Dabur,Household,Tissue Paper,194,1033.99,1510.54,18,365,116,485,1.55,g,2022-04-23 00:00:00,Active
2772,HUL Namkeen,HUL,Snacks,Namkeen,424,1143.13,1429.82,18,365,111,360,7.14,ml,2021-03-16 00:00:00,Active
2773,Dabur Face Wash,Dabur,Personal Care,Face Wash,124,358.5,505.11,12,90,75,263,4.04,kg,2025-07-14 00:00:00,Active
2774,Sunfeast Hair Oil,Sunfeast,Personal Care,Hair Oil,194,170.18,194.13,18,60,84,466,5.53,pcs,2024-07-29 00:00:00,Active
2775,Dabur Pet Shampoo,Dabur,Pet Care,Pet Shampoo,458,500.23,614.16,12,30,116,175,6.83,pcs,2023-12-19 00:00:00,Active
2776,Pedigree Lunch Box,Pedigree,Kitchen,Lunch Box,45,1277.49,1659.9,5,90,54,74,8.52,pcs,2023-11-26 00:00:00,Active
2777,Nivea Juice,Nivea,Beverages,Juice,203,456.92,517.18,5,90,80,265,5.9,g,2020-11-13 00:00:00,Active
2778,Lizol Energy Drink,Lizol,Beverages,Energy Drink,324,1090.41,1589.35,0,30,119,394,8.78,g,2021-02-27 00:00:00,Active
2779,Sunfeast Atta,Sunfeast,Grocery,Atta,188,398.88,532.71,5,30,20,371,1.62,pcs,2021-04-17 00:00:00,Active
2780,ITC Biscuits,ITC,Snacks,Biscuits,423,1671.8,2046.65,18,60,106,84,2.98,kg,2025-07-22 00:00:00,Active
2781,Dabur Chips,Dabur,Snacks,Chips,63,880.79,1056.02,18,180,43,67,8.35,g,2021-04-19 00:00:00,Active
2782,Nestle Salt,Nestle,Grocery,Salt,326,1198.61,1577.72,12,180,93,407,6.92,kg,2024-02-25 00:00:00,Active
2783,ITC Cheese,ITC,Dairy,Cheese,176,1712.92,2195.58,5,60,57,485,3.16,g,2022-08-19 00:00:00,Active
2784,Nestle Energy Drink,Nestle,Beverages,Energy Drink,146,680.3,783.21,18,90,75,366,1.24,ml,2023-07-15 00:00:00,Discontinued
2785,Nivea Suji,Nivea,Grocery,Suji,73,822.17,967.98,5,30,52,77,0.56,g,2020-09-13 00:00:00,Active
2786,Nivea Pressure Cooker,Nivea,Kitchen,Pressure Cooker,322,1680.57,2028.29,0,60,46,135,1.22,kg,2023-07-21 00:00:00,Active
2787,Godrej Soft Drink,Godrej,Beverages,Soft Drink,72,1260.74,1708.23,12,60,111,280,3.91,L,2026-03-22 00:00:00,Active
2788,ITC Sugar,ITC,Grocery,Sugar,240,408.13,474.43,12,90,41,320,9.55,g,2022-12-11 00:00:00,Active
2789,Amul Diapers,Amul,Baby Care,Diapers,206,196.2,283.65,18,365,34,107,8.05,ml,2026-06-08 00:00:00,Active
2790,Parle Lunch Box,Parle,Kitchen,Lunch Box,164,1716.26,1927.42,0,90,44,309,4.03,L,2024-10-12 00:00:00,Active
2791,HUL Diapers,HUL,Baby Care,Diapers,21,1406.79,1678.82,12,30,81,401,8.09,L,2025-06-26 00:00:00,Active
2792,Amul Toor Dal,Amul,Grocery,Toor Dal,312,659.41,794.51,12,30,27,390,3.49,ml,2026-05-24 00:00:00,Active
2793,Surf Excel Detergent,Surf Excel,Household,Detergent,281,478.13,601.28,12,180,82,278,0.72,ml,2022-04-18 00:00:00,Active
2794,Pedigree Diapers,Pedigree,Baby Care,Diapers,287,893.47,1282.62,5,30,103,280,3.99,L,2020-12-23 00:00:00,Active
2795,HUL Garbage Bags,HUL,Household,Garbage Bags,4,589.65,842.43,0,180,40,276,1.75,pcs,2024-06-02 00:00:00,Discontinued
2796,Nivea Soft Drink,Nivea,Beverages,Soft Drink,434,349.51,395.33,5,60,21,234,1.17,g,2023-02-16 00:00:00,Active
2797,Amul Mineral Water,Amul,Beverages,Mineral Water,197,777.51,936.15,0,30,99,355,0.49,kg,2023-01-19 00:00:00,Active
2798,Aashirvaad Chana Dal,Aashirvaad,Grocery,Chana Dal,327,129.63,182.78,12,180,29,418,0.98,kg,2025-07-10 00:00:00,Active
2799,Tata Hair Oil,Tata,Personal Care,Hair Oil,291,1691.4,2518.25,18,365,91,257,9.53,kg,2022-06-04 00:00:00,Active
2800,Dettol Soap,Dettol,Personal Care,Soap,158,1332.82,1839.01,12,365,107,91,9.41,pcs,2026-03-02 00:00:00,Discontinued
2801,Mamaearth Pressure Cooker,Mamaearth,Kitchen,Pressure Cooker,386,126.46,148.39,12,90,109,258,5.05,ml,2023-01-23 00:00:00,Active
2802,Mamaearth Baby Lotion,Mamaearth,Baby Care,Baby Lotion,290,1551.01,1823.33,18,30,32,297,0.49,g,2021-01-09 00:00:00,Active
2803,Fortune Cat Food,Fortune,Pet Care,Cat Food,248,606.02,921.61,18,30,36,128,6.69,pcs,2022-11-05 00:00:00,Active
2804,Fortune Floor Cleaner,Fortune,Household,Floor Cleaner,226,822.03,1229.6,18,60,61,491,1.98,g,2023-04-21 00:00:00,Active
2805,Dabur Garbage Bags,Dabur,Household,Garbage Bags,285,964.83,1298.06,18,60,66,412,5.07,g,2022-02-05 00:00:00,Discontinued
2806,Pedigree Chocolate,Pedigree,Snacks,Chocolate,322,1579.39,1898.07,12,180,107,371,0.26,L,2026-06-21 00:00:00,Active
2807,Colgate Energy Drink,Colgate,Beverages,Energy Drink,271,363.88,502.43,12,180,56,323,2.93,g,2024-03-15 00:00:00,Active
2808,Aashirvaad Soft Drink,Aashirvaad,Beverages,Soft Drink,347,1305.26,1682.41,12,60,110,172,6.07,pcs,2022-11-26 00:00:00,Active
2809,Sunfeast Diapers,Sunfeast,Baby Care,Diapers,243,311.35,478.74,5,90,48,475,2.42,L,2023-11-15 00:00:00,Active
2810,Britannia Baby Powder,Britannia,Baby Care,Baby Powder,100,1536,1991.78,5,90,119,80,1.26,g,2026-07-01 00:00:00,Active
2811,Godrej Baby Powder,Godrej,Baby Care,Baby Powder,91,1589.8,2453.9,18,60,71,137,8.02,pcs,2025-12-20 00:00:00,Active
2812,Patanjali Biscuits,Patanjali,Snacks,Biscuits,142,665.52,754.58,12,90,66,459,7.19,L,2021-05-15 00:00:00,Active
2814,Nivea Cheese,Nivea,Dairy,Cheese,321,1297.69,1553.65,12,180,50,308,1.19,L,2020-08-31 00:00:00,Active
2815,Colgate Milk,Colgate,Dairy,Milk,313,502.5,668.92,5,90,104,248,2.95,pcs,2021-11-27 00:00:00,Active
2816,Dabur Lunch Box,Dabur,Kitchen,Lunch Box,166,466.94,669.23,5,365,99,320,8.83,L,2026-04-25 00:00:00,Active
2817,HUL Paneer,HUL,Dairy,Paneer,162,1539.51,1764.74,0,90,67,383,0.85,pcs,2024-03-31 00:00:00,Active
2818,Mamaearth Face Wash,Mamaearth,Personal Care,Face Wash,121,331.7,469.54,0,90,79,466,8.9,g,2024-02-04 00:00:00,Active
2819,Amul Juice,Amul,Beverages,Juice,129,1307.73,1516.27,18,90,50,430,4.84,ml,2025-12-31 00:00:00,Active
2820,Britannia Shampoo,Britannia,Personal Care,Shampoo,472,1778.2,2477.65,12,180,21,267,4.27,pcs,2026-02-09 00:00:00,Active
2821,Pedigree Chana Dal,Pedigree,Grocery,Chana Dal,229,1133.58,1387.74,12,365,33,465,1.56,kg,2023-03-13 00:00:00,Active
2822,Britannia Pet Shampoo,Britannia,Pet Care,Pet Shampoo,40,703.58,790.72,12,180,30,229,5.85,kg,2021-07-31 00:00:00,Active
2823,Amul Cookies,Amul,Snacks,Cookies,42,262.75,406.24,18,30,20,180,7.64,g,2023-06-07 00:00:00,Active
2824,Nivea Dog Food,Nivea,Pet Care,Dog Food,213,1672.12,2319.27,5,60,34,138,0.69,ml,2022-06-15 00:00:00,Active
2825,Nivea Hair Oil,Nivea,Personal Care,Hair Oil,436,542.21,693.99,18,365,70,440,3.87,pcs,2025-10-08 00:00:00,Active
2826,Godrej Pet Shampoo,Godrej,Pet Care,Pet Shampoo,332,307.61,467.73,0,90,30,192,8.4,g,2021-07-30 00:00:00,Active
2827,Lizol Poha,Lizol,Grocery,Poha,127,412.77,548.98,18,30,111,231,5.83,g,2021-03-03 00:00:00,Active
2828,Pedigree Garbage Bags,Pedigree,Household,Garbage Bags,338,502.77,773.95,18,180,47,435,8.99,pcs,2020-09-05 00:00:00,Active
2829,Aashirvaad Juice,Aashirvaad,Beverages,Juice,241,576.19,763.73,5,180,76,272,0.26,L,2023-01-05 00:00:00,Active
2830,Tata Milk,Tata,Dairy,Milk,374,1062.13,1466.01,0,90,20,445,2.88,g,2026-05-14 00:00:00,Active
2831,Colgate Mineral Water,Colgate,Beverages,Mineral Water,272,1339.6,2004.13,12,365,100,259,6.23,ml,2023-05-21 00:00:00,Active
2832,Colgate Coffee,Colgate,Grocery,Coffee,240,392.49,491.44,18,30,82,217,8.47,g,2026-05-31 00:00:00,Active
2833,Fortune Cheese,Fortune,Dairy,Cheese,71,246.21,293.24,18,90,103,196,9.16,pcs,2024-01-29 00:00:00,Active
2834,Tata Cookies,Tata,Snacks,Cookies,179,1054.63,1208.8,5,90,71,241,2.48,g,2023-12-17 00:00:00,Active
2835,Dettol Energy Drink,Dettol,Beverages,Energy Drink,170,1378.36,2103.99,0,180,112,263,9.22,L,2025-09-05 00:00:00,Active
2836,HUL Tissue Paper,HUL,Household,Tissue Paper,287,882.23,1314.24,12,60,62,88,1.79,L,2022-01-27 00:00:00,Active
2837,Colgate Bottle,Colgate,Kitchen,Bottle,328,832.47,1144.49,0,30,104,301,8.07,g,2025-10-12 00:00:00,Active
2838,Dabur Pet Shampoo,Dabur,Pet Care,Pet Shampoo,390,1123.78,1530.5,18,90,40,157,7.89,ml,2021-07-04 00:00:00,Active
2839,Britannia Sugar,Britannia,Grocery,Sugar,174,1478.58,2078.67,12,30,76,50,0.68,L,2023-07-19 00:00:00,Active
2840,ITC Garbage Bags,ITC,Household,Garbage Bags,213,1695.3,2104.94,12,180,60,163,8.39,pcs,2026-01-15 00:00:00,Active
2841,Sunfeast Energy Drink,Sunfeast,Beverages,Energy Drink,315,1274.2,1609.95,12,180,29,209,1.4,ml,2023-01-14 00:00:00,Active
2842,Britannia Toor Dal,Britannia,Grocery,Toor Dal,204,927.35,1094.75,5,60,53,258,0.85,pcs,2021-10-16 00:00:00,Active
2843,Patanjali Lunch Box,Patanjali,Kitchen,Lunch Box,334,816.15,1097.03,18,90,97,475,1.97,g,2021-03-24 00:00:00,Active
2844,Nestle Toor Dal,Nestle,Grocery,Toor Dal,247,1285.74,1778.92,0,180,26,175,2.1,g,2023-02-18 00:00:00,Active
2845,Fortune Dishwash Liquid,Fortune,Household,Dishwash Liquid,128,170,237.92,18,180,26,390,1.89,kg,2021-02-14 00:00:00,Active
2846,HUL Juice,HUL,Beverages,Juice,25,856.14,1162.58,5,30,24,347,2.48,ml,2023-06-18 00:00:00,Active
2847,Dettol Diapers,Dettol,Baby Care,Diapers,437,1412.87,1858.79,18,90,117,283,3.84,L,2024-10-16 00:00:00,Active
2848,Britannia Garbage Bags,Britannia,Household,Garbage Bags,259,386.33,582.12,0,365,62,462,8.62,L,2025-08-27 00:00:00,Active
2849,Britannia Milk,Britannia,Dairy,Milk,294,264.38,367.07,12,90,46,170,8.24,pcs,2026-03-03 00:00:00,Active
2850,HUL Biscuits,HUL,Snacks,Biscuits,43,351.64,536.91,5,90,106,431,9.84,L,2023-05-24 00:00:00,Discontinued
2851,Aashirvaad Bottle,Aashirvaad,Kitchen,Bottle,12,1347.88,1526.14,5,180,52,58,4.38,ml,2023-05-01 00:00:00,Active
2852,Nestle Cat Food,Nestle,Pet Care,Cat Food,383,585.89,907.9,12,90,84,294,4.43,kg,2020-11-11 00:00:00,Active
2853,Nivea Baby Soap,Nivea,Baby Care,Baby Soap,131,1771.57,2543.88,5,180,109,499,8.37,pcs,2024-01-16 00:00:00,Active
2854,Mamaearth Sugar,Mamaearth,Grocery,Sugar,168,518.14,677.63,18,60,64,135,6.7,g,2021-08-08 00:00:00,Active
2855,Pedigree Garbage Bags,Pedigree,Household,Garbage Bags,58,383.15,505.26,5,90,89,142,5.42,pcs,2021-06-14 00:00:00,Discontinued
2856,ITC Frying Pan,ITC,Kitchen,Frying Pan,368,1071.26,1609.94,12,365,65,92,3.9,L,2022-05-08 00:00:00,Active
2857,Godrej Cheese,Godrej,Dairy,Cheese,337,574.72,845.47,12,90,75,178,7.7,g,2025-01-08 00:00:00,Active
2858,Godrej Rice,Godrej,Grocery,Rice,156,144.5,184.85,5,365,68,303,5.43,L,2024-10-26 00:00:00,Active
2859,Surf Excel Atta,Surf Excel,Grocery,Atta,307,1064.44,1540.99,12,30,35,400,3.08,ml,2024-06-17 00:00:00,Active
2860,Lizol Energy Drink,Lizol,Beverages,Energy Drink,176,270.71,377.89,0,60,84,407,0.38,L,2025-07-31 00:00:00,Active
2861,Britannia Cat Food,Britannia,Pet Care,Cat Food,139,1494.15,1991.66,18,30,106,177,1.15,kg,2021-10-23 00:00:00,Active
2862,Lizol Soap,Lizol,Personal Care,Soap,351,1063.52,1249.45,0,180,54,229,4.87,g,2024-11-16 00:00:00,Active
2863,Surf Excel Shampoo,Surf Excel,Personal Care,Shampoo,104,1285.26,1807.92,5,365,116,254,4.95,pcs,2021-07-14 00:00:00,Active
2864,Britannia Paneer,Britannia,Dairy,Paneer,267,769.89,1155.1,0,90,65,430,4.73,L,2026-03-18 00:00:00,Active
2865,ITC Diapers,ITC,Baby Care,Diapers,299,1549.39,2011.53,12,30,92,172,4.26,g,2022-07-07 00:00:00,Active
2866,Aashirvaad Baby Lotion,Aashirvaad,Baby Care,Baby Lotion,62,1030.08,1317.79,18,30,29,162,2.15,L,2022-10-29 00:00:00,Active
2867,Parle Soft Drink,Parle,Beverages,Soft Drink,39,480.53,614.95,5,90,70,360,4.1,pcs,2020-08-11 00:00:00,Active
2868,Mamaearth Namkeen,Mamaearth,Snacks,Namkeen,160,820.12,1179.17,18,365,82,333,3.11,ml,2025-11-04 00:00:00,Active
2869,Colgate Frying Pan,Colgate,Kitchen,Frying Pan,218,1335.05,1544.21,5,30,64,132,5,kg,2026-01-02 00:00:00,Active
2870,Mamaearth Energy Drink,Mamaearth,Beverages,Energy Drink,93,1576.97,2437,12,365,113,90,4.28,g,2023-04-21 00:00:00,Active
2871,Lizol Curd,Lizol,Dairy,Curd,368,517.6,710.23,0,30,82,249,2.12,kg,2023-12-30 00:00:00,Active
2872,Surf Excel Cheese,Surf Excel,Dairy,Cheese,350,1554.13,1903.5,0,365,66,391,3.52,ml,2024-11-14 00:00:00,Active
2873,Patanjali Biscuits,Patanjali,Snacks,Biscuits,214,36.55,43.9,18,60,102,427,3.59,ml,2022-08-18 00:00:00,Active
2874,Pedigree Shampoo,Pedigree,Personal Care,Shampoo,1,944.69,1383.18,12,30,110,68,2.25,g,2024-01-06 00:00:00,Active
2875,Parle Salt,Parle,Grocery,Salt,364,565.74,761.04,18,90,108,245,2.15,L,2025-11-25 00:00:00,Active
2876,Colgate Mineral Water,Colgate,Beverages,Mineral Water,354,159.34,216.61,5,30,51,477,9.76,kg,2020-09-01 00:00:00,Active
2877,Surf Excel Baby Soap,Surf Excel,Baby Care,Baby Soap,72,1204.16,1562.55,0,365,62,152,9.19,kg,2025-10-10 00:00:00,Active
2878,Surf Excel Curd,Surf Excel,Dairy,Curd,408,1375.36,1816.37,0,60,101,250,4.3,ml,2023-09-23 00:00:00,Active
2879,Dabur Face Wash,Dabur,Personal Care,Face Wash,82,920.21,1287.85,18,90,94,313,2.87,kg,2022-10-04 00:00:00,Active
2880,Britannia Pet Shampoo,Britannia,Pet Care,Pet Shampoo,308,1295.07,1822.39,12,30,48,301,3.68,L,2022-04-14 00:00:00,Active
2881,Patanjali Juice,Patanjali,Beverages,Juice,176,292.21,358.81,5,180,108,218,4.2,kg,2025-03-15 00:00:00,Active
2882,HUL Detergent,HUL,Household,Detergent,233,112.31,145.24,0,180,28,114,7.04,ml,2023-12-03 00:00:00,Active
2883,Fortune Hair Oil,Fortune,Personal Care,Hair Oil,257,1434.94,1979.59,12,60,112,356,9.57,g,2024-02-05 00:00:00,Active
2884,ITC Chips,ITC,Snacks,Chips,240,600.49,743.95,18,180,72,187,5.79,g,2025-07-19 00:00:00,Active
2885,Tata Butter,Tata,Dairy,Butter,71,801.23,1186.49,5,60,110,462,7.53,kg,2021-09-17 00:00:00,Active
2886,Mamaearth Dishwash Liquid,Mamaearth,Household,Dishwash Liquid,439,1204.54,1361.36,5,365,59,337,8.57,pcs,2022-10-20 00:00:00,Active
2887,Aashirvaad Mineral Water,Aashirvaad,Beverages,Mineral Water,210,832.56,1230.92,18,30,112,171,9.19,pcs,2024-02-11 00:00:00,Active
2888,Amul Dishwash Liquid,Amul,Household,Dishwash Liquid,469,1401.84,2146.7,0,365,31,407,3.74,L,2024-09-23 00:00:00,Active
2889,Patanjali Pet Shampoo,Patanjali,Pet Care,Pet Shampoo,357,267.84,323.97,12,365,116,146,3.9,kg,2025-06-23 00:00:00,Active
2890,Parle Soap,Parle,Personal Care,Soap,197,1152.26,1305.74,0,365,119,217,6.75,ml,2026-02-23 00:00:00,Active
2891,Nivea Lunch Box,Nivea,Kitchen,Lunch Box,70,89.23,135.85,0,60,23,489,9.04,g,2024-07-08 00:00:00,Active
2892,ITC Pressure Cooker,ITC,Kitchen,Pressure Cooker,296,296.93,429.39,18,180,81,269,9.79,ml,2022-04-09 00:00:00,Active
2893,Dettol Salt,Dettol,Grocery,Salt,258,414.03,601.57,5,180,66,265,4.88,ml,2023-07-05 00:00:00,Active
2894,Sunfeast Moong Dal,Sunfeast,Grocery,Moong Dal,413,1191.94,1502.05,12,60,95,258,4.94,kg,2025-12-13 00:00:00,Active
2895,Patanjali Diapers,Patanjali,Baby Care,Diapers,129,1087.85,1253.89,0,365,115,224,2.78,ml,2026-03-29 00:00:00,Active
2896,HUL Lunch Box,HUL,Kitchen,Lunch Box,182,1297.85,1481.54,18,365,35,79,8.51,L,2023-08-28 00:00:00,Active
2897,Mamaearth Curd,Mamaearth,Dairy,Curd,452,1444.44,1880.14,18,60,60,189,9.85,pcs,2026-06-15 00:00:00,Active
2898,Aashirvaad Coffee,Aashirvaad,Grocery,Coffee,435,935.49,1170.78,0,90,69,112,8.34,pcs,2024-03-25 00:00:00,Active
2899,Amul Rice,Amul,Grocery,Rice,29,140.56,192.48,0,180,46,315,5.11,L,2024-01-15 00:00:00,Active
2900,HUL Pet Shampoo,HUL,Pet Care,Pet Shampoo,145,1140.99,1635.31,5,180,116,343,2.4,pcs,2025-05-11 00:00:00,Active
2901,Pedigree Tea,Pedigree,Grocery,Tea,295,508.19,615.21,12,365,68,304,0.77,g,2024-09-12 00:00:00,Active
2902,Tata Juice,Tata,Beverages,Juice,278,539.42,820.45,12,60,65,372,0.77,kg,2023-12-13 00:00:00,Active
2903,Tata Salt,Tata,Grocery,Salt,8,1088.08,1620.94,12,60,104,345,2.9,g,2025-11-07 00:00:00,Active
2904,Pedigree Pet Shampoo,Pedigree,Pet Care,Pet Shampoo,374,1332.92,1830.82,5,60,51,335,5.47,ml,2025-06-04 00:00:00,Active
2905,Colgate Cat Food,Colgate,Pet Care,Cat Food,426,79.75,111.02,5,365,93,213,8.97,kg,2022-06-07 00:00:00,Active
2906,Patanjali Soap,Patanjali,Personal Care,Soap,241,1022.05,1504.24,5,365,79,196,2.97,g,2020-11-09 00:00:00,Active
2907,Patanjali Cheese,Patanjali,Dairy,Cheese,388,742.33,882.83,5,365,107,469,4.53,kg,2026-01-16 00:00:00,Active
2908,Surf Excel Baby Powder,Surf Excel,Baby Care,Baby Powder,63,312.82,350.95,12,90,91,90,5.55,kg,2024-04-21 00:00:00,Active
2909,Lizol Milk,Lizol,Dairy,Milk,225,924.2,1057.55,18,180,77,302,0.81,g,2025-01-09 00:00:00,Discontinued
2910,Pedigree Frying Pan,Pedigree,Kitchen,Frying Pan,117,255.57,289.91,0,60,87,277,3.26,ml,2021-11-28 00:00:00,Active
2911,Pedigree Garbage Bags,Pedigree,Household,Garbage Bags,348,1358.04,1629.45,0,60,73,56,3.84,ml,2020-09-27 00:00:00,Active
2912,Dabur Cheese,Dabur,Dairy,Cheese,340,490.32,675.05,5,180,61,224,7.53,ml,2020-11-26 00:00:00,Active
2913,Mamaearth Baby Soap,Mamaearth,Baby Care,Baby Soap,133,1517.13,2010.12,12,30,108,431,3.16,g,2026-02-21 00:00:00,Active
2914,Dettol Cookies,Dettol,Snacks,Cookies,153,1298.73,1997.71,5,90,37,418,4.25,pcs,2023-12-16 00:00:00,Active
2915,Nestle Suji,Nestle,Grocery,Suji,54,1472.22,1880.14,0,30,60,426,4.38,g,2024-06-05 00:00:00,Active
2916,ITC Bottle,ITC,Kitchen,Bottle,377,585.78,763.84,18,180,24,382,3.75,ml,2023-08-18 00:00:00,Active
2917,Pedigree Pressure Cooker,Pedigree,Kitchen,Pressure Cooker,108,987.1,1319.48,0,365,48,182,4.4,kg,2022-06-10 00:00:00,Active
2918,Surf Excel Cat Food,Surf Excel,Pet Care,Cat Food,472,1716.23,1960.27,12,90,68,153,6.91,g,2021-04-09 00:00:00,Active
2919,Fortune Biscuits,Fortune,Snacks,Biscuits,71,1128.25,1693.35,12,90,77,77,3.46,L,2024-10-17 00:00:00,Active
2920,Surf Excel Tissue Paper,Surf Excel,Household,Tissue Paper,207,1690.34,2356.89,5,365,89,53,8.26,g,2025-02-15 00:00:00,Active
2921,Dettol Shampoo,Dettol,Personal Care,Shampoo,269,173.28,202.28,18,60,111,402,5.16,ml,2026-07-17 00:00:00,Active
2922,Godrej Pet Shampoo,Godrej,Pet Care,Pet Shampoo,93,874.3,1251.15,5,180,23,157,6.88,L,2022-10-05 00:00:00,Active
2923,Nivea Face Wash,Nivea,Personal Care,Face Wash,356,1367,1973.13,5,180,87,99,5.75,g,2023-11-17 00:00:00,Active
2924,Mamaearth Biscuits,Mamaearth,Snacks,Biscuits,407,1713.29,1985.39,5,60,37,311,7.56,kg,2023-10-17 00:00:00,Active
2925,Tata Baby Powder,Tata,Baby Care,Baby Powder,445,444.57,608.75,0,365,66,190,3.48,L,2025-09-13 00:00:00,Active
2926,Dabur Frying Pan,Dabur,Kitchen,Frying Pan,455,583.16,878.21,5,30,53,442,0.14,g,2025-10-18 00:00:00,Active
2927,Patanjali Juice,Patanjali,Beverages,Juice,78,1629.67,1936.31,18,180,44,217,6.71,pcs,2024-05-10 00:00:00,Active
2928,Nivea Pet Shampoo,Nivea,Pet Care,Pet Shampoo,52,1712.93,2183.86,18,365,94,415,4.42,g,2022-04-20 00:00:00,Active
2929,Britannia Cookies,Britannia,Snacks,Cookies,277,951.25,1136.01,18,365,60,247,2.99,g,2026-07-19 00:00:00,Active
2930,Surf Excel Baby Lotion,Surf Excel,Baby Care,Baby Lotion,90,1485.85,2266.75,5,30,93,137,8.53,pcs,2021-06-04 00:00:00,Active
2931,Fortune Frying Pan,Fortune,Kitchen,Frying Pan,341,720.18,1095.5,5,180,46,89,4.03,g,2025-03-21 00:00:00,Active
2932,Sunfeast Bottle,Sunfeast,Kitchen,Bottle,382,89.76,118.64,18,60,85,443,0.24,g,2022-12-13 00:00:00,Active
2933,Pedigree Baby Soap,Pedigree,Baby Care,Baby Soap,146,102.65,151.4,18,90,93,91,6.35,ml,2025-09-28 00:00:00,Active
2934,HUL Mineral Water,HUL,Beverages,Mineral Water,118,1547.33,2185.32,0,30,111,403,1.07,ml,2022-05-21 00:00:00,Active
2935,Dabur Diapers,Dabur,Baby Care,Diapers,269,1772.75,2725.73,12,90,60,206,0.82,kg,2023-08-24 00:00:00,Active
2936,Pedigree Tissue Paper,Pedigree,Household,Tissue Paper,194,1646.11,2447.8,5,60,93,230,0.85,kg,2021-12-26 00:00:00,Active
2937,Surf Excel Bottle,Surf Excel,Kitchen,Bottle,375,777.18,882.6,18,30,114,387,7.92,g,2024-09-30 00:00:00,Active
2938,Colgate Toor Dal,Colgate,Grocery,Toor Dal,227,1070.18,1491.8,12,365,104,221,2.07,pcs,2021-09-20 00:00:00,Active
2939,Fortune Baby Powder,Fortune,Baby Care,Baby Powder,214,510.26,783.09,18,180,89,328,2.95,ml,2025-06-14 00:00:00,Active
2940,ITC Soft Drink,ITC,Beverages,Soft Drink,91,783.57,896.46,12,60,47,446,5.3,g,2025-08-17 00:00:00,Active
2941,Dettol Soap,Dettol,Personal Care,Soap,474,151.13,173.66,0,180,116,137,6.2,L,2024-12-16 00:00:00,Active
2942,Tata Juice,Tata,Beverages,Juice,431,1155.07,1665.71,18,180,76,98,2.6,L,2024-05-01 00:00:00,Active
2943,Nestle Soft Drink,Nestle,Beverages,Soft Drink,234,906.81,1047.05,12,90,52,426,8.12,g,2024-06-29 00:00:00,Active
2944,Fortune Knife,Fortune,Kitchen,Knife,81,1360.43,1862.38,0,60,84,393,9.01,kg,2020-10-19 00:00:00,Active
2945,Surf Excel Chips,Surf Excel,Snacks,Chips,182,1061.92,1645.71,5,30,76,496,3.99,kg,2022-09-14 00:00:00,Active
2946,Pedigree Namkeen,Pedigree,Snacks,Namkeen,24,782.75,989.15,12,30,81,427,2.36,g,2023-08-29 00:00:00,Active
2947,Pedigree Curd,Pedigree,Dairy,Curd,419,542.19,619.88,5,90,25,429,7.58,ml,2020-11-21 00:00:00,Active
2948,HUL Baby Powder,HUL,Baby Care,Baby Powder,145,1016.66,1359.79,12,30,117,397,8.41,ml,2026-02-11 00:00:00,Active
2949,Patanjali Dishwash Liquid,Patanjali,Household,Dishwash Liquid,80,1079.08,1483.2,12,365,22,147,2.33,kg,2025-10-26 00:00:00,Active
2950,Fortune Soap,Fortune,Personal Care,Soap,425,1008.58,1413.83,5,365,103,73,5.2,kg,2021-05-10 00:00:00,Active
2951,Surf Excel Toor Dal,Surf Excel,Grocery,Toor Dal,172,1541.07,2163.88,0,90,35,335,1.34,g,2026-06-13 00:00:00,Active
2952,Britannia Chips,Britannia,Snacks,Chips,148,1111.51,1475.89,12,180,93,403,2.39,kg,2021-02-14 00:00:00,Active
2953,Lizol Dog Food,Lizol,Pet Care,Dog Food,6,1692.28,2516.87,0,60,110,181,3.63,pcs,2022-02-24 00:00:00,Active
2954,Surf Excel Bottle,Surf Excel,Kitchen,Bottle,250,722.09,1018.08,5,180,57,449,2.85,ml,2024-10-29 00:00:00,Active
2955,Parle Cooking Oil,Parle,Grocery,Cooking Oil,30,406.13,520.96,12,180,53,103,1.56,pcs,2023-06-19 00:00:00,Active
2956,Colgate Salt,Colgate,Grocery,Salt,328,937.41,1134.83,5,90,36,454,5.38,pcs,2024-02-19 00:00:00,Active
2957,Patanjali Toor Dal,Patanjali,Grocery,Toor Dal,60,1051.84,1528.01,18,30,37,252,6.12,L,2020-12-29 00:00:00,Active
2958,Parle Cat Food,Parle,Pet Care,Cat Food,288,1246.54,1626.91,12,365,26,161,6.7,kg,2024-05-31 00:00:00,Active
2959,Surf Excel Diapers,Surf Excel,Baby Care,Diapers,134,139.05,174.58,0,60,63,174,4.93,L,2021-06-29 00:00:00,Active
2960,Pedigree Knife,Pedigree,Kitchen,Knife,320,408.08,493.76,12,60,96,237,1.44,ml,2022-07-04 00:00:00,Active
2961,Patanjali Bottle,Patanjali,Kitchen,Bottle,429,337.8,495.38,18,60,57,410,8.66,kg,2022-09-25 00:00:00,Active
2962,Fortune Pet Shampoo,Fortune,Pet Care,Pet Shampoo,373,827.71,1044.15,18,60,106,495,6.58,ml,2022-03-08 00:00:00,Active
2963,Colgate Coffee,Colgate,Grocery,Coffee,159,834,958.41,12,180,63,344,4.84,ml,2025-12-27 00:00:00,Active
2964,Britannia Baby Lotion,Britannia,Baby Care,Baby Lotion,129,1199.03,1741.62,0,90,80,155,9.09,ml,2024-06-05 00:00:00,Active
2965,Surf Excel Milk,Surf Excel,Dairy,Milk,415,1559.45,1760.11,0,180,60,269,6.29,L,2021-07-07 00:00:00,Active
2966,Dabur Cooking Oil,Dabur,Grocery,Cooking Oil,258,1452.13,2187.01,18,180,28,396,7.22,pcs,2023-07-27 00:00:00,Active
2967,Surf Excel Baby Soap,Surf Excel,Baby Care,Baby Soap,127,840.73,1025.34,12,30,35,66,2.71,L,2022-12-10 00:00:00,Active
2968,Dettol Lunch Box,Dettol,Kitchen,Lunch Box,75,1680.48,1961.9,18,90,81,405,1.68,kg,2023-06-15 00:00:00,Active
2969,Nestle Chocolate,Nestle,Snacks,Chocolate,288,311.75,414.92,12,60,53,345,9.56,pcs,2023-03-02 00:00:00,Active
2970,Surf Excel Baby Lotion,Surf Excel,Baby Care,Baby Lotion,179,536.58,766.87,12,90,44,288,7.16,kg,2023-11-26 00:00:00,Active
2971,Dettol Shampoo,Dettol,Personal Care,Shampoo,272,1620.07,1956.03,12,90,92,256,9.71,kg,2022-11-07 00:00:00,Active
2972,Pedigree Butter,Pedigree,Dairy,Butter,364,1504.78,1850.53,0,90,115,206,0.12,kg,2021-05-02 00:00:00,Active
2973,Dettol Soap,Dettol,Personal Care,Soap,123,674.72,768.78,0,30,113,266,3.19,kg,2024-05-28 00:00:00,Active
2974,Mamaearth Dog Food,Mamaearth,Pet Care,Dog Food,91,748.86,1077.2,12,90,39,282,9.25,L,2024-11-23 00:00:00,Active
2975,Pedigree Pet Shampoo,Pedigree,Pet Care,Pet Shampoo,59,281.33,419.58,18,60,72,258,6.35,L,2025-04-08 00:00:00,Discontinued
2976,Tata Pet Shampoo,Tata,Pet Care,Pet Shampoo,429,923.08,1365.6,5,180,28,80,8.41,L,2022-07-28 00:00:00,Active
2977,Mamaearth Cookies,Mamaearth,Snacks,Cookies,413,113.43,148.02,18,180,35,335,3.31,ml,2021-04-14 00:00:00,Active
2978,Fortune Butter,Fortune,Dairy,Butter,132,1672.17,2376.61,0,60,64,243,9.55,kg,2026-04-08 00:00:00,Active
2979,Nestle Curd,Nestle,Dairy,Curd,254,745.08,961.63,18,90,38,295,7.79,kg,2022-01-08 00:00:00,Active
2980,Mamaearth Namkeen,Mamaearth,Snacks,Namkeen,240,1787.29,2566.62,0,180,75,159,7.44,L,2025-03-13 00:00:00,Active
2981,Dettol Shampoo,Dettol,Personal Care,Shampoo,470,295.75,422.89,0,90,46,312,5.52,kg,2025-10-23 00:00:00,Active
2982,Sunfeast Diapers,Sunfeast,Baby Care,Diapers,435,256.86,383.18,18,30,38,427,3.54,g,2026-03-17 00:00:00,Active
2983,Mamaearth Baby Powder,Mamaearth,Baby Care,Baby Powder,216,134.14,179.67,12,180,36,221,4.24,L,2022-02-01 00:00:00,Active
2984,Dabur Pet Shampoo,Dabur,Pet Care,Pet Shampoo,105,1766.23,2012.2,18,365,22,250,6.97,kg,2022-05-22 00:00:00,Active
2985,Dabur Detergent,Dabur,Household,Detergent,132,716.27,822.14,0,365,80,165,1.03,g,2020-08-26 00:00:00,Active
2986,Colgate Suji,Colgate,Grocery,Suji,497,700.22,915.35,12,90,103,52,3.31,g,2022-01-03 00:00:00,Active
2987,Mamaearth Butter,Mamaearth,Dairy,Butter,360,510.41,645.17,5,365,115,272,9.14,ml,2021-10-30 00:00:00,Active
2988,Nivea Moong Dal,Nivea,Grocery,Moong Dal,496,1602.7,1960.26,0,90,77,164,1.95,g,2023-02-03 00:00:00,Active
2989,Nivea Pet Shampoo,Nivea,Pet Care,Pet Shampoo,427,701.96,893.92,12,60,72,106,3.22,kg,2021-07-30 00:00:00,Active
2990,Lizol Dishwash Liquid,Lizol,Household,Dishwash Liquid,81,29.99,46.02,12,30,91,254,5.36,L,2021-10-21 00:00:00,Active
2991,Aashirvaad Biscuits,Aashirvaad,Snacks,Biscuits,429,1672.17,2294.67,18,60,60,337,4.03,g,2026-05-02 00:00:00,Active
2992,Colgate Mineral Water,Colgate,Beverages,Mineral Water,96,59.55,76.5,12,90,28,237,0.97,pcs,2026-05-30 00:00:00,Active
2993,Tata Pet Shampoo,Tata,Pet Care,Pet Shampoo,244,149.87,205.56,12,365,62,161,0.76,g,2026-07-04 00:00:00,Active
2994,Godrej Mineral Water,Godrej,Beverages,Mineral Water,331,1455.91,1839.86,0,30,99,302,4.29,g,2026-05-03 00:00:00,Active
2995,ITC Face Wash,ITC,Personal Care,Face Wash,40,723.13,1022.36,12,60,109,461,9.17,L,2024-10-12 00:00:00,Active
2996,Godrej Biscuits,Godrej,Snacks,Biscuits,21,1626.76,2363.24,0,30,33,188,5.33,kg,2026-01-20 00:00:00,Active
2997,Pedigree Dog Food,Pedigree,Pet Care,Dog Food,397,1011.69,1251.62,12,60,77,443,7.93,L,2024-07-23 00:00:00,Active
2998,Sunfeast Curd,Sunfeast,Dairy,Curd,475,934.86,1243.03,5,30,113,57,5.26,kg,2022-01-31 00:00:00,Active
2999,Pedigree Frying Pan,Pedigree,Kitchen,Frying Pan,336,1572.63,1984.3,0,365,35,187,0.26,g,2023-09-07 00:00:00,Active
3000,Britannia Moong Dal,Britannia,Grocery,Moong Dal,356,1001.87,1441.35,0,90,68,413,2.29,pcs,2025-04-21 00:00:00,Active
3001,Dabur Baby Lotion,Dabur,Baby Care,Baby Lotion,36,1731.15,2517.95,0,180,109,262,5.73,ml,2024-10-02 00:00:00,Active
3002,Dabur Chips,Dabur,Snacks,Chips,464,1643.97,2463.39,18,180,74,447,2.66,pcs,2022-11-10 00:00:00,Active
3003,Surf Excel Garbage Bags,Surf Excel,Household,Garbage Bags,82,1557.15,2009.52,0,180,54,368,5.14,pcs,2022-02-10 00:00:00,Active
3004,Aashirvaad Hair Oil,Aashirvaad,Personal Care,Hair Oil,200,1083.89,1608.83,0,365,39,50,2.52,kg,2021-06-30 00:00:00,Active
3005,Tata Face Wash,Tata,Personal Care,Face Wash,254,759.8,1075.38,0,180,70,231,4.96,pcs,2024-10-23 00:00:00,Active
3006,Fortune Juice,Fortune,Beverages,Juice,435,1764.25,2449.06,0,90,50,306,5.74,ml,2023-02-08 00:00:00,Active
3007,Godrej Butter,Godrej,Dairy,Butter,74,642.8,865.98,12,60,36,443,1.36,g,2022-05-16 00:00:00,Active
3008,Nivea Cookies,Nivea,Snacks,Cookies,49,1652.66,2124.97,5,180,32,161,6.73,pcs,2022-08-10 00:00:00,Active
3009,Godrej Tissue Paper,Godrej,Household,Tissue Paper,259,587.26,757.95,0,90,84,152,5.81,L,2024-11-05 00:00:00,Active
3010,HUL Tea,HUL,Grocery,Tea,474,673.65,937.99,12,60,106,377,4.79,pcs,2025-07-21 00:00:00,Active
3011,Nestle Frying Pan,Nestle,Kitchen,Frying Pan,314,1067.28,1202.32,18,90,68,363,2.04,L,2021-04-01 00:00:00,Active
3012,Dettol Baby Powder,Dettol,Baby Care,Baby Powder,123,792.53,943.26,18,365,50,92,8.08,ml,2023-11-01 00:00:00,Active
3013,Nivea Soap,Nivea,Personal Care,Soap,361,382.46,549.98,12,90,101,290,8.37,kg,2023-08-07 00:00:00,Active
3014,Amul Chocolate,Amul,Snacks,Chocolate,42,171.96,226.19,0,180,36,338,3.03,kg,2024-03-05 00:00:00,Active
3015,Godrej Baby Soap,Godrej,Baby Care,Baby Soap,342,826.87,1202.34,5,90,32,500,8.41,L,2021-04-12 00:00:00,Active
3016,Patanjali Milk,Patanjali,Dairy,Milk,359,347.51,424.83,0,365,75,479,6.66,ml,2022-10-08 00:00:00,Active
3017,Colgate Chana Dal,Colgate,Grocery,Chana Dal,132,1156.92,1773.18,18,180,102,374,1.44,kg,2021-01-01 00:00:00,Active
3018,Britannia Milk,Britannia,Dairy,Milk,261,542.07,735.62,12,60,114,289,8.48,g,2022-05-11 00:00:00,Active
3019,Dettol Cheese,Dettol,Dairy,Cheese,318,851.76,1128.19,12,60,44,493,9.34,L,2025-07-05 00:00:00,Active
3020,Mamaearth Floor Cleaner,Mamaearth,Household,Floor Cleaner,69,418.37,579.39,12,60,66,441,4.98,ml,2020-11-27 00:00:00,Active
3021,Godrej Cat Food,Godrej,Pet Care,Cat Food,25,661.37,932.54,5,30,104,461,5.26,L,2022-03-14 00:00:00,Active
3022,Surf Excel Paneer,Surf Excel,Dairy,Paneer,117,566.59,877.06,18,60,87,167,5.87,ml,2024-08-14 00:00:00,Active
3023,Nivea Lunch Box,Nivea,Kitchen,Lunch Box,91,1500.45,2243.87,0,90,79,219,9.01,pcs,2021-11-26 00:00:00,Active
3024,Surf Excel Mineral Water,Surf Excel,Beverages,Mineral Water,386,1428,1790.37,18,30,69,345,7.05,g,2021-05-28 00:00:00,Active
3025,Aashirvaad Chocolate,Aashirvaad,Snacks,Chocolate,28,445.8,622.98,5,90,59,258,0.9,ml,2021-12-19 00:00:00,Active
3026,Fortune Pet Shampoo,Fortune,Pet Care,Pet Shampoo,331,749.54,1157.65,18,365,105,456,0.78,pcs,2022-08-02 00:00:00,Active
3027,Colgate Baby Powder,Colgate,Baby Care,Baby Powder,116,1347.13,1554.22,12,365,111,198,7.82,L,2023-12-11 00:00:00,Discontinued
3028,Nestle Chips,Nestle,Snacks,Chips,225,1286.53,1626.41,5,60,100,220,9.62,kg,2020-12-25 00:00:00,Active
3029,Patanjali Face Wash,Patanjali,Personal Care,Face Wash,71,897.38,1225.38,18,60,84,450,5.88,L,2025-12-10 00:00:00,Active
3030,Dettol Pet Shampoo,Dettol,Pet Care,Pet Shampoo,284,1032.79,1471.15,5,60,22,72,5.55,kg,2026-03-21 00:00:00,Active
3031,Godrej Atta,Godrej,Grocery,Atta,342,332.56,489.3,18,365,27,252,1.9,kg,2020-12-30 00:00:00,Active
3032,Aashirvaad Garbage Bags,Aashirvaad,Household,Garbage Bags,393,207.21,309.33,0,365,109,253,4.51,kg,2023-07-23 00:00:00,Active
3033,Godrej Rice,Godrej,Grocery,Rice,356,1141.63,1451.93,18,60,54,130,6.62,ml,2023-12-28 00:00:00,Active
3034,Sunfeast Hair Oil,Sunfeast,Personal Care,Hair Oil,66,771.02,1096.87,12,365,45,486,0.54,L,2024-12-02 00:00:00,Active
3035,Dettol Cheese,Dettol,Dairy,Cheese,93,292.19,368.95,5,90,46,438,9.44,L,2021-04-15 00:00:00,Active
3036,Tata Diapers,Tata,Baby Care,Diapers,255,1220.79,1724.16,18,60,52,419,7.89,g,2021-05-06 00:00:00,Active
3037,Lizol Garbage Bags,Lizol,Household,Garbage Bags,36,590.97,714.44,0,90,110,381,5.94,pcs,2024-04-23 00:00:00,Active
3038,Lizol Cooking Oil,Lizol,Grocery,Cooking Oil,322,148.9,224.1,5,365,23,453,4.19,pcs,2025-12-18 00:00:00,Active
3039,Sunfeast Cat Food,Sunfeast,Pet Care,Cat Food,212,716.57,1020.71,18,90,80,127,7.96,kg,2025-08-18 00:00:00,Active
3040,HUL Cookies,HUL,Snacks,Cookies,337,672.33,875.36,5,30,47,128,3.55,g,2022-04-26 00:00:00,Active
3041,Tata Floor Cleaner,Tata,Household,Floor Cleaner,377,596.78,782.71,18,180,46,213,7.32,ml,2020-08-28 00:00:00,Active
3042,Lizol Milk,Lizol,Dairy,Milk,335,328.91,465.76,12,180,69,187,9.48,ml,2021-02-12 00:00:00,Active
3043,Sunfeast Curd,Sunfeast,Dairy,Curd,328,172.38,238.24,5,180,105,171,1.16,pcs,2020-11-14 00:00:00,Active
3044,Sunfeast Cat Food,Sunfeast,Pet Care,Cat Food,298,1260.99,1550.94,0,365,60,82,6.33,L,2021-03-27 00:00:00,Active
3045,Amul Baby Powder,Amul,Baby Care,Baby Powder,200,125.07,161.26,5,30,26,233,6.82,ml,2022-05-01 00:00:00,Active
3046,Dettol Pet Shampoo,Dettol,Pet Care,Pet Shampoo,415,1568.18,2407.11,0,90,84,105,1,L,2021-01-30 00:00:00,Active
3047,HUL Energy Drink,HUL,Beverages,Energy Drink,82,1093.77,1396.64,18,60,117,460,6,pcs,2021-09-13 00:00:00,Active
3048,Dettol Diapers,Dettol,Baby Care,Diapers,185,851.83,976.46,12,365,95,349,7.17,kg,2026-06-20 00:00:00,Active
3049,Pedigree Chocolate,Pedigree,Snacks,Chocolate,477,700.76,1015.54,0,90,57,410,5.54,ml,2024-04-06 00:00:00,Active
3050,HUL Chocolate,HUL,Snacks,Chocolate,54,402.15,570.66,5,60,70,310,5.76,ml,2025-05-03 00:00:00,Active
3051,Dabur Baby Lotion,Dabur,Baby Care,Baby Lotion,280,129.84,169.68,12,30,66,305,4.87,g,2023-07-07 00:00:00,Active
3052,Godrej Cheese,Godrej,Dairy,Cheese,192,323.42,449.21,0,365,65,457,4.2,kg,2021-06-05 00:00:00,Active
3053,Nivea Dishwash Liquid,Nivea,Household,Dishwash Liquid,355,1086.06,1288.84,12,90,36,403,5.51,pcs,2023-10-23 00:00:00,Active
3054,Patanjali Chana Dal,Patanjali,Grocery,Chana Dal,394,25.25,35.52,5,365,119,495,7.16,pcs,2026-04-10 00:00:00,Active
3055,Parle Mineral Water,Parle,Beverages,Mineral Water,314,984.55,1288.48,18,30,67,421,8.95,L,2021-03-25 00:00:00,Active
3056,Lizol Baby Soap,Lizol,Baby Care,Baby Soap,341,1698.65,2202.35,12,180,54,261,2.84,L,2025-08-17 00:00:00,Active
3057,Parle Pet Shampoo,Parle,Pet Care,Pet Shampoo,389,1615.91,1980.33,0,30,90,230,7.29,kg,2024-04-12 00:00:00,Active
3058,Lizol Tea,Lizol,Grocery,Tea,420,579.22,833.04,12,30,115,396,3.45,kg,2024-10-23 00:00:00,Active
3059,Amul Garbage Bags,Amul,Household,Garbage Bags,329,209.34,285.05,18,180,96,301,8.06,L,2020-09-12 00:00:00,Active
3060,Mamaearth Baby Lotion,Mamaearth,Baby Care,Baby Lotion,396,393.68,530.88,18,180,44,474,3.9,L,2021-04-27 00:00:00,Active
3061,HUL Floor Cleaner,HUL,Household,Floor Cleaner,227,432.64,636.59,12,365,72,167,2.07,ml,2020-09-11 00:00:00,Active
3062,Colgate Biscuits,Colgate,Snacks,Biscuits,59,1656.98,1977.13,0,90,20,142,2.26,L,2024-02-10 00:00:00,Active
3063,Fortune Dog Food,Fortune,Pet Care,Dog Food,494,1776.69,2028.3,5,30,96,198,0.19,kg,2025-03-22 00:00:00,Active
3064,Amul Namkeen,Amul,Snacks,Namkeen,329,1129.4,1684.67,18,60,96,88,2.77,pcs,2024-11-16 00:00:00,Active
3065,Sunfeast Energy Drink,Sunfeast,Beverages,Energy Drink,380,43.69,58.94,12,365,34,360,5.61,ml,2023-10-21 00:00:00,Active
3066,HUL Pet Shampoo,HUL,Pet Care,Pet Shampoo,315,709.13,905.47,18,365,87,229,5.29,L,2025-09-15 00:00:00,Active
3067,Dettol Dishwash Liquid,Dettol,Household,Dishwash Liquid,324,222.9,260.5,12,90,53,455,7.26,ml,2021-09-08 00:00:00,Active
3068,Mamaearth Baby Powder,Mamaearth,Baby Care,Baby Powder,129,586.44,742.28,18,180,81,192,2.45,g,2023-12-27 00:00:00,Active
3069,Surf Excel Mineral Water,Surf Excel,Beverages,Mineral Water,463,827.36,1057.99,0,365,30,330,7.58,pcs,2022-01-16 00:00:00,Active
3070,Mamaearth Tissue Paper,Mamaearth,Household,Tissue Paper,499,1568.79,2119.88,5,60,113,145,8.16,kg,2021-07-03 00:00:00,Active
3071,Aashirvaad Rice,Aashirvaad,Grocery,Rice,180,1066.71,1341.35,0,180,49,244,3.29,L,2023-09-13 00:00:00,Active
3072,ITC Garbage Bags,ITC,Household,Garbage Bags,474,1035.4,1283.09,5,90,72,114,8.61,ml,2025-03-09 00:00:00,Active
3073,Pedigree Biscuits,Pedigree,Snacks,Biscuits,467,433.21,659.88,0,180,63,171,2.1,g,2024-04-22 00:00:00,Active
3074,Lizol Garbage Bags,Lizol,Household,Garbage Bags,300,575.08,868.34,0,365,70,465,1.65,g,2025-04-08 00:00:00,Active
3075,Sunfeast Cheese,Sunfeast,Dairy,Cheese,287,1650.47,2221.37,18,90,101,290,5.09,pcs,2026-01-11 00:00:00,Active
3076,Dettol Dog Food,Dettol,Pet Care,Dog Food,25,1535.71,2000.6,18,180,48,347,6.45,pcs,2025-01-03 00:00:00,Active
3077,Colgate Diapers,Colgate,Baby Care,Diapers,292,63.6,84.89,18,365,61,221,9.76,kg,2024-03-11 00:00:00,Active
3078,Tata Toothpaste,Tata,Personal Care,Toothpaste,72,1196.24,1568.02,18,60,98,423,9.9,kg,2022-06-14 00:00:00,Active
3079,Pedigree Cooking Oil,Pedigree,Grocery,Cooking Oil,487,427.91,512.74,5,180,65,125,4.54,g,2024-04-24 00:00:00,Active
3080,Amul Baby Powder,Amul,Baby Care,Baby Powder,41,608.63,761.3,12,180,83,111,0.77,ml,2024-05-04 00:00:00,Active
3081,Dabur Lunch Box,Dabur,Kitchen,Lunch Box,284,511.16,712.62,0,365,120,483,8.49,ml,2022-07-08 00:00:00,Active
3082,Fortune Frying Pan,Fortune,Kitchen,Frying Pan,162,27.76,35.02,5,365,20,236,2.04,ml,2025-11-13 00:00:00,Active
3083,Colgate Dog Food,Colgate,Pet Care,Dog Food,485,946.01,1413.61,12,30,118,282,7.43,kg,2025-02-15 00:00:00,Active
3084,Colgate Juice,Colgate,Beverages,Juice,34,1096.73,1439.82,5,365,33,212,3.94,g,2024-03-16 00:00:00,Active
3085,Lizol Sugar,Lizol,Grocery,Sugar,171,1559.12,2095.3,5,180,92,499,8.16,g,2023-11-12 00:00:00,Active
3086,ITC Cookies,ITC,Snacks,Cookies,124,412.51,480.36,0,180,108,148,5.71,pcs,2024-07-06 00:00:00,Active
3087,Colgate Juice,Colgate,Beverages,Juice,257,1013.29,1432.68,5,180,119,440,5.21,kg,2022-03-03 00:00:00,Active
3088,Nivea Biscuits,Nivea,Snacks,Biscuits,212,719.48,909.76,0,180,80,296,3.78,L,2023-03-15 00:00:00,Active
3089,Aashirvaad Dog Food,Aashirvaad,Pet Care,Dog Food,164,533.74,783.89,18,180,104,116,3.6,kg,2026-04-26 00:00:00,Active
3090,Nivea Cookies,Nivea,Snacks,Cookies,281,1177.01,1691.45,0,30,100,326,9.13,L,2026-03-14 00:00:00,Active
3091,Aashirvaad Biscuits,Aashirvaad,Snacks,Biscuits,185,879.71,1095.72,18,60,25,319,0.31,L,2023-06-04 00:00:00,Active
3092,ITC Toor Dal,ITC,Grocery,Toor Dal,377,675.18,985.33,12,365,51,109,4.12,kg,2020-08-17 00:00:00,Active
3093,Nestle Butter,Nestle,Dairy,Butter,323,168.49,234.73,18,180,31,168,6.51,kg,2024-10-23 00:00:00,Active
3094,Tata Pet Shampoo,Tata,Pet Care,Pet Shampoo,425,95.39,108.54,12,90,90,204,0.44,pcs,2023-02-26 00:00:00,Active
3095,Amul Namkeen,Amul,Snacks,Namkeen,319,739.96,1112.52,0,180,59,360,7.92,pcs,2023-09-28 00:00:00,Active
3096,Surf Excel Baby Soap,Surf Excel,Baby Care,Baby Soap,116,1702.6,2580.69,18,60,91,161,4.09,ml,2024-01-28 00:00:00,Active
3097,Tata Cookies,Tata,Snacks,Cookies,381,595.5,797.55,0,180,24,318,7.32,g,2022-01-08 00:00:00,Active
3098,Godrej Shampoo,Godrej,Personal Care,Shampoo,402,500.78,697.84,18,180,109,176,6.74,kg,2022-05-12 00:00:00,Active
3099,Tata Toor Dal,Tata,Grocery,Toor Dal,364,392.92,593.34,0,90,109,496,9.03,pcs,2024-06-17 00:00:00,Active
3100,Lizol Lunch Box,Lizol,Kitchen,Lunch Box,54,1143.06,1694.17,12,30,107,344,3.83,ml,2023-05-06 00:00:00,Active
3101,Patanjali Lunch Box,Patanjali,Kitchen,Lunch Box,488,146.23,215.63,0,180,72,323,9.12,kg,2024-12-07 00:00:00,Active
3102,Nivea Salt,Nivea,Grocery,Salt,348,539.89,744.6,5,365,32,236,0.64,ml,2024-11-07 00:00:00,Active
3103,Sunfeast Face Wash,Sunfeast,Personal Care,Face Wash,119,1791.66,2291.48,0,60,64,162,4.27,g,2024-02-08 00:00:00,Active
3104,Sunfeast Lunch Box,Sunfeast,Kitchen,Lunch Box,403,322.4,481.27,12,180,115,377,5.89,L,2021-03-08 00:00:00,Active
3105,Nivea Detergent,Nivea,Household,Detergent,259,121.97,166.19,18,30,79,168,6.56,kg,2025-05-09 00:00:00,Active
3106,Colgate Dog Food,Colgate,Pet Care,Dog Food,196,80.73,100.06,0,90,118,179,4.53,ml,2021-02-06 00:00:00,Active
3107,Nestle Toothpaste,Nestle,Personal Care,Toothpaste,146,675.41,881.38,12,365,114,374,1.52,ml,2021-08-29 00:00:00,Active
3108,Godrej Toothpaste,Godrej,Personal Care,Toothpaste,294,169.07,238.3,0,60,113,468,4.68,kg,2024-09-28 00:00:00,Active
3109,Colgate Lunch Box,Colgate,Kitchen,Lunch Box,416,256.04,353.15,5,180,51,354,3.98,L,2021-09-08 00:00:00,Active
3110,Lizol Shampoo,Lizol,Personal Care,Shampoo,411,1211.16,1357.77,18,90,104,396,1.3,ml,2024-06-14 00:00:00,Active
3111,Dabur Soap,Dabur,Personal Care,Soap,181,792.07,929.34,5,90,39,216,3.6,ml,2023-10-12 00:00:00,Active
3112,Colgate Soft Drink,Colgate,Beverages,Soft Drink,107,1299.97,1920.55,12,30,108,234,3.51,kg,2022-02-05 00:00:00,Active
3113,Parle Dishwash Liquid,Parle,Household,Dishwash Liquid,396,1569.26,2181.62,5,180,63,53,3.74,pcs,2021-10-17 00:00:00,Active
3114,Godrej Tea,Godrej,Grocery,Tea,89,1170.31,1575.24,0,180,40,291,0.81,ml,2024-06-20 00:00:00,Active
3115,Dabur Soap,Dabur,Personal Care,Soap,272,1186.99,1437.58,0,60,39,258,4.75,ml,2024-10-14 00:00:00,Active
3116,Parle Namkeen,Parle,Snacks,Namkeen,220,816.15,1235.51,18,90,75,364,3.42,pcs,2024-08-05 00:00:00,Active
3117,Fortune Cheese,Fortune,Dairy,Cheese,229,1375.73,1858.74,18,90,94,401,1.6,pcs,2023-12-25 00:00:00,Active
3118,Patanjali Juice,Patanjali,Beverages,Juice,454,759.49,963.81,18,60,113,434,8.86,ml,2026-04-02 00:00:00,Active
3119,Aashirvaad Poha,Aashirvaad,Grocery,Poha,460,425.39,595.18,18,365,46,440,1.95,g,2025-10-02 00:00:00,Active
3120,Nestle Curd,Nestle,Dairy,Curd,175,878.34,1209.17,5,90,25,156,5.59,pcs,2024-09-13 00:00:00,Active
3121,Aashirvaad Juice,Aashirvaad,Beverages,Juice,455,1434.95,2017.31,0,365,22,103,4.04,L,2020-10-23 00:00:00,Active
3122,HUL Sugar,HUL,Grocery,Sugar,445,770.72,1041.42,0,365,48,306,5.33,pcs,2021-07-21 00:00:00,Active
3123,ITC Floor Cleaner,ITC,Household,Floor Cleaner,454,211.97,262.57,5,365,81,328,9.1,L,2020-08-02 00:00:00,Active
3124,Aashirvaad Soap,Aashirvaad,Personal Care,Soap,345,1049.95,1214.08,18,180,21,306,4.26,g,2026-06-02 00:00:00,Active
3125,Britannia Baby Soap,Britannia,Baby Care,Baby Soap,73,532.12,604.64,18,60,38,209,8.64,ml,2024-07-02 00:00:00,Active
3126,Aashirvaad Biscuits,Aashirvaad,Snacks,Biscuits,357,202.01,294.16,5,180,102,100,9.43,g,2022-08-28 00:00:00,Active
3127,ITC Baby Powder,ITC,Baby Care,Baby Powder,40,122.72,152.7,12,180,98,347,5.01,kg,2024-07-03 00:00:00,Active
3128,Britannia Pressure Cooker,Britannia,Kitchen,Pressure Cooker,329,1022.33,1413.95,12,60,74,321,4.02,L,2023-01-02 00:00:00,Active
3129,Colgate Knife,Colgate,Kitchen,Knife,286,1000.94,1449.37,5,30,57,71,4.48,g,2026-03-31 00:00:00,Active
3130,Surf Excel Juice,Surf Excel,Beverages,Juice,473,1239.34,1629.67,12,60,94,59,2.03,kg,2025-04-19 00:00:00,Active
3131,Britannia Chips,Britannia,Snacks,Chips,341,624.2,911.27,18,60,70,457,0.49,kg,2026-05-22 00:00:00,Active
3132,Fortune Face Wash,Fortune,Personal Care,Face Wash,335,931.89,1174.5,18,365,86,416,5.39,pcs,2023-09-17 00:00:00,Active
3133,Dabur Curd,Dabur,Dairy,Curd,456,839.4,1132.49,12,60,39,355,7.87,g,2021-10-09 00:00:00,Active
3134,Dabur Pet Shampoo,Dabur,Pet Care,Pet Shampoo,20,1735.87,2188.98,0,90,95,393,8.55,g,2026-04-11 00:00:00,Active
3135,Tata Face Wash,Tata,Personal Care,Face Wash,260,535.58,747.44,18,90,66,357,2.76,pcs,2021-11-08 00:00:00,Active
3136,Mamaearth Pet Shampoo,Mamaearth,Pet Care,Pet Shampoo,386,325.05,501.36,18,60,71,260,9.87,pcs,2024-08-08 00:00:00,Active
3137,Tata Dishwash Liquid,Tata,Household,Dishwash Liquid,471,1172.26,1454.14,12,365,51,326,4.98,kg,2025-02-20 00:00:00,Active
3138,Dettol Pet Shampoo,Dettol,Pet Care,Pet Shampoo,28,1745.21,2417.71,5,30,76,454,1.53,kg,2021-05-28 00:00:00,Active
3139,Surf Excel Garbage Bags,Surf Excel,Household,Garbage Bags,122,19.22,23.12,0,90,106,265,5.85,L,2025-02-25 00:00:00,Active
3140,Fortune Atta,Fortune,Grocery,Atta,317,739.18,856.69,5,60,61,145,0.17,ml,2023-07-29 00:00:00,Active
3141,Britannia Namkeen,Britannia,Snacks,Namkeen,199,1240.54,1499.86,12,60,117,247,4.05,g,2025-02-10 00:00:00,Active
3142,Fortune Baby Lotion,Fortune,Baby Care,Baby Lotion,80,108.69,147.43,5,30,20,82,4.81,ml,2024-12-05 00:00:00,Active
3143,Dettol Toothpaste,Dettol,Personal Care,Toothpaste,172,1659.41,2036.96,0,365,105,376,5.77,kg,2021-12-19 00:00:00,Active
3144,Aashirvaad Rice,Aashirvaad,Grocery,Rice,415,752.33,985.27,5,90,40,460,4.23,g,2022-12-01 00:00:00,Active
3145,Lizol Detergent,Lizol,Household,Detergent,94,1442.6,1763.74,12,30,50,383,9.46,g,2022-04-17 00:00:00,Active
3146,Lizol Lunch Box,Lizol,Kitchen,Lunch Box,213,1789.73,2046.3,12,180,22,136,3.02,g,2021-11-23 00:00:00,Active
3147,Dettol Tissue Paper,Dettol,Household,Tissue Paper,155,807.17,932.2,0,90,80,93,5.03,g,2021-12-28 00:00:00,Active
3148,Pedigree Pet Shampoo,Pedigree,Pet Care,Pet Shampoo,253,1674.99,2486.07,12,60,70,112,3.23,ml,2022-10-12 00:00:00,Active
3149,Surf Excel Frying Pan,Surf Excel,Kitchen,Frying Pan,206,1076.68,1536.54,5,30,81,104,3.24,kg,2020-09-05 00:00:00,Active
3150,Godrej Shampoo,Godrej,Personal Care,Shampoo,413,222.08,276.69,12,90,59,263,4.45,kg,2023-01-13 00:00:00,Active
3151,ITC Energy Drink,ITC,Beverages,Energy Drink,431,1662.71,2198.24,12,30,93,50,6.86,ml,2022-09-05 00:00:00,Active
3152,Britannia Toothpaste,Britannia,Personal Care,Toothpaste,417,983.81,1303.06,0,60,52,53,8.94,kg,2020-11-07 00:00:00,Active
3153,Dettol Baby Lotion,Dettol,Baby Care,Baby Lotion,333,66.63,77.61,0,30,33,394,1.34,g,2025-05-15 00:00:00,Active
3154,ITC Cheese,ITC,Dairy,Cheese,126,827.31,937.12,12,180,95,244,3.64,ml,2026-04-10 00:00:00,Active
3155,Mamaearth Atta,Mamaearth,Grocery,Atta,333,128.93,187.35,12,90,36,449,4.05,kg,2026-07-14 00:00:00,Active
3156,Parle Pet Shampoo,Parle,Pet Care,Pet Shampoo,216,1535.46,1769.31,12,60,54,440,6.92,L,2026-05-02 00:00:00,Active
3157,Godrej Milk,Godrej,Dairy,Milk,450,1583.18,2095.18,12,180,75,123,2.82,pcs,2024-06-18 00:00:00,Active
3158,Colgate Juice,Colgate,Beverages,Juice,65,1611.78,2416.69,0,30,74,311,2.69,kg,2023-03-30 00:00:00,Active
3159,Aashirvaad Detergent,Aashirvaad,Household,Detergent,471,1109.89,1356.69,18,180,60,125,0.74,ml,2022-05-07 00:00:00,Active
3160,Patanjali Toothpaste,Patanjali,Personal Care,Toothpaste,485,1373.83,1676.7,18,90,94,455,3.21,ml,2022-01-13 00:00:00,Active
3161,Nestle Dishwash Liquid,Nestle,Household,Dishwash Liquid,244,186.59,279.72,0,60,102,395,2.98,ml,2024-06-13 00:00:00,Active
3162,Amul Juice,Amul,Beverages,Juice,435,1704.47,2307.22,0,180,88,269,5.81,L,2024-01-27 00:00:00,Active
3163,Nestle Baby Lotion,Nestle,Baby Care,Baby Lotion,117,1010.01,1463.87,0,90,33,406,6.77,L,2021-07-28 00:00:00,Active
3164,Lizol Cat Food,Lizol,Pet Care,Cat Food,115,444.19,548.58,12,365,80,177,4.38,pcs,2022-07-24 00:00:00,Active
3165,Surf Excel Butter,Surf Excel,Dairy,Butter,487,1392.6,1653.27,12,60,29,390,8.11,ml,2021-05-23 00:00:00,Active
3166,Godrej Detergent,Godrej,Household,Detergent,110,1770.53,2588.37,18,30,30,432,1.24,L,2021-06-15 00:00:00,Active
3167,Dettol Frying Pan,Dettol,Kitchen,Frying Pan,318,494.57,557.71,12,60,92,60,3.34,L,2021-02-07 00:00:00,Active
3168,Mamaearth Tissue Paper,Mamaearth,Household,Tissue Paper,137,288.39,331.36,18,60,69,253,5.1,ml,2023-04-11 00:00:00,Active
3169,ITC Cookies,ITC,Snacks,Cookies,47,775.45,1080.39,12,90,24,465,6.93,ml,2025-03-17 00:00:00,Active
3170,Pedigree Pet Shampoo,Pedigree,Pet Care,Pet Shampoo,377,61.28,94.38,0,180,84,459,2.09,kg,2021-05-06 00:00:00,Active
3171,Mamaearth Butter,Mamaearth,Dairy,Butter,284,608.04,717.49,5,60,46,173,9.56,g,2023-11-18 00:00:00,Active
3172,Parle Cat Food,Parle,Pet Care,Cat Food,363,633,933.4,5,365,64,437,8.93,kg,2023-12-13 00:00:00,Active
3173,Nestle Pet Shampoo,Nestle,Pet Care,Pet Shampoo,98,1724.98,2125.72,12,60,83,384,7.11,g,2024-05-25 00:00:00,Active
3174,HUL Tissue Paper,HUL,Household,Tissue Paper,93,1263.67,1884.2,0,90,112,127,0.22,L,2025-12-21 00:00:00,Active
3175,HUL Pet Shampoo,HUL,Pet Care,Pet Shampoo,190,1615.04,1990.03,18,30,99,412,6.2,g,2021-11-18 00:00:00,Active
3176,Parle Garbage Bags,Parle,Household,Garbage Bags,169,1198.61,1778.95,5,30,118,344,3.7,pcs,2021-02-17 00:00:00,Active
3177,Fortune Energy Drink,Fortune,Beverages,Energy Drink,108,1213.46,1454.11,18,365,64,282,1.57,pcs,2026-03-25 00:00:00,Active
3178,ITC Butter,ITC,Dairy,Butter,123,242.87,287.53,12,30,33,387,8.89,kg,2024-08-16 00:00:00,Active
3179,Nestle Juice,Nestle,Beverages,Juice,191,67.45,85.06,0,60,53,257,9.75,L,2022-05-03 00:00:00,Active
3180,Dabur Soap,Dabur,Personal Care,Soap,65,391.87,577.54,5,60,41,67,5.62,g,2021-02-11 00:00:00,Active
3181,Britannia Tissue Paper,Britannia,Household,Tissue Paper,369,1694.92,2449.95,12,60,94,475,8.35,g,2026-04-13 00:00:00,Active
3182,Nivea Bottle,Nivea,Kitchen,Bottle,106,1582.19,2424.36,18,365,41,113,2.33,kg,2024-09-11 00:00:00,Active
3183,Parle Knife,Parle,Kitchen,Knife,4,685.77,784.01,5,180,28,240,1.16,g,2023-03-11 00:00:00,Active
3184,Fortune Pet Shampoo,Fortune,Pet Care,Pet Shampoo,287,496.87,684.38,5,365,20,151,4.5,L,2022-05-08 00:00:00,Discontinued
3185,HUL Pet Shampoo,HUL,Pet Care,Pet Shampoo,407,985.56,1144.39,5,180,27,393,2.58,L,2024-12-20 00:00:00,Active
3186,Aashirvaad Toothpaste,Aashirvaad,Personal Care,Toothpaste,250,565.83,740.69,0,30,61,169,9.19,L,2022-09-02 00:00:00,Active
3187,Parle Frying Pan,Parle,Kitchen,Frying Pan,283,1539.49,2331.41,0,30,119,311,0.37,pcs,2022-09-17 00:00:00,Active
3188,Britannia Mineral Water,Britannia,Beverages,Mineral Water,467,1453.66,1713.29,12,180,81,352,9.76,g,2021-04-21 00:00:00,Active
3189,Tata Lunch Box,Tata,Kitchen,Lunch Box,191,406.24,467.24,18,90,32,214,8.85,g,2026-01-26 00:00:00,Active
3190,Amul Cooking Oil,Amul,Grocery,Cooking Oil,457,695.67,903.62,18,30,102,389,7.01,g,2023-01-08 00:00:00,Active
3191,Nestle Juice,Nestle,Beverages,Juice,368,1037.93,1602.95,18,30,33,352,3.39,g,2020-08-18 00:00:00,Active
3192,Patanjali Energy Drink,Patanjali,Beverages,Energy Drink,131,1311.62,1943.35,0,60,82,302,6.27,ml,2024-02-17 00:00:00,Active
3193,Mamaearth Energy Drink,Mamaearth,Beverages,Energy Drink,213,1141.38,1382,0,365,94,120,8.8,kg,2026-03-17 00:00:00,Active
3194,Parle Garbage Bags,Parle,Household,Garbage Bags,50,95.47,112.83,18,60,54,279,9.74,L,2026-03-20 00:00:00,Active
3195,Lizol Baby Soap,Lizol,Baby Care,Baby Soap,405,450.24,574,12,30,118,267,9.46,g,2022-09-29 00:00:00,Active
3196,HUL Moong Dal,HUL,Grocery,Moong Dal,226,701.49,1061.73,0,60,23,466,4.56,g,2021-07-12 00:00:00,Active
3197,Tata Coffee,Tata,Grocery,Coffee,497,865.88,1272.38,0,60,60,406,9.76,L,2024-11-02 00:00:00,Active
3198,Mamaearth Pressure Cooker,Mamaearth,Kitchen,Pressure Cooker,496,1094.02,1602.69,18,365,115,184,2.85,ml,2025-04-09 00:00:00,Active
3199,Nivea Pet Shampoo,Nivea,Pet Care,Pet Shampoo,229,1406.93,2074.49,12,90,43,67,9.7,L,2021-01-10 00:00:00,Active
3200,Tata Detergent,Tata,Household,Detergent,215,1662.98,2338.77,18,90,21,338,7.89,kg,2025-04-04 00:00:00,Active
3201,Aashirvaad Diapers,Aashirvaad,Baby Care,Diapers,125,1088.53,1498.47,0,30,29,164,8.85,kg,2022-04-05 00:00:00,Active
3202,Nivea Moong Dal,Nivea,Grocery,Moong Dal,10,108.11,150.37,0,90,120,452,2.79,ml,2022-06-25 00:00:00,Active
3203,Amul Bottle,Amul,Kitchen,Bottle,456,1757.65,1978.81,12,30,22,199,7.16,L,2023-02-02 00:00:00,Active
3204,Dettol Hair Oil,Dettol,Personal Care,Hair Oil,152,702.3,1025.73,18,90,41,234,4.12,L,2023-10-02 00:00:00,Discontinued
3205,Pedigree Frying Pan,Pedigree,Kitchen,Frying Pan,218,268.41,333.17,5,90,76,266,0.7,g,2025-02-18 00:00:00,Active
3206,Aashirvaad Pet Shampoo,Aashirvaad,Pet Care,Pet Shampoo,260,1333.19,1544.3,0,60,105,104,7.95,ml,2021-07-19 00:00:00,Active
3207,Nivea Detergent,Nivea,Household,Detergent,169,1219.94,1559.45,0,90,50,105,3.45,kg,2025-12-01 00:00:00,Active
3208,Godrej Butter,Godrej,Dairy,Butter,141,142.01,185.48,18,180,118,419,6.65,g,2020-12-25 00:00:00,Active
3209,HUL Milk,HUL,Dairy,Milk,127,1401.75,1664.18,0,365,78,255,4.77,g,2024-10-08 00:00:00,Active
3210,Colgate Baby Lotion,Colgate,Baby Care,Baby Lotion,143,925.16,1402.42,18,365,73,194,3.72,pcs,2022-08-16 00:00:00,Active
3211,Fortune Cookies,Fortune,Snacks,Cookies,117,164.94,231.85,5,365,118,84,8.68,g,2025-05-23 00:00:00,Active
3212,Godrej Cookies,Godrej,Snacks,Cookies,305,1384.85,2106.94,5,365,78,433,7.2,pcs,2025-02-26 00:00:00,Active
3213,Surf Excel Toothpaste,Surf Excel,Personal Care,Toothpaste,157,1638.44,2240.34,0,30,93,388,3.16,L,2022-09-14 00:00:00,Active
3214,Sunfeast Bottle,Sunfeast,Kitchen,Bottle,297,433.81,666.9,5,90,91,429,8.45,pcs,2020-09-08 00:00:00,Active
3215,Lizol Poha,Lizol,Grocery,Poha,342,1357.22,1799.29,18,180,52,487,5.76,g,2022-03-07 00:00:00,Active
3216,HUL Moong Dal,HUL,Grocery,Moong Dal,58,504.42,597.06,0,365,78,112,4.29,pcs,2021-05-13 00:00:00,Active
3217,Colgate Face Wash,Colgate,Personal Care,Face Wash,356,1455.02,1900.24,18,30,108,362,0.91,kg,2020-12-05 00:00:00,Active
3218,Sunfeast Floor Cleaner,Sunfeast,Household,Floor Cleaner,296,1511.91,1775.37,5,30,77,272,8.66,ml,2023-10-19 00:00:00,Active
3219,Tata Tea,Tata,Grocery,Tea,164,765.52,1139.6,0,30,100,241,8.47,ml,2025-03-03 00:00:00,Active
3220,Lizol Energy Drink,Lizol,Beverages,Energy Drink,143,97.84,122.33,18,180,81,472,9.94,L,2023-04-10 00:00:00,Active
3221,Britannia Cat Food,Britannia,Pet Care,Cat Food,488,255.56,326.36,0,30,66,238,9.63,L,2021-01-10 00:00:00,Active
3222,Pedigree Poha,Pedigree,Grocery,Poha,165,1250.17,1872.21,18,90,36,239,3.96,g,2025-05-17 00:00:00,Active
3223,Godrej Hair Oil,Godrej,Personal Care,Hair Oil,364,652.13,935.81,18,180,116,394,4.16,g,2021-05-27 00:00:00,Active
3224,Amul Shampoo,Amul,Personal Care,Shampoo,14,1279.82,1974.28,12,60,119,55,6.89,g,2022-10-06 00:00:00,Active
3225,Surf Excel Dog Food,Surf Excel,Pet Care,Dog Food,74,1130.67,1604.5,18,180,93,217,6.76,pcs,2024-06-20 00:00:00,Active
3226,Godrej Frying Pan,Godrej,Kitchen,Frying Pan,377,1517.07,2262.32,18,180,22,170,4.16,ml,2025-06-09 00:00:00,Active
3227,Dabur Pressure Cooker,Dabur,Kitchen,Pressure Cooker,449,1403.49,1834.54,12,90,89,138,6.45,pcs,2022-09-14 00:00:00,Active
3228,Tata Shampoo,Tata,Personal Care,Shampoo,309,97.44,149.38,18,30,75,231,2.32,ml,2022-04-03 00:00:00,Active
3229,Surf Excel Pet Shampoo,Surf Excel,Pet Care,Pet Shampoo,55,472.05,585.16,18,90,92,83,5.91,ml,2021-05-26 00:00:00,Active
3230,Amul Baby Soap,Amul,Baby Care,Baby Soap,412,1540.34,2179.94,5,90,97,140,3.51,kg,2021-09-23 00:00:00,Active
3231,Colgate Paneer,Colgate,Dairy,Paneer,246,1109.29,1495.29,5,60,26,294,6.73,kg,2021-09-11 00:00:00,Active
3232,Fortune Soft Drink,Fortune,Beverages,Soft Drink,73,1487.32,2036.43,5,180,58,168,1.86,ml,2023-12-01 00:00:00,Active
3233,Pedigree Cookies,Pedigree,Snacks,Cookies,47,517.31,702.22,18,365,101,230,9.09,pcs,2023-08-13 00:00:00,Active
3234,Fortune Chocolate,Fortune,Snacks,Chocolate,127,765.65,944.06,0,30,89,129,5.58,pcs,2024-07-07 00:00:00,Active
3235,Tata Face Wash,Tata,Personal Care,Face Wash,43,1068.37,1240.63,5,30,44,473,2.38,kg,2023-08-22 00:00:00,Discontinued
3236,Colgate Diapers,Colgate,Baby Care,Diapers,112,1168.65,1436.43,12,60,91,395,2.16,ml,2021-12-23 00:00:00,Active
3237,Surf Excel Shampoo,Surf Excel,Personal Care,Shampoo,243,909.12,1168.68,18,60,59,371,5.54,L,2021-12-10 00:00:00,Active
3238,Dabur Juice,Dabur,Beverages,Juice,70,1575.45,2086.22,0,180,93,154,8.16,ml,2021-07-04 00:00:00,Active
3239,Tata Moong Dal,Tata,Grocery,Moong Dal,317,368.19,479.58,5,90,103,374,3.12,pcs,2024-07-18 00:00:00,Active
3240,Sunfeast Dog Food,Sunfeast,Pet Care,Dog Food,391,1718.19,2455.36,18,365,50,425,5.15,pcs,2023-02-28 00:00:00,Active
3241,ITC Hair Oil,ITC,Personal Care,Hair Oil,496,1445.39,2150.25,18,180,41,309,4.93,L,2022-03-14 00:00:00,Active
3242,Pedigree Lunch Box,Pedigree,Kitchen,Lunch Box,227,163.99,204.44,18,60,96,243,8.68,ml,2024-08-27 00:00:00,Active
3243,Aashirvaad Soap,Aashirvaad,Personal Care,Soap,264,882.65,1016.77,0,60,22,196,0.3,kg,2021-04-22 00:00:00,Active
3244,Nestle Cooking Oil,Nestle,Grocery,Cooking Oil,398,1026.7,1209.35,12,60,120,402,2.56,kg,2023-04-02 00:00:00,Discontinued
3245,Tata Namkeen,Tata,Snacks,Namkeen,150,796.48,1208.23,18,60,65,212,0.4,pcs,2023-10-31 00:00:00,Active
3246,ITC Juice,ITC,Beverages,Juice,166,69.18,80.87,12,90,70,276,8.45,kg,2025-09-12 00:00:00,Active
3247,Britannia Dog Food,Britannia,Pet Care,Dog Food,341,1307.16,1866.37,18,90,92,147,1.01,ml,2022-09-28 00:00:00,Active
3248,HUL Cooking Oil,HUL,Grocery,Cooking Oil,362,27.16,41.44,18,60,78,159,2.44,pcs,2025-04-20 00:00:00,Active
3249,Amul Atta,Amul,Grocery,Atta,149,189.41,283.9,5,180,40,89,8.29,pcs,2023-12-27 00:00:00,Active
3250,Godrej Biscuits,Godrej,Snacks,Biscuits,40,42.76,47.89,5,365,68,221,2.77,pcs,2021-10-29 00:00:00,Active
3251,Dabur Baby Lotion,Dabur,Baby Care,Baby Lotion,44,1649.26,2069.21,12,60,63,327,7.25,L,2021-12-03 00:00:00,Active
3252,Nivea Milk,Nivea,Dairy,Milk,403,1284.53,1455.76,0,90,63,76,0.92,L,2023-09-03 00:00:00,Active
3253,Mamaearth Milk,Mamaearth,Dairy,Milk,467,1699.55,2350.2,18,30,39,296,4.12,g,2022-12-24 00:00:00,Active
3254,Lizol Face Wash,Lizol,Personal Care,Face Wash,434,1098.41,1427.24,12,90,84,481,8.92,ml,2026-07-10 00:00:00,Active
3255,Amul Cat Food,Amul,Pet Care,Cat Food,159,1509.75,1800.73,18,90,116,79,3.93,L,2020-10-11 00:00:00,Active
3256,Nestle Lunch Box,Nestle,Kitchen,Lunch Box,173,1407.94,2037.06,12,30,114,315,1.68,ml,2025-07-06 00:00:00,Active
3257,Nivea Paneer,Nivea,Dairy,Paneer,196,1011.16,1475.44,0,90,91,60,9.48,pcs,2024-08-02 00:00:00,Active
3258,Lizol Dishwash Liquid,Lizol,Household,Dishwash Liquid,252,90.04,107.44,18,90,25,184,2.78,L,2023-05-20 00:00:00,Active
3259,Parle Toothpaste,Parle,Personal Care,Toothpaste,393,1129.07,1713.34,5,180,83,454,6.33,pcs,2023-05-12 00:00:00,Active
3260,ITC Detergent,ITC,Household,Detergent,225,601.2,705.36,18,60,72,311,2.6,pcs,2022-03-10 00:00:00,Active
3261,Fortune Dog Food,Fortune,Pet Care,Dog Food,372,270.22,309.94,0,90,39,497,9.07,kg,2020-08-25 00:00:00,Active
3262,Dettol Baby Lotion,Dettol,Baby Care,Baby Lotion,274,1181.29,1345.44,0,90,48,268,3.66,ml,2023-04-04 00:00:00,Active
3263,Sunfeast Energy Drink,Sunfeast,Beverages,Energy Drink,25,748.84,872.44,12,90,35,493,4.64,kg,2021-10-02 00:00:00,Active
3264,Colgate Cooking Oil,Colgate,Grocery,Cooking Oil,446,39.82,56.38,18,90,116,106,7.13,pcs,2025-04-15 00:00:00,Active
3265,Lizol Cooking Oil,Lizol,Grocery,Cooking Oil,146,1003.17,1200.77,12,90,78,273,1.12,ml,2022-10-14 00:00:00,Active
3266,Colgate Dog Food,Colgate,Pet Care,Dog Food,48,778.75,916.14,5,60,90,438,2.4,pcs,2025-07-01 00:00:00,Active
3267,Amul Shampoo,Amul,Personal Care,Shampoo,78,1711.96,2353.1,0,90,40,281,9.53,L,2025-07-17 00:00:00,Active
3268,Patanjali Knife,Patanjali,Kitchen,Knife,467,769.74,1136.42,12,30,87,397,5.8,g,2023-11-03 00:00:00,Active
3269,Mamaearth Moong Dal,Mamaearth,Grocery,Moong Dal,147,1057.44,1306.01,18,180,95,426,8.49,pcs,2023-06-13 00:00:00,Active
3270,Aashirvaad Biscuits,Aashirvaad,Snacks,Biscuits,32,1363.29,1994.45,5,180,32,430,0.24,pcs,2024-11-03 00:00:00,Active
3271,Lizol Cookies,Lizol,Snacks,Cookies,36,1485.49,1688.33,18,60,111,74,7.38,ml,2021-01-21 00:00:00,Active
3272,HUL Dog Food,HUL,Pet Care,Dog Food,317,1624.23,2466.63,12,365,33,212,1.32,ml,2024-12-31 00:00:00,Active
3273,Colgate Butter,Colgate,Dairy,Butter,449,285.74,390.38,12,365,70,497,7.49,ml,2025-08-03 00:00:00,Active
3274,Tata Sugar,Tata,Grocery,Sugar,263,449.59,670.13,18,60,38,464,0.7,g,2020-12-10 00:00:00,Active
3275,Britannia Toothpaste,Britannia,Personal Care,Toothpaste,468,1452.05,2247.04,0,180,98,187,0.28,ml,2024-11-24 00:00:00,Active
3276,Nivea Dog Food,Nivea,Pet Care,Dog Food,431,903.96,1050.1,5,90,35,436,0.65,kg,2024-11-20 00:00:00,Active
3277,Aashirvaad Diapers,Aashirvaad,Baby Care,Diapers,492,978.74,1313.05,5,365,49,63,7.59,L,2026-06-16 00:00:00,Active
3278,Colgate Mineral Water,Colgate,Beverages,Mineral Water,357,17.34,23.4,18,30,69,191,5.7,g,2025-05-24 00:00:00,Active
3279,Fortune Toor Dal,Fortune,Grocery,Toor Dal,27,849.45,1174.41,12,365,51,79,2.7,kg,2022-05-29 00:00:00,Active
3280,Amul Frying Pan,Amul,Kitchen,Frying Pan,135,300.25,395.08,12,30,44,52,6.89,kg,2022-06-28 00:00:00,Active
3281,Pedigree Atta,Pedigree,Grocery,Atta,469,988.57,1511.41,18,90,58,296,2.18,pcs,2020-08-06 00:00:00,Active
3282,Fortune Tea,Fortune,Grocery,Tea,196,336.21,421,5,365,41,306,3.32,kg,2026-02-17 00:00:00,Active
3283,HUL Dishwash Liquid,HUL,Household,Dishwash Liquid,72,343.06,438.87,12,30,60,481,3.76,kg,2022-11-28 00:00:00,Active
3284,Godrej Floor Cleaner,Godrej,Household,Floor Cleaner,225,850.59,986.26,18,90,21,418,3.68,g,2024-07-09 00:00:00,Discontinued
3285,Godrej Cheese,Godrej,Dairy,Cheese,384,171.71,194.13,0,90,33,115,0.32,kg,2023-10-27 00:00:00,Active
3286,Tata Toor Dal,Tata,Grocery,Toor Dal,310,135.93,177.25,5,60,118,128,4.78,pcs,2024-01-11 00:00:00,Active
3287,Dettol Baby Soap,Dettol,Baby Care,Baby Soap,314,418.64,552.67,5,30,92,127,6.78,g,2023-07-04 00:00:00,Active
3288,Britannia Chana Dal,Britannia,Grocery,Chana Dal,416,670.04,807.69,0,180,30,126,3.09,kg,2025-02-13 00:00:00,Active
3289,Pedigree Mineral Water,Pedigree,Beverages,Mineral Water,275,169.49,236.85,0,365,48,270,3.95,L,2025-06-18 00:00:00,Active
3290,Patanjali Baby Soap,Patanjali,Baby Care,Baby Soap,355,1742.74,2214.11,5,30,104,206,9.02,L,2025-04-03 00:00:00,Active
3291,Colgate Toothpaste,Colgate,Personal Care,Toothpaste,17,1000.18,1170.67,12,30,57,245,7.04,kg,2025-03-26 00:00:00,Active
3292,Lizol Frying Pan,Lizol,Kitchen,Frying Pan,123,1581.17,2301.95,0,60,45,54,2.88,g,2025-04-05 00:00:00,Active
3293,Nestle Soft Drink,Nestle,Beverages,Soft Drink,394,1195.63,1537.86,5,90,23,362,7.29,g,2025-01-16 00:00:00,Active
3294,Amul Soap,Amul,Personal Care,Soap,428,1404.11,1720.62,18,180,74,313,3.1,kg,2020-09-02 00:00:00,Active
3295,Britannia Namkeen,Britannia,Snacks,Namkeen,245,1332.73,1758.63,18,180,45,261,5.08,L,2023-12-21 00:00:00,Active
3296,Surf Excel Dog Food,Surf Excel,Pet Care,Dog Food,270,118.32,160.74,5,60,44,487,0.53,ml,2021-02-04 00:00:00,Active
3297,Fortune Knife,Fortune,Kitchen,Knife,352,843.49,962.98,18,90,32,318,6.95,ml,2021-08-20 00:00:00,Active
3298,Surf Excel Coffee,Surf Excel,Grocery,Coffee,336,1193.51,1786.44,18,60,71,285,5.32,g,2022-09-24 00:00:00,Active
3299,Nivea Butter,Nivea,Dairy,Butter,8,1706.17,2194.99,18,180,84,398,9.09,kg,2021-09-28 00:00:00,Active
3300,Mamaearth Namkeen,Mamaearth,Snacks,Namkeen,84,98.81,141.55,12,60,89,394,2.74,L,2025-01-03 00:00:00,Active
3301,Nivea Chana Dal,Nivea,Grocery,Chana Dal,306,1400.59,1976.76,5,60,100,196,1.1,pcs,2025-12-20 00:00:00,Active
3302,Dettol Pet Shampoo,Dettol,Pet Care,Pet Shampoo,286,29.97,35.16,0,365,47,185,5.63,kg,2022-02-11 00:00:00,Active
3303,Godrej Dishwash Liquid,Godrej,Household,Dishwash Liquid,283,1636.37,2526.58,0,90,88,176,2,ml,2022-03-21 00:00:00,Active
3304,Sunfeast Garbage Bags,Sunfeast,Household,Garbage Bags,377,1653.52,2177.49,5,180,27,143,1.09,kg,2026-04-03 00:00:00,Active
3305,Colgate Pressure Cooker,Colgate,Kitchen,Pressure Cooker,213,1270.27,1831.11,12,30,60,377,6.1,pcs,2025-01-01 00:00:00,Active
3306,Amul Shampoo,Amul,Personal Care,Shampoo,5,963.2,1378.98,5,180,87,138,9.23,L,2020-09-13 00:00:00,Active
3307,Nestle Energy Drink,Nestle,Beverages,Energy Drink,448,241.2,346.37,18,30,56,91,3.4,L,2023-07-24 00:00:00,Active
3308,Dettol Curd,Dettol,Dairy,Curd,420,372.51,429.68,5,30,81,392,3.45,g,2025-09-23 00:00:00,Active
3309,HUL Toothpaste,HUL,Personal Care,Toothpaste,500,365.56,426.91,5,180,48,419,8.09,L,2024-12-13 00:00:00,Active
3310,Colgate Cat Food,Colgate,Pet Care,Cat Food,423,255.73,344.47,0,180,86,190,7.18,ml,2022-11-10 00:00:00,Active
3311,Aashirvaad Atta,Aashirvaad,Grocery,Atta,497,804.36,1002.68,18,60,34,357,6.18,ml,2020-11-06 00:00:00,Active
3312,Aashirvaad Tissue Paper,Aashirvaad,Household,Tissue Paper,176,1141.56,1433.71,12,60,53,221,5.67,ml,2023-03-11 00:00:00,Active
3313,Dabur Chocolate,Dabur,Snacks,Chocolate,238,1037.01,1185.9,5,60,111,265,4.77,L,2022-05-27 00:00:00,Active
3314,Aashirvaad Atta,Aashirvaad,Grocery,Atta,117,1780.47,2193.02,5,180,111,169,5.62,pcs,2024-03-22 00:00:00,Active
3315,Patanjali Soft Drink,Patanjali,Beverages,Soft Drink,311,1504.25,2115.81,18,60,39,233,6.5,L,2026-06-18 00:00:00,Active
3316,Dabur Lunch Box,Dabur,Kitchen,Lunch Box,45,1019.95,1534.19,0,60,66,255,3.79,L,2024-03-05 00:00:00,Active
3317,Fortune Tea,Fortune,Grocery,Tea,41,373.38,522.84,12,365,40,260,1.54,g,2025-03-01 00:00:00,Active
3318,Sunfeast Poha,Sunfeast,Grocery,Poha,77,71.15,102.01,18,180,56,487,3.96,kg,2026-01-18 00:00:00,Active
3319,Fortune Baby Lotion,Fortune,Baby Care,Baby Lotion,465,1094.69,1243.12,0,30,26,355,1.15,ml,2021-12-01 00:00:00,Active
3320,Aashirvaad Dishwash Liquid,Aashirvaad,Household,Dishwash Liquid,128,1697.84,2584.56,0,30,32,292,8.86,L,2026-01-09 00:00:00,Active
3321,Fortune Namkeen,Fortune,Snacks,Namkeen,81,1554.02,2175.4,0,90,43,470,7.17,L,2024-11-02 00:00:00,Active
3322,Surf Excel Frying Pan,Surf Excel,Kitchen,Frying Pan,477,1682.07,2215,5,30,83,446,9.59,g,2021-11-17 00:00:00,Active
3323,Sunfeast Baby Soap,Sunfeast,Baby Care,Baby Soap,384,1031.65,1202.47,18,30,100,322,6.82,ml,2024-04-13 00:00:00,Active
3324,Lizol Milk,Lizol,Dairy,Milk,130,181.37,255.3,0,60,65,67,9.51,ml,2025-06-26 00:00:00,Active
3325,Colgate Namkeen,Colgate,Snacks,Namkeen,159,1636.06,2013.35,12,180,63,121,9.18,L,2023-10-12 00:00:00,Active
3326,Fortune Floor Cleaner,Fortune,Household,Floor Cleaner,436,905.87,1205.58,12,30,30,260,0.25,pcs,2020-11-05 00:00:00,Active
3327,Nivea Floor Cleaner,Nivea,Household,Floor Cleaner,184,974.41,1300.22,18,90,92,428,1.95,L,2021-02-05 00:00:00,Active
3328,Dabur Dishwash Liquid,Dabur,Household,Dishwash Liquid,378,1732.64,2659.09,5,60,26,462,8.64,ml,2025-05-09 00:00:00,Active
3329,Amul Shampoo,Amul,Personal Care,Shampoo,495,1639.87,2010.19,5,365,83,284,7.08,L,2023-01-04 00:00:00,Active
3330,HUL Shampoo,HUL,Personal Care,Shampoo,304,1399.64,2154.56,12,90,106,283,5.3,ml,2025-07-21 00:00:00,Active
3331,Fortune Soap,Fortune,Personal Care,Soap,483,1794.85,2703.33,18,60,53,375,6.4,ml,2022-05-25 00:00:00,Active
3332,Surf Excel Dog Food,Surf Excel,Pet Care,Dog Food,53,391.79,569.13,0,180,77,371,8.99,kg,2022-04-04 00:00:00,Active
3333,Fortune Pet Shampoo,Fortune,Pet Care,Pet Shampoo,261,535.45,639.71,5,365,92,176,0.75,L,2025-02-27 00:00:00,Active
3334,Parle Chocolate,Parle,Snacks,Chocolate,492,771.25,1031.58,18,30,118,142,2.91,pcs,2023-02-04 00:00:00,Active
3335,Lizol Dishwash Liquid,Lizol,Household,Dishwash Liquid,186,1021.3,1393.24,12,60,53,397,9.88,ml,2025-01-10 00:00:00,Active
3336,HUL Curd,HUL,Dairy,Curd,141,526.98,798.49,0,180,108,63,5.19,kg,2023-11-07 00:00:00,Active
3337,HUL Juice,HUL,Beverages,Juice,150,1069.79,1478.93,5,90,77,326,7.52,L,2025-05-06 00:00:00,Active
3338,Lizol Suji,Lizol,Grocery,Suji,427,388.55,550.62,0,60,86,133,0.83,kg,2022-10-10 00:00:00,Active
3339,Fortune Namkeen,Fortune,Snacks,Namkeen,338,1152.74,1337.99,0,90,52,184,7.7,pcs,2026-01-10 00:00:00,Active
3340,Dettol Energy Drink,Dettol,Beverages,Energy Drink,439,107.55,123.15,0,180,23,368,3.77,kg,2020-08-19 00:00:00,Active
3341,Patanjali Namkeen,Patanjali,Snacks,Namkeen,478,346.12,447.88,12,60,36,268,3.41,g,2021-04-02 00:00:00,Active
3342,Surf Excel Pet Shampoo,Surf Excel,Pet Care,Pet Shampoo,21,108.85,156.49,18,365,99,455,7.45,g,2023-04-04 00:00:00,Active
3343,Lizol Lunch Box,Lizol,Kitchen,Lunch Box,497,1199.45,1427.5,5,365,95,368,4.4,g,2021-01-18 00:00:00,Active
3344,Fortune Cheese,Fortune,Dairy,Cheese,444,661.08,816.51,5,365,66,281,9.73,pcs,2025-08-07 00:00:00,Active
3345,Parle Namkeen,Parle,Snacks,Namkeen,215,1340.12,1511.22,12,30,60,358,7.26,L,2024-01-15 00:00:00,Active
3346,Nivea Face Wash,Nivea,Personal Care,Face Wash,491,1498.65,2318.98,0,90,102,219,7.37,g,2023-11-07 00:00:00,Active
3347,Mamaearth Butter,Mamaearth,Dairy,Butter,407,1694.29,2063.51,5,90,83,218,8.98,kg,2025-08-20 00:00:00,Active
3348,Dettol Baby Lotion,Dettol,Baby Care,Baby Lotion,73,692.34,963.11,0,30,22,452,0.53,ml,2025-12-06 00:00:00,Active
3349,Mamaearth Hair Oil,Mamaearth,Personal Care,Hair Oil,268,651.85,958.91,18,30,118,52,3.58,g,2025-01-30 00:00:00,Active
3350,Colgate Juice,Colgate,Beverages,Juice,2,360.01,498.27,12,60,83,477,8.98,pcs,2023-03-06 00:00:00,Active
3351,Mamaearth Lunch Box,Mamaearth,Kitchen,Lunch Box,363,1633.75,2310.08,18,90,106,481,7.96,g,2025-05-09 00:00:00,Active
3352,Lizol Frying Pan,Lizol,Kitchen,Frying Pan,383,581.31,673.28,12,60,105,183,7.62,g,2023-03-03 00:00:00,Active
3353,Dettol Chips,Dettol,Snacks,Chips,376,595.43,821.17,0,90,103,203,2.59,pcs,2025-07-24 00:00:00,Active
3354,Mamaearth Cheese,Mamaearth,Dairy,Cheese,497,685.46,847.35,18,60,101,184,6.72,pcs,2026-06-22 00:00:00,Active
3355,Dettol Namkeen,Dettol,Snacks,Namkeen,182,1695.14,1952.83,18,60,105,375,4.2,L,2020-12-20 00:00:00,Active
3356,Aashirvaad Dog Food,Aashirvaad,Pet Care,Dog Food,80,1217.92,1833.15,12,30,102,110,7.92,g,2024-12-26 00:00:00,Active
3357,Dettol Lunch Box,Dettol,Kitchen,Lunch Box,182,248.09,279.88,0,90,55,474,7.44,ml,2021-09-21 00:00:00,Active
3358,Colgate Cheese,Colgate,Dairy,Cheese,352,1453.75,2083.41,18,30,31,418,3.4,L,2022-06-07 00:00:00,Active
3359,Amul Atta,Amul,Grocery,Atta,191,1777.23,2290.23,12,180,68,405,3.11,L,2022-04-19 00:00:00,Active
3360,Dettol Baby Soap,Dettol,Baby Care,Baby Soap,302,1590.09,2276.69,18,180,58,92,7.67,L,2026-06-09 00:00:00,Active
3361,Pedigree Bottle,Pedigree,Kitchen,Bottle,372,52.51,75.8,5,60,51,77,6.16,L,2022-02-09 00:00:00,Active
3362,Nestle Baby Powder,Nestle,Baby Care,Baby Powder,12,569.45,756.6,18,30,68,476,3.41,ml,2021-02-24 00:00:00,Active
3363,Patanjali Moong Dal,Patanjali,Grocery,Moong Dal,85,1400.21,2094.31,0,180,110,320,0.8,ml,2022-01-24 00:00:00,Active
3364,Mamaearth Juice,Mamaearth,Beverages,Juice,181,1448.51,1857.67,0,180,34,489,8.44,ml,2022-03-16 00:00:00,Active
3365,HUL Baby Lotion,HUL,Baby Care,Baby Lotion,30,788.74,1178.48,12,365,27,187,1.27,ml,2021-07-07 00:00:00,Active
3366,Pedigree Cat Food,Pedigree,Pet Care,Cat Food,305,783.87,946.27,12,180,76,66,5.72,pcs,2023-05-22 00:00:00,Active
3367,Dettol Tea,Dettol,Grocery,Tea,36,498.99,649.03,5,60,97,491,9.31,g,2024-07-12 00:00:00,Active
3368,Surf Excel Pet Shampoo,Surf Excel,Pet Care,Pet Shampoo,435,570.08,753.48,5,90,119,160,4.61,pcs,2022-06-09 00:00:00,Active
3369,Nivea Lunch Box,Nivea,Kitchen,Lunch Box,229,1240.51,1920.78,12,365,43,406,2.42,kg,2025-09-29 00:00:00,Active
3370,Aashirvaad Dog Food,Aashirvaad,Pet Care,Dog Food,303,474.36,697.39,12,30,34,465,9.94,g,2024-01-19 00:00:00,Active
3371,ITC Chips,ITC,Snacks,Chips,392,1505.99,1933.99,0,90,22,324,1.68,pcs,2023-11-24 00:00:00,Active
3372,Fortune Face Wash,Fortune,Personal Care,Face Wash,427,1689.69,2359.32,0,60,77,90,4.26,L,2023-10-26 00:00:00,Active
3373,Patanjali Shampoo,Patanjali,Personal Care,Shampoo,292,1194.28,1529.5,18,60,80,325,0.95,g,2021-03-05 00:00:00,Active
3374,Nestle Paneer,Nestle,Dairy,Paneer,124,930.09,1071.52,18,365,22,63,2.83,ml,2021-04-18 00:00:00,Active
3375,Fortune Face Wash,Fortune,Personal Care,Face Wash,395,517.34,637.64,12,365,28,218,1.07,g,2022-08-11 00:00:00,Active
3376,Nivea Namkeen,Nivea,Snacks,Namkeen,444,1022.87,1186.57,0,365,107,132,4.4,pcs,2024-02-12 00:00:00,Active
3377,Surf Excel Coffee,Surf Excel,Grocery,Coffee,348,1521.34,1982.55,0,180,86,87,8.94,L,2023-02-22 00:00:00,Active
3378,Colgate Butter,Colgate,Dairy,Butter,53,1569.89,2020.7,18,180,107,127,8.37,L,2021-11-11 00:00:00,Active
3379,Lizol Chana Dal,Lizol,Grocery,Chana Dal,176,104.52,160.62,12,365,39,193,9.99,kg,2024-12-07 00:00:00,Active
3380,Mamaearth Cat Food,Mamaearth,Pet Care,Cat Food,248,1755.32,2209.23,5,90,20,67,2.38,g,2024-09-08 00:00:00,Active
3381,Colgate Cheese,Colgate,Dairy,Cheese,286,179.87,228.34,18,60,118,127,6.89,pcs,2021-07-15 00:00:00,Active
3382,Godrej Cat Food,Godrej,Pet Care,Cat Food,139,1166.8,1357.26,12,365,47,142,9.95,kg,2026-06-27 00:00:00,Active
3383,Amul Atta,Amul,Grocery,Atta,207,258.27,384.9,5,60,53,368,8.37,g,2025-02-15 00:00:00,Active
3384,Lizol Pet Shampoo,Lizol,Pet Care,Pet Shampoo,157,112.93,142.38,5,180,84,138,2.42,L,2020-10-05 00:00:00,Active
3385,Godrej Shampoo,Godrej,Personal Care,Shampoo,47,472.08,688.66,5,365,101,52,1.26,L,2022-12-18 00:00:00,Active
3386,Sunfeast Tissue Paper,Sunfeast,Household,Tissue Paper,345,1089.61,1585.2,12,30,46,368,5.5,L,2021-10-22 00:00:00,Discontinued
3387,Patanjali Soft Drink,Patanjali,Beverages,Soft Drink,389,854.94,962.65,5,365,83,174,1.26,L,2024-08-24 00:00:00,Active
3388,HUL Floor Cleaner,HUL,Household,Floor Cleaner,358,277.76,339.13,5,30,114,154,5.73,ml,2020-11-18 00:00:00,Active
3389,Colgate Baby Soap,Colgate,Baby Care,Baby Soap,102,310.92,349.1,5,90,22,56,4.26,L,2022-04-06 00:00:00,Active
3390,Surf Excel Dishwash Liquid,Surf Excel,Household,Dishwash Liquid,401,94.07,141.49,5,365,57,71,4.81,pcs,2023-12-10 00:00:00,Active
3391,Tata Baby Powder,Tata,Baby Care,Baby Powder,384,1326.39,1783.03,5,365,44,494,7.35,ml,2022-05-22 00:00:00,Active
3392,Tata Baby Powder,Tata,Baby Care,Baby Powder,371,1566.05,2394.88,5,180,22,318,0.7,L,2026-05-30 00:00:00,Active
3393,Parle Namkeen,Parle,Snacks,Namkeen,341,1363.98,2077.27,0,180,78,241,8.51,kg,2023-12-31 00:00:00,Active
3394,Dettol Soft Drink,Dettol,Beverages,Soft Drink,111,1348.87,2083.91,12,30,56,277,4.82,L,2024-02-10 00:00:00,Active
3395,Colgate Frying Pan,Colgate,Kitchen,Frying Pan,122,392.61,522.03,18,365,95,325,4.78,pcs,2026-06-07 00:00:00,Active
3396,Surf Excel Floor Cleaner,Surf Excel,Household,Floor Cleaner,282,344,523.59,0,60,110,126,6.58,g,2021-07-21 00:00:00,Discontinued
3397,Dettol Baby Soap,Dettol,Baby Care,Baby Soap,100,1242.96,1586.54,18,180,54,462,2.95,kg,2024-04-09 00:00:00,Active
3398,Parle Tissue Paper,Parle,Household,Tissue Paper,278,1691.71,2006.15,5,90,118,258,8.33,L,2025-03-29 00:00:00,Active
3399,Mamaearth Chocolate,Mamaearth,Snacks,Chocolate,108,1241.68,1597.12,0,180,29,336,6.81,ml,2023-02-01 00:00:00,Active
3400,Pedigree Baby Powder,Pedigree,Baby Care,Baby Powder,19,1083.9,1372.37,18,365,45,315,7.23,pcs,2020-11-25 00:00:00,Active
3401,Mamaearth Baby Powder,Mamaearth,Baby Care,Baby Powder,8,936.59,1343.23,12,60,82,309,3.8,ml,2021-01-15 00:00:00,Active
3402,HUL Milk,HUL,Dairy,Milk,7,767.39,922.39,12,180,96,220,6.55,ml,2021-10-25 00:00:00,Active
3403,Mamaearth Detergent,Mamaearth,Household,Detergent,72,699.23,873.36,5,90,41,330,5.33,pcs,2021-10-12 00:00:00,Active
3404,Nivea Poha,Nivea,Grocery,Poha,266,1602.91,2318.88,18,30,87,85,1.01,kg,2022-09-10 00:00:00,Active
3405,Dabur Hair Oil,Dabur,Personal Care,Hair Oil,205,1646.65,1988.93,0,60,119,261,5.16,pcs,2021-09-22 00:00:00,Active
3406,Fortune Frying Pan,Fortune,Kitchen,Frying Pan,108,481.01,697.97,18,60,119,107,8.42,g,2023-07-13 00:00:00,Active
3407,Colgate Cat Food,Colgate,Pet Care,Cat Food,488,394.16,536.22,5,30,111,350,0.85,pcs,2021-03-05 00:00:00,Active
3408,Surf Excel Shampoo,Surf Excel,Personal Care,Shampoo,24,1607.05,2282.53,18,365,82,218,9.59,ml,2021-12-20 00:00:00,Active
3409,Nestle Shampoo,Nestle,Personal Care,Shampoo,492,1006.25,1367.63,0,30,87,484,7.49,L,2023-04-26 00:00:00,Active
3410,Nestle Curd,Nestle,Dairy,Curd,183,234.63,360.1,18,90,69,53,2.25,g,2025-05-19 00:00:00,Active
3411,ITC Curd,ITC,Dairy,Curd,403,888.44,1038.35,0,90,42,410,2.52,g,2023-07-09 00:00:00,Active
3412,Nivea Garbage Bags,Nivea,Household,Garbage Bags,273,999.26,1494.23,12,365,41,62,4.2,kg,2024-07-12 00:00:00,Active
3413,Tata Butter,Tata,Dairy,Butter,449,247.56,325.55,18,30,90,340,1.12,pcs,2022-05-08 00:00:00,Active
3414,Amul Milk,Amul,Dairy,Milk,236,1752.83,2585.43,5,90,28,165,4.03,g,2024-04-17 00:00:00,Active
3415,ITC Pressure Cooker,ITC,Kitchen,Pressure Cooker,17,399.36,524.35,5,30,92,384,8.88,kg,2022-06-16 00:00:00,Active
3416,ITC Soap,ITC,Personal Care,Soap,199,1560.06,2254.12,18,30,110,170,8.18,kg,2026-05-03 00:00:00,Active
3417,Lizol Dog Food,Lizol,Pet Care,Dog Food,145,294.74,410.3,12,30,109,415,5.76,pcs,2025-08-15 00:00:00,Active
3418,HUL Mineral Water,HUL,Beverages,Mineral Water,14,445.14,538.14,0,180,110,145,4.27,L,2025-10-19 00:00:00,Discontinued
3419,Mamaearth Toor Dal,Mamaearth,Grocery,Toor Dal,249,500.71,762.83,5,30,66,390,0.84,L,2021-09-14 00:00:00,Active
3420,Amul Soft Drink,Amul,Beverages,Soft Drink,29,1071.15,1403.79,5,90,20,294,3.16,g,2024-10-27 00:00:00,Active
3421,Aashirvaad Diapers,Aashirvaad,Baby Care,Diapers,114,441.36,601.26,18,60,104,314,9.56,L,2023-11-15 00:00:00,Active
3422,Pedigree Soft Drink,Pedigree,Beverages,Soft Drink,259,195.6,245.99,0,30,23,457,5.57,kg,2026-06-20 00:00:00,Active
3423,Tata Diapers,Tata,Baby Care,Diapers,221,93.18,132.94,5,30,54,250,3.69,kg,2020-11-05 00:00:00,Active
3424,Tata Toothpaste,Tata,Personal Care,Toothpaste,368,926.91,1307.38,12,180,115,197,6.46,kg,2021-01-06 00:00:00,Active
3425,Amul Cheese,Amul,Dairy,Cheese,49,265.69,316.9,18,90,33,357,5.27,pcs,2023-06-26 00:00:00,Active
3426,Nestle Coffee,Nestle,Grocery,Coffee,17,1535.18,2224.82,18,90,35,430,5.83,g,2025-08-14 00:00:00,Active
3427,Tata Cat Food,Tata,Pet Care,Cat Food,49,1447.31,1795.59,18,60,104,124,6.77,pcs,2021-04-20 00:00:00,Active
3428,Pedigree Shampoo,Pedigree,Personal Care,Shampoo,276,1217.85,1545.07,18,60,21,122,8.89,L,2025-03-20 00:00:00,Active
3429,ITC Lunch Box,ITC,Kitchen,Lunch Box,197,1603.23,2366.71,12,60,56,299,3.83,L,2025-11-23 00:00:00,Active
3430,Lizol Shampoo,Lizol,Personal Care,Shampoo,480,220.27,332.6,18,90,63,161,0.74,L,2026-03-08 00:00:00,Active
3479,Lizol Chips,Lizol,Snacks,Chips,171,1464.44,1749.15,0,180,117,105,7.26,g,2024-04-25 00:00:00,Active
3431,Amul Dishwash Liquid,Amul,Household,Dishwash Liquid,26,1723.59,2642.62,5,365,22,268,7.22,L,2023-05-02 00:00:00,Active
3432,Colgate Mineral Water,Colgate,Beverages,Mineral Water,416,1641.62,2018.11,18,60,95,180,2.11,kg,2022-09-13 00:00:00,Active
3433,Surf Excel Coffee,Surf Excel,Grocery,Coffee,30,1693.64,2087.01,0,90,110,270,6.68,ml,2021-10-16 00:00:00,Active
3434,Amul Energy Drink,Amul,Beverages,Energy Drink,31,799.85,934.47,18,30,41,138,3.69,L,2026-05-02 00:00:00,Active
3435,Patanjali Juice,Patanjali,Beverages,Juice,216,469.47,544.64,5,60,89,64,9.08,L,2021-04-11 00:00:00,Active
3436,Tata Butter,Tata,Dairy,Butter,199,489.64,555.05,5,180,98,68,3.57,pcs,2023-01-31 00:00:00,Active
3437,Nestle Chocolate,Nestle,Snacks,Chocolate,109,810.42,1121.49,18,365,100,102,0.36,pcs,2020-11-30 00:00:00,Active
3438,Colgate Baby Soap,Colgate,Baby Care,Baby Soap,32,1714.72,2021.22,18,90,69,192,7.24,ml,2021-03-20 00:00:00,Active
3439,Tata Pet Shampoo,Tata,Pet Care,Pet Shampoo,25,697.61,880.58,12,90,27,431,6.84,L,2024-08-19 00:00:00,Active
3440,Dettol Cookies,Dettol,Snacks,Cookies,297,1590.77,2384.04,5,365,75,111,0.18,pcs,2023-12-12 00:00:00,Active
3441,Godrej Detergent,Godrej,Household,Detergent,79,440.57,621.54,12,90,38,55,2.54,pcs,2024-07-31 00:00:00,Active
3442,Nestle Garbage Bags,Nestle,Household,Garbage Bags,441,973.05,1493.38,0,90,43,321,8.58,pcs,2020-10-08 00:00:00,Active
3443,Patanjali Moong Dal,Patanjali,Grocery,Moong Dal,113,41.98,54.84,0,365,48,465,0.63,pcs,2020-11-23 00:00:00,Active
3444,Nestle Soap,Nestle,Personal Care,Soap,238,1331.66,1856.41,18,365,38,406,6.92,kg,2024-12-12 00:00:00,Active
3445,Aashirvaad Milk,Aashirvaad,Dairy,Milk,52,37.67,50.12,18,30,97,231,9.78,L,2021-12-28 00:00:00,Discontinued
3446,Godrej Toothpaste,Godrej,Personal Care,Toothpaste,484,58.73,76.8,0,90,51,311,4.6,ml,2024-12-26 00:00:00,Active
3447,HUL Bottle,HUL,Kitchen,Bottle,325,222.86,315.9,12,90,72,303,4.3,L,2023-02-25 00:00:00,Active
3448,Dabur Pet Shampoo,Dabur,Pet Care,Pet Shampoo,210,1020.31,1221.74,5,60,111,293,2.26,L,2024-02-21 00:00:00,Active
3449,Patanjali Dog Food,Patanjali,Pet Care,Dog Food,41,1222.36,1702.65,0,90,72,257,7.67,kg,2026-06-24 00:00:00,Active
3450,HUL Soap,HUL,Personal Care,Soap,230,565.12,638.05,18,365,103,488,2.38,pcs,2024-02-03 00:00:00,Active
3451,Nivea Cat Food,Nivea,Pet Care,Cat Food,221,168.24,234.23,0,90,112,371,0.96,kg,2020-08-11 00:00:00,Active
3452,Godrej Sugar,Godrej,Grocery,Sugar,384,347.16,424.31,5,180,52,423,6.65,ml,2024-11-15 00:00:00,Active
3453,Patanjali Atta,Patanjali,Grocery,Atta,135,1746.43,2350.66,5,90,29,146,3.51,ml,2026-01-23 00:00:00,Active
3454,Colgate Baby Powder,Colgate,Baby Care,Baby Powder,147,236.94,276.44,18,180,41,62,4.51,L,2022-07-03 00:00:00,Active
3455,Tata Dog Food,Tata,Pet Care,Dog Food,494,571.98,709.62,12,90,73,495,3.12,g,2025-01-11 00:00:00,Active
3456,Surf Excel Butter,Surf Excel,Dairy,Butter,208,967.82,1330.52,18,60,80,376,7.29,kg,2022-07-02 00:00:00,Active
3457,Godrej Frying Pan,Godrej,Kitchen,Frying Pan,64,414.11,498.41,12,365,105,237,4.79,kg,2022-04-06 00:00:00,Active
3458,Surf Excel Baby Lotion,Surf Excel,Baby Care,Baby Lotion,348,960.18,1094.91,12,30,85,400,6.25,g,2021-03-12 00:00:00,Active
3459,Nivea Baby Powder,Nivea,Baby Care,Baby Powder,34,955.44,1140.13,18,60,53,404,3.84,pcs,2020-09-26 00:00:00,Active
3460,ITC Baby Powder,ITC,Baby Care,Baby Powder,48,482.51,580.9,0,60,77,118,7.65,pcs,2023-06-30 00:00:00,Active
3461,Fortune Pressure Cooker,Fortune,Kitchen,Pressure Cooker,2,620.76,868.74,5,90,92,107,6.58,ml,2023-07-12 00:00:00,Active
3462,Mamaearth Baby Soap,Mamaearth,Baby Care,Baby Soap,288,345.08,457.31,18,365,32,154,8.79,ml,2025-07-28 00:00:00,Active
3463,Nivea Namkeen,Nivea,Snacks,Namkeen,177,199.33,229.69,5,365,43,236,6.91,pcs,2023-01-14 00:00:00,Active
3464,Patanjali Chips,Patanjali,Snacks,Chips,27,724.58,831.3,5,60,84,209,0.82,ml,2023-05-26 00:00:00,Active
3465,Amul Cat Food,Amul,Pet Care,Cat Food,307,290.85,387.42,0,180,40,261,9.14,L,2024-07-08 00:00:00,Active
3466,Aashirvaad Milk,Aashirvaad,Dairy,Milk,46,1255.28,1539.87,18,180,88,88,1.82,pcs,2023-02-02 00:00:00,Active
3467,HUL Pet Shampoo,HUL,Pet Care,Pet Shampoo,464,1089.1,1472.7,5,30,119,334,8.94,g,2021-09-28 00:00:00,Active
3468,Godrej Pressure Cooker,Godrej,Kitchen,Pressure Cooker,304,774.87,983.93,12,60,119,265,5.94,g,2026-04-21 00:00:00,Active
3469,Dettol Chips,Dettol,Snacks,Chips,262,313.8,392.01,18,30,106,93,3.47,g,2025-05-26 00:00:00,Active
3470,Sunfeast Suji,Sunfeast,Grocery,Suji,348,904.46,1024.41,12,180,82,69,9.95,L,2025-04-05 00:00:00,Active
3471,Nivea Curd,Nivea,Dairy,Curd,151,1598.97,1791.45,18,30,40,69,9.87,g,2020-10-02 00:00:00,Active
3472,Nivea Cookies,Nivea,Snacks,Cookies,207,811.89,1085.2,5,60,77,328,6.5,pcs,2023-12-08 00:00:00,Active
3473,HUL Butter,HUL,Dairy,Butter,232,1448.33,1703.05,18,180,23,410,4.22,g,2021-04-17 00:00:00,Active
3474,HUL Detergent,HUL,Household,Detergent,299,742.64,1013.46,0,180,66,445,4.8,kg,2025-06-06 00:00:00,Active
3475,HUL Bottle,HUL,Kitchen,Bottle,477,1725.11,2240.12,5,60,80,429,8.36,L,2021-11-24 00:00:00,Active
3476,Godrej Cheese,Godrej,Dairy,Cheese,232,646.08,818.8,18,180,87,235,5.67,pcs,2024-12-14 00:00:00,Active
3477,HUL Garbage Bags,HUL,Household,Garbage Bags,349,753.99,1018.16,5,180,57,209,5.46,pcs,2023-01-20 00:00:00,Active
3478,Britannia Energy Drink,Britannia,Beverages,Energy Drink,167,518.46,640.57,0,60,64,476,8.49,ml,2023-06-23 00:00:00,Active
3480,Dabur Baby Powder,Dabur,Baby Care,Baby Powder,428,1066.54,1195.7,0,90,47,301,2.63,g,2026-02-16 00:00:00,Active
3481,Surf Excel Pressure Cooker,Surf Excel,Kitchen,Pressure Cooker,440,1320.1,1659.49,0,30,87,261,7.79,kg,2021-03-03 00:00:00,Active
3482,Lizol Dog Food,Lizol,Pet Care,Dog Food,106,1528.61,2202.58,5,30,50,115,6.26,kg,2025-03-29 00:00:00,Active
3483,Mamaearth Cat Food,Mamaearth,Pet Care,Cat Food,22,534.31,680.9,0,180,67,279,3.71,L,2020-12-16 00:00:00,Active
3484,Patanjali Lunch Box,Patanjali,Kitchen,Lunch Box,498,1147.76,1559.52,0,180,105,433,7.57,L,2024-12-02 00:00:00,Active
3485,Lizol Dishwash Liquid,Lizol,Household,Dishwash Liquid,391,390.17,557.3,12,30,26,342,4.11,kg,2026-01-30 00:00:00,Active
3486,Colgate Baby Lotion,Colgate,Baby Care,Baby Lotion,442,1583.31,2320.75,0,90,44,90,4.46,ml,2024-05-31 00:00:00,Active
3487,Fortune Cookies,Fortune,Snacks,Cookies,238,1253.11,1606.41,0,365,30,200,2.21,ml,2025-11-18 00:00:00,Active
3488,Dettol Cat Food,Dettol,Pet Care,Cat Food,135,608.33,888.53,18,30,69,334,1.99,g,2022-05-30 00:00:00,Active
3489,HUL Floor Cleaner,HUL,Household,Floor Cleaner,417,1569.87,2127.2,12,365,110,351,9.53,pcs,2026-04-08 00:00:00,Active
3490,Nestle Tea,Nestle,Grocery,Tea,265,932.3,1347.97,0,90,33,198,6.43,g,2020-08-20 00:00:00,Active
3491,Surf Excel Mineral Water,Surf Excel,Beverages,Mineral Water,71,809.17,1022.36,18,30,92,500,2.49,ml,2026-06-07 00:00:00,Active
3492,Pedigree Biscuits,Pedigree,Snacks,Biscuits,332,386.79,436.87,12,90,47,85,6.9,kg,2022-08-02 00:00:00,Active
3493,Aashirvaad Toothpaste,Aashirvaad,Personal Care,Toothpaste,306,1499.05,2069.98,0,30,80,144,3.49,ml,2025-04-29 00:00:00,Active
3494,Parle Lunch Box,Parle,Kitchen,Lunch Box,329,1690.29,1934.85,5,180,64,278,8.65,g,2021-05-04 00:00:00,Active
3495,Nestle Paneer,Nestle,Dairy,Paneer,51,1737.37,1985.15,5,180,82,283,4.88,ml,2023-07-25 00:00:00,Discontinued
3496,Patanjali Garbage Bags,Patanjali,Household,Garbage Bags,68,1341.94,1918.16,12,365,69,295,2.26,kg,2026-05-31 00:00:00,Active
3497,Aashirvaad Cat Food,Aashirvaad,Pet Care,Cat Food,61,1406.34,1927.43,5,30,97,206,3.41,kg,2023-05-06 00:00:00,Active
3498,Godrej Frying Pan,Godrej,Kitchen,Frying Pan,474,1625.35,1962.53,5,180,95,278,4.1,L,2023-07-23 00:00:00,Active
3499,Sunfeast Energy Drink,Sunfeast,Beverages,Energy Drink,267,884.12,1281.63,18,365,97,348,3.97,kg,2025-04-30 00:00:00,Active
3500,Colgate Pet Shampoo,Colgate,Pet Care,Pet Shampoo,489,429.02,648.92,12,30,89,404,2.47,pcs,2025-08-09 00:00:00,Active
3501,Britannia Hair Oil,Britannia,Personal Care,Hair Oil,134,1241.29,1811.89,18,90,43,284,0.63,g,2022-05-23 00:00:00,Active
3502,Parle Toothpaste,Parle,Personal Care,Toothpaste,32,872.55,1131.82,12,90,78,473,6.53,pcs,2021-08-04 00:00:00,Active
3503,Aashirvaad Cooking Oil,Aashirvaad,Grocery,Cooking Oil,126,1764.55,2638,0,90,68,458,0.17,ml,2022-04-17 00:00:00,Active
3504,HUL Pressure Cooker,HUL,Kitchen,Pressure Cooker,307,575.75,774.37,0,30,91,383,6.5,pcs,2022-04-26 00:00:00,Active
3505,Lizol Dog Food,Lizol,Pet Care,Dog Food,295,654.44,762.89,5,365,100,138,9.85,ml,2020-08-28 00:00:00,Active
3506,Lizol Pet Shampoo,Lizol,Pet Care,Pet Shampoo,347,1249.53,1563.07,18,60,31,440,9.83,ml,2020-09-28 00:00:00,Active
3507,Colgate Baby Powder,Colgate,Baby Care,Baby Powder,392,740.4,969.22,18,30,71,169,7.98,pcs,2026-02-23 00:00:00,Active
3508,HUL Pressure Cooker,HUL,Kitchen,Pressure Cooker,382,33.48,40.35,18,60,58,400,8.21,pcs,2025-06-09 00:00:00,Active
3509,Godrej Coffee,Godrej,Grocery,Coffee,423,733.28,936.76,12,365,82,281,0.4,L,2022-06-15 00:00:00,Active
3510,HUL Toothpaste,HUL,Personal Care,Toothpaste,333,1473.57,2262.37,12,90,33,117,1.18,ml,2024-06-27 00:00:00,Active
3511,Britannia Tea,Britannia,Grocery,Tea,443,1528.4,2172.27,5,90,84,133,5.37,kg,2025-11-16 00:00:00,Active
3512,Tata Chips,Tata,Snacks,Chips,14,454.28,584.06,12,90,71,318,4.32,ml,2024-10-20 00:00:00,Active
3513,Pedigree Atta,Pedigree,Grocery,Atta,46,317.39,385.29,12,60,58,57,9.5,kg,2023-10-09 00:00:00,Active
3514,Surf Excel Cat Food,Surf Excel,Pet Care,Cat Food,75,1245.78,1767.68,18,180,86,263,9.76,kg,2024-03-23 00:00:00,Active
3515,Dettol Namkeen,Dettol,Snacks,Namkeen,432,1468.3,2104.28,5,60,48,172,8.31,ml,2024-06-24 00:00:00,Active
3516,Amul Shampoo,Amul,Personal Care,Shampoo,408,182.22,225.07,12,180,70,243,0.93,g,2026-04-30 00:00:00,Active
3517,Colgate Detergent,Colgate,Household,Detergent,40,517.2,582.35,12,30,101,383,9.38,ml,2021-04-09 00:00:00,Active
3518,Tata Namkeen,Tata,Snacks,Namkeen,325,1490.1,1804.72,18,90,109,235,2.89,kg,2021-12-15 00:00:00,Active
3519,Nivea Salt,Nivea,Grocery,Salt,233,515.6,794.48,5,180,53,204,6.78,kg,2022-12-19 00:00:00,Active
3520,Dabur Frying Pan,Dabur,Kitchen,Frying Pan,309,1274.07,1706.44,0,90,106,157,8.29,g,2021-12-01 00:00:00,Active
3521,Aashirvaad Shampoo,Aashirvaad,Personal Care,Shampoo,221,1138.82,1747.54,5,365,105,492,4.29,kg,2023-07-13 00:00:00,Active
3522,HUL Pressure Cooker,HUL,Kitchen,Pressure Cooker,146,1411.18,2186.8,18,90,29,175,7.42,L,2024-06-06 00:00:00,Active
3523,Godrej Pet Shampoo,Godrej,Pet Care,Pet Shampoo,377,1118.91,1495.18,12,30,67,407,8.78,g,2021-07-07 00:00:00,Active
3524,Aashirvaad Moong Dal,Aashirvaad,Grocery,Moong Dal,180,1387.38,1803.04,0,60,27,255,6.21,ml,2022-04-17 00:00:00,Active
3525,Dettol Garbage Bags,Dettol,Household,Garbage Bags,169,405.07,530.25,5,30,49,110,3.22,L,2023-01-10 00:00:00,Active
3526,Godrej Mineral Water,Godrej,Beverages,Mineral Water,281,1607.29,2324.36,0,90,52,394,0.27,pcs,2021-11-12 00:00:00,Discontinued
3527,Mamaearth Juice,Mamaearth,Beverages,Juice,490,648.53,984.27,18,365,83,174,0.25,L,2025-09-30 00:00:00,Active
3528,HUL Rice,HUL,Grocery,Rice,391,1369.83,1907.66,5,60,115,368,1.67,ml,2023-06-18 00:00:00,Active
3529,Tata Dishwash Liquid,Tata,Household,Dishwash Liquid,372,1276.74,1945.65,18,60,84,204,6.11,L,2022-11-08 00:00:00,Active
3530,Nivea Tissue Paper,Nivea,Household,Tissue Paper,415,1249.23,1847.3,5,365,51,358,5.85,L,2021-05-15 00:00:00,Active
3531,Tata Coffee,Tata,Grocery,Coffee,261,156.81,212,12,180,90,275,5.35,g,2024-05-02 00:00:00,Active
3532,Mamaearth Pressure Cooker,Mamaearth,Kitchen,Pressure Cooker,445,622.09,744.92,5,365,77,315,2.07,kg,2021-10-11 00:00:00,Active
3533,Tata Lunch Box,Tata,Kitchen,Lunch Box,393,1141.63,1567.53,12,180,116,456,6.39,kg,2022-10-09 00:00:00,Active
3534,Colgate Toothpaste,Colgate,Personal Care,Toothpaste,383,295.9,372.05,18,180,20,157,9.13,ml,2025-12-19 00:00:00,Active
3535,Dettol Frying Pan,Dettol,Kitchen,Frying Pan,169,651.68,856.54,0,365,90,495,0.42,g,2024-07-16 00:00:00,Active
3536,Britannia Floor Cleaner,Britannia,Household,Floor Cleaner,300,464.97,679.35,0,180,56,156,5.85,ml,2025-08-31 00:00:00,Active
3537,Lizol Bottle,Lizol,Kitchen,Bottle,86,1792.17,2153.76,0,60,58,372,7.96,L,2020-12-07 00:00:00,Active
3538,Nestle Dog Food,Nestle,Pet Care,Dog Food,278,1039.87,1200.74,0,30,28,142,0.67,g,2021-03-28 00:00:00,Active
3539,Pedigree Dog Food,Pedigree,Pet Care,Dog Food,377,1230.82,1721.98,18,365,100,179,9.29,ml,2025-09-07 00:00:00,Active
3540,Colgate Diapers,Colgate,Baby Care,Diapers,15,505.14,580.15,18,365,48,227,1.91,L,2021-07-28 00:00:00,Active
3541,Nivea Chips,Nivea,Snacks,Chips,462,457.62,700.2,5,30,103,52,0.84,ml,2023-09-02 00:00:00,Active
3542,Dabur Knife,Dabur,Kitchen,Knife,292,176.68,209.91,0,30,83,201,0.79,ml,2024-04-11 00:00:00,Active
3543,Britannia Shampoo,Britannia,Personal Care,Shampoo,152,996.46,1126.4,5,365,104,170,1.05,ml,2022-12-19 00:00:00,Active
3544,Sunfeast Cookies,Sunfeast,Snacks,Cookies,144,1508.65,1853.25,18,30,24,244,0.58,ml,2021-01-18 00:00:00,Active
3545,HUL Pet Shampoo,HUL,Pet Care,Pet Shampoo,273,892.23,1173.14,5,30,52,112,5.48,kg,2023-03-22 00:00:00,Active
3546,Amul Chocolate,Amul,Snacks,Chocolate,318,914.25,1125.08,0,30,103,98,4.62,L,2023-03-12 00:00:00,Active
3547,Colgate Face Wash,Colgate,Personal Care,Face Wash,190,1336.25,1806.51,18,90,77,353,0.31,g,2021-09-30 00:00:00,Active
3548,Dettol Energy Drink,Dettol,Beverages,Energy Drink,302,1569.17,1973.52,12,180,97,92,8.35,kg,2023-05-09 00:00:00,Active
3549,Surf Excel Energy Drink,Surf Excel,Beverages,Energy Drink,206,519,741.12,12,60,47,444,0.53,kg,2020-12-31 00:00:00,Active
3550,Godrej Soft Drink,Godrej,Beverages,Soft Drink,314,1580.4,1786.9,5,30,120,287,8.5,kg,2025-09-27 00:00:00,Active
3551,Tata Diapers,Tata,Baby Care,Diapers,104,617.53,810.24,18,90,111,95,9.49,g,2021-10-06 00:00:00,Active
3552,Nestle Detergent,Nestle,Household,Detergent,420,855.92,1259.91,5,30,44,481,8.11,pcs,2022-12-18 00:00:00,Active
3553,Sunfeast Dog Food,Sunfeast,Pet Care,Dog Food,444,1722.63,2436.86,0,365,118,77,7.85,L,2024-04-06 00:00:00,Active
3554,Surf Excel Tea,Surf Excel,Grocery,Tea,41,1288.56,1931.08,0,60,118,238,5.07,L,2022-12-23 00:00:00,Active
3555,Sunfeast Juice,Sunfeast,Beverages,Juice,399,1767.11,2496.94,18,180,36,97,1.09,ml,2020-10-22 00:00:00,Active
3556,Amul Baby Lotion,Amul,Baby Care,Baby Lotion,494,1022.93,1541.55,18,180,74,169,9.14,g,2021-07-17 00:00:00,Active
3557,Lizol Namkeen,Lizol,Snacks,Namkeen,59,375.53,526.11,0,30,77,441,0.17,ml,2023-02-07 00:00:00,Active
3558,Godrej Lunch Box,Godrej,Kitchen,Lunch Box,158,763.24,1097.09,0,90,80,170,3.56,pcs,2021-02-21 00:00:00,Active
3559,Patanjali Baby Soap,Patanjali,Baby Care,Baby Soap,96,1149.9,1432.18,12,60,60,285,4.5,ml,2024-02-02 00:00:00,Active
3560,Lizol Pet Shampoo,Lizol,Pet Care,Pet Shampoo,425,1463.07,1777.74,12,30,69,370,9.02,kg,2022-08-13 00:00:00,Active
3561,Lizol Biscuits,Lizol,Snacks,Biscuits,136,1335.18,1512.7,0,365,65,414,6.5,kg,2022-07-16 00:00:00,Active
3562,Nestle Paneer,Nestle,Dairy,Paneer,373,1123.46,1715.27,5,60,48,79,6.54,ml,2024-08-15 00:00:00,Active
3563,Mamaearth Cookies,Mamaearth,Snacks,Cookies,186,762.14,1083.66,12,60,49,461,7.8,L,2026-06-06 00:00:00,Active
3564,Amul Chocolate,Amul,Snacks,Chocolate,392,790.42,1071.37,0,90,112,406,7.32,ml,2021-08-02 00:00:00,Active
3565,Mamaearth Juice,Mamaearth,Beverages,Juice,43,970.24,1233.26,5,90,45,190,8.18,g,2021-06-19 00:00:00,Active
3566,Surf Excel Tissue Paper,Surf Excel,Household,Tissue Paper,268,124.31,192.48,18,180,98,372,9.2,g,2023-09-12 00:00:00,Active
3567,Godrej Cookies,Godrej,Snacks,Cookies,199,182.96,238.3,5,30,88,301,7.48,g,2024-01-31 00:00:00,Active
3568,Lizol Baby Soap,Lizol,Baby Care,Baby Soap,103,553.04,762.73,5,180,87,170,7.32,pcs,2021-01-13 00:00:00,Active
3569,Aashirvaad Chocolate,Aashirvaad,Snacks,Chocolate,287,201.08,283.32,0,365,59,228,2.72,g,2024-07-31 00:00:00,Active
3570,Patanjali Cat Food,Patanjali,Pet Care,Cat Food,96,413.49,616.29,12,365,32,116,6.74,pcs,2025-11-09 00:00:00,Active
3571,HUL Diapers,HUL,Baby Care,Diapers,54,489.73,602.43,18,90,53,289,4.31,g,2021-01-31 00:00:00,Active
3572,Sunfeast Cookies,Sunfeast,Snacks,Cookies,409,1522.97,1968.41,12,30,72,353,1.86,ml,2024-07-02 00:00:00,Active
3573,HUL Dog Food,HUL,Pet Care,Dog Food,323,678.25,951.27,12,90,53,378,4.6,L,2025-07-30 00:00:00,Active
3574,Dettol Moong Dal,Dettol,Grocery,Moong Dal,270,478.77,604.68,0,180,73,264,3.19,ml,2025-07-12 00:00:00,Active
3575,Nivea Curd,Nivea,Dairy,Curd,234,1204.68,1410.86,18,30,83,324,7.75,g,2023-01-18 00:00:00,Active
3576,Dabur Hair Oil,Dabur,Personal Care,Hair Oil,66,1152.41,1723.64,12,90,36,196,8.28,pcs,2021-06-05 00:00:00,Active
3577,Patanjali Baby Lotion,Patanjali,Baby Care,Baby Lotion,159,1585.73,2326.23,0,180,74,408,8.31,L,2021-06-24 00:00:00,Active
3578,Nestle Soap,Nestle,Personal Care,Soap,56,1165.84,1595.85,0,30,57,394,7.78,g,2025-11-23 00:00:00,Active
3579,Mamaearth Curd,Mamaearth,Dairy,Curd,482,919,1287.04,12,365,52,194,5.64,kg,2023-11-13 00:00:00,Active
3580,Lizol Namkeen,Lizol,Snacks,Namkeen,251,146.17,219.44,0,90,69,381,5.07,L,2022-02-02 00:00:00,Active
3581,Nestle Coffee,Nestle,Grocery,Coffee,250,1230.85,1527.69,12,30,87,51,6.6,kg,2023-07-26 00:00:00,Active
3582,Dabur Frying Pan,Dabur,Kitchen,Frying Pan,442,312.34,435.13,18,90,32,359,6.22,ml,2024-11-25 00:00:00,Active
3583,Parle Soap,Parle,Personal Care,Soap,216,1254.75,1537.56,12,90,36,470,4.22,L,2020-08-29 00:00:00,Active
3584,Amul Chocolate,Amul,Snacks,Chocolate,450,1672.9,2044.85,18,90,73,141,9.91,kg,2025-05-22 00:00:00,Discontinued
3585,Tata Pressure Cooker,Tata,Kitchen,Pressure Cooker,445,1049.61,1187.17,0,365,118,332,5.16,kg,2026-05-05 00:00:00,Active
3586,Aashirvaad Rice,Aashirvaad,Grocery,Rice,79,1671.02,2199.24,18,365,114,295,6.33,g,2021-03-30 00:00:00,Active
3587,Dettol Juice,Dettol,Beverages,Juice,278,140.88,217.46,0,180,93,427,1.78,g,2023-03-23 00:00:00,Active
3588,Sunfeast Cat Food,Sunfeast,Pet Care,Cat Food,36,313.69,400.74,12,30,94,337,0.69,kg,2023-12-05 00:00:00,Active
3589,Parle Namkeen,Parle,Snacks,Namkeen,421,1121.08,1335.95,12,60,104,336,4.15,L,2023-07-14 00:00:00,Active
3590,Mamaearth Mineral Water,Mamaearth,Beverages,Mineral Water,103,313.98,470.74,18,90,98,215,3.58,kg,2024-02-14 00:00:00,Active
3591,HUL Biscuits,HUL,Snacks,Biscuits,259,656.63,975.19,12,180,39,313,6.53,L,2022-12-08 00:00:00,Active
3592,Colgate Juice,Colgate,Beverages,Juice,180,160.74,221.49,12,365,82,237,2.16,g,2025-09-21 00:00:00,Active
3593,Mamaearth Paneer,Mamaearth,Dairy,Paneer,405,1088.59,1574.03,12,30,74,289,5.71,g,2023-08-02 00:00:00,Active
3594,Pedigree Namkeen,Pedigree,Snacks,Namkeen,350,1408.64,1885.39,0,90,62,485,2.71,pcs,2023-10-06 00:00:00,Active
3595,Pedigree Cheese,Pedigree,Dairy,Cheese,83,1725.74,2283.98,12,90,120,314,3.08,ml,2022-12-02 00:00:00,Active
3596,Britannia Soap,Britannia,Personal Care,Soap,95,1043.73,1247.21,18,90,114,326,8.42,ml,2025-11-07 00:00:00,Active
3597,Nivea Rice,Nivea,Grocery,Rice,234,1153.36,1302.92,0,30,92,304,2.92,g,2024-08-27 00:00:00,Active
3598,Aashirvaad Tissue Paper,Aashirvaad,Household,Tissue Paper,316,1238.82,1737.77,5,90,64,469,9.06,L,2024-06-23 00:00:00,Active
3599,Nivea Baby Lotion,Nivea,Baby Care,Baby Lotion,374,494.34,727.53,0,30,33,223,6.98,pcs,2023-10-04 00:00:00,Active
3600,Parle Energy Drink,Parle,Beverages,Energy Drink,318,502.66,603.45,12,180,106,69,0.15,L,2021-01-27 00:00:00,Active
3601,Dettol Chana Dal,Dettol,Grocery,Chana Dal,138,1628.9,2040.29,18,30,99,234,8.11,ml,2021-01-28 00:00:00,Active
3602,Nivea Cookies,Nivea,Snacks,Cookies,198,870.38,1082.93,5,30,107,322,2.2,ml,2026-01-10 00:00:00,Active
3603,Amul Frying Pan,Amul,Kitchen,Frying Pan,402,1701.33,1974.62,0,30,111,403,8.31,g,2026-03-17 00:00:00,Active
3604,ITC Cat Food,ITC,Pet Care,Cat Food,456,916.23,1349.23,5,30,106,128,1.65,kg,2022-11-01 00:00:00,Active
3605,Dettol Cat Food,Dettol,Pet Care,Cat Food,423,459.81,709.56,18,365,119,384,7.53,pcs,2025-06-15 00:00:00,Active
3606,Dettol Baby Soap,Dettol,Baby Care,Baby Soap,72,657.46,837.35,12,365,72,335,3.31,ml,2020-09-16 00:00:00,Active
3607,Colgate Detergent,Colgate,Household,Detergent,496,1375.54,1698.75,18,365,41,386,4.07,pcs,2024-02-15 00:00:00,Active
3608,Britannia Juice,Britannia,Beverages,Juice,134,110.95,140.65,18,90,63,484,2.57,L,2025-05-01 00:00:00,Active
3609,Parle Bottle,Parle,Kitchen,Bottle,500,1059.16,1475.66,12,90,78,53,2.94,kg,2022-03-15 00:00:00,Active
3610,Britannia Toothpaste,Britannia,Personal Care,Toothpaste,109,602.16,867.37,5,180,25,268,6.07,L,2021-06-22 00:00:00,Active
3611,Nestle Cheese,Nestle,Dairy,Cheese,102,1069.11,1495.45,18,90,103,365,3.55,pcs,2021-10-18 00:00:00,Active
3612,Surf Excel Chocolate,Surf Excel,Snacks,Chocolate,127,1691.48,2378.26,5,90,29,365,6.71,ml,2021-01-20 00:00:00,Active
3613,ITC Pet Shampoo,ITC,Pet Care,Pet Shampoo,56,159.55,179.09,18,180,109,451,4.66,g,2024-04-15 00:00:00,Active
3614,Pedigree Hair Oil,Pedigree,Personal Care,Hair Oil,267,1750.18,2611.99,12,365,39,274,1.08,L,2022-01-14 00:00:00,Active
3615,Lizol Baby Soap,Lizol,Baby Care,Baby Soap,497,466.42,643.62,12,180,69,406,9.49,pcs,2022-06-22 00:00:00,Active
3616,ITC Lunch Box,ITC,Kitchen,Lunch Box,359,712.87,1024.42,18,180,69,207,9.68,L,2021-09-04 00:00:00,Active
3617,Fortune Tea,Fortune,Grocery,Tea,213,352.46,514.4,12,60,112,84,9.06,ml,2022-08-28 00:00:00,Active
3618,Amul Poha,Amul,Grocery,Poha,34,1549.28,1864.25,5,180,22,239,3.25,ml,2021-04-23 00:00:00,Active
3619,Fortune Chocolate,Fortune,Snacks,Chocolate,276,1668.69,2314.65,18,180,93,214,3.81,kg,2025-05-20 00:00:00,Active
3620,HUL Baby Lotion,HUL,Baby Care,Baby Lotion,231,77.02,103.43,5,30,120,316,6.98,g,2023-11-25 00:00:00,Active
3621,Dabur Soap,Dabur,Personal Care,Soap,134,1329.79,1926.76,12,365,111,138,2.1,L,2023-06-27 00:00:00,Active
3622,Dabur Suji,Dabur,Grocery,Suji,256,530.82,667.39,0,30,118,246,9.94,ml,2020-10-18 00:00:00,Active
3623,Nestle Mineral Water,Nestle,Beverages,Mineral Water,65,1640.07,2036.45,18,60,37,303,7.04,g,2022-03-11 00:00:00,Active
3624,Britannia Cat Food,Britannia,Pet Care,Cat Food,23,246.53,354.94,18,30,119,373,8.55,ml,2021-06-21 00:00:00,Active
3625,Patanjali Toothpaste,Patanjali,Personal Care,Toothpaste,2,385.62,544.6,5,180,46,175,7.27,ml,2021-12-31 00:00:00,Active
3626,Mamaearth Baby Powder,Mamaearth,Baby Care,Baby Powder,254,1451.38,2039.92,0,60,62,127,1.04,kg,2025-10-12 00:00:00,Active
3627,Nestle Mineral Water,Nestle,Beverages,Mineral Water,343,862.6,1207.07,18,365,66,72,2.71,L,2020-08-04 00:00:00,Active
3628,Britannia Namkeen,Britannia,Snacks,Namkeen,421,1145.8,1653.39,5,90,56,385,4.76,g,2022-08-08 00:00:00,Active
3629,HUL Dishwash Liquid,HUL,Household,Dishwash Liquid,40,96.14,124.44,0,60,98,58,0.14,L,2023-11-19 00:00:00,Active
3630,Tata Namkeen,Tata,Snacks,Namkeen,138,1524.47,1815.65,0,365,82,68,7.54,ml,2025-10-01 00:00:00,Active
3631,Aashirvaad Soft Drink,Aashirvaad,Beverages,Soft Drink,123,668.28,851.27,12,365,91,82,5.31,g,2025-12-06 00:00:00,Active
3632,Fortune Energy Drink,Fortune,Beverages,Energy Drink,287,960.83,1237.07,0,30,64,416,3.66,g,2025-06-02 00:00:00,Active
3633,Dettol Juice,Dettol,Beverages,Juice,65,1128.39,1620.13,18,180,20,345,6.77,kg,2024-10-28 00:00:00,Active
3634,Amul Cat Food,Amul,Pet Care,Cat Food,8,198.12,290.67,12,180,106,479,3.98,L,2024-02-22 00:00:00,Active
3635,Sunfeast Poha,Sunfeast,Grocery,Poha,445,591.69,900.15,18,60,40,153,1.78,g,2023-12-14 00:00:00,Active
3636,Britannia Juice,Britannia,Beverages,Juice,294,727.74,1031.05,0,30,74,486,5.68,kg,2023-06-25 00:00:00,Active
3637,HUL Energy Drink,HUL,Beverages,Energy Drink,344,621.69,717.29,0,90,111,125,8.35,g,2020-08-02 00:00:00,Active
3638,Parle Curd,Parle,Dairy,Curd,348,401.09,544.73,0,90,20,416,7.74,L,2022-01-02 00:00:00,Active
3639,Parle Shampoo,Parle,Personal Care,Shampoo,88,481.33,662.16,12,60,22,126,2.39,g,2025-01-03 00:00:00,Active
3640,Amul Rice,Amul,Grocery,Rice,270,187.27,220.16,5,365,104,394,1.7,g,2021-02-04 00:00:00,Active
3641,Nestle Pet Shampoo,Nestle,Pet Care,Pet Shampoo,118,1289.75,1573.93,5,365,61,244,1.25,ml,2021-03-02 00:00:00,Discontinued
3642,Godrej Chocolate,Godrej,Snacks,Chocolate,141,1611.27,2287.07,18,180,68,196,0.65,pcs,2020-12-27 00:00:00,Active
3643,Mamaearth Cat Food,Mamaearth,Pet Care,Cat Food,36,1682.08,2039.82,12,30,90,146,0.1,ml,2025-09-01 00:00:00,Active
3644,HUL Chana Dal,HUL,Grocery,Chana Dal,29,1614.58,1973.21,5,180,44,112,7.24,L,2025-06-13 00:00:00,Active
3645,ITC Namkeen,ITC,Snacks,Namkeen,400,889.44,1352.82,5,180,43,350,1.54,L,2022-06-14 00:00:00,Active
3646,Lizol Frying Pan,Lizol,Kitchen,Frying Pan,101,1278.23,1907.03,5,90,44,307,1.65,L,2024-11-03 00:00:00,Active
3647,Dabur Biscuits,Dabur,Snacks,Biscuits,438,1785.02,2725.44,5,60,86,419,7.89,g,2023-05-10 00:00:00,Active
3648,Dabur Floor Cleaner,Dabur,Household,Floor Cleaner,15,403.19,555.84,18,60,82,398,0.37,pcs,2021-06-20 00:00:00,Active
3649,Nestle Soap,Nestle,Personal Care,Soap,88,1797.63,2244.69,12,90,40,144,5.94,g,2022-05-14 00:00:00,Active
3650,Dettol Tissue Paper,Dettol,Household,Tissue Paper,422,1220.5,1641.12,5,365,110,166,9.06,L,2023-11-15 00:00:00,Active
3651,Pedigree Baby Powder,Pedigree,Baby Care,Baby Powder,489,1249.45,1505.02,18,90,34,230,9.24,L,2024-01-23 00:00:00,Active
3652,Surf Excel Soft Drink,Surf Excel,Beverages,Soft Drink,299,812.5,1134.97,12,365,30,424,9.07,pcs,2024-12-16 00:00:00,Active
3653,Mamaearth Juice,Mamaearth,Beverages,Juice,288,1155.63,1427.46,18,90,93,226,0.69,g,2025-10-28 00:00:00,Active
3654,HUL Dog Food,HUL,Pet Care,Dog Food,98,339.7,482.44,0,30,81,52,5.64,kg,2021-09-10 00:00:00,Active
3655,Fortune Hair Oil,Fortune,Personal Care,Hair Oil,239,717.96,945.01,12,60,115,367,1.07,pcs,2022-12-21 00:00:00,Active
3656,Tata Tissue Paper,Tata,Household,Tissue Paper,196,88.79,123.8,5,60,78,482,9.39,kg,2024-11-03 00:00:00,Active
3657,Tata Floor Cleaner,Tata,Household,Floor Cleaner,362,1448.09,2017.35,12,30,34,431,6.71,L,2020-11-20 00:00:00,Active
3658,Fortune Baby Powder,Fortune,Baby Care,Baby Powder,338,1761.55,2081.13,18,180,73,380,5.12,pcs,2023-04-28 00:00:00,Active
3659,Aashirvaad Suji,Aashirvaad,Grocery,Suji,19,1029.64,1287,5,60,74,470,2.74,L,2025-08-09 00:00:00,Active
3660,Parle Floor Cleaner,Parle,Household,Floor Cleaner,436,56.88,71.54,5,60,72,374,0.76,g,2023-11-11 00:00:00,Active
3661,Patanjali Suji,Patanjali,Grocery,Suji,456,869.04,1102.33,12,60,35,72,6.13,L,2022-11-26 00:00:00,Active
3662,Amul Baby Powder,Amul,Baby Care,Baby Powder,187,1120.09,1684.73,5,30,115,145,1.72,L,2023-05-19 00:00:00,Active
3663,Mamaearth Baby Soap,Mamaearth,Baby Care,Baby Soap,238,807.93,1057.06,0,180,76,383,6.3,ml,2021-05-22 00:00:00,Active
3664,Colgate Chocolate,Colgate,Snacks,Chocolate,19,1134.65,1694.84,18,30,78,318,0.89,kg,2021-08-09 00:00:00,Active
3665,Parle Atta,Parle,Grocery,Atta,149,540.37,800.24,0,90,70,360,6.44,g,2024-01-27 00:00:00,Active
3666,Fortune Lunch Box,Fortune,Kitchen,Lunch Box,14,1293.88,1812.41,12,90,94,85,8.28,kg,2023-06-12 00:00:00,Active
3667,Fortune Juice,Fortune,Beverages,Juice,16,1652.77,1974.04,12,365,96,156,0.26,ml,2020-08-04 00:00:00,Active
3668,Parle Soap,Parle,Personal Care,Soap,344,145.99,192.29,12,60,29,64,8.03,L,2021-08-12 00:00:00,Active
3669,Tata Juice,Tata,Beverages,Juice,282,1314.37,1762.35,12,30,69,262,0.25,ml,2025-04-28 00:00:00,Active
3670,Godrej Detergent,Godrej,Household,Detergent,177,222.09,298.63,0,90,71,60,5.71,kg,2023-03-26 00:00:00,Active
3671,Lizol Namkeen,Lizol,Snacks,Namkeen,176,107.37,127.46,5,365,69,108,1.14,L,2022-06-11 00:00:00,Active
3672,Dabur Butter,Dabur,Dairy,Butter,50,1559.06,2061.82,12,60,116,239,6.2,L,2023-04-15 00:00:00,Active
3673,Colgate Baby Lotion,Colgate,Baby Care,Baby Lotion,131,1734.82,1950.77,18,60,60,228,2.23,kg,2025-02-08 00:00:00,Active
3674,Dabur Dog Food,Dabur,Pet Care,Dog Food,165,274.94,359.8,0,365,102,206,3.28,g,2021-09-20 00:00:00,Active
3675,Surf Excel Tea,Surf Excel,Grocery,Tea,379,794.97,1160.82,18,365,36,212,7.68,g,2024-03-02 00:00:00,Active
3676,Nestle Baby Lotion,Nestle,Baby Care,Baby Lotion,299,1214.79,1842.58,5,30,95,100,9.44,L,2026-04-23 00:00:00,Active
3677,Pedigree Coffee,Pedigree,Grocery,Coffee,428,1234.17,1442.91,18,30,95,119,6.65,g,2023-07-05 00:00:00,Active
3678,ITC Cat Food,ITC,Pet Care,Cat Food,463,613.74,843.4,12,365,39,459,3.62,g,2021-06-22 00:00:00,Active
3679,Parle Detergent,Parle,Household,Detergent,89,738.24,909.55,18,60,88,413,4.39,pcs,2025-11-22 00:00:00,Active
3680,Nivea Baby Soap,Nivea,Baby Care,Baby Soap,172,126.66,146.38,0,60,92,377,7.32,ml,2021-03-19 00:00:00,Active
3681,Amul Shampoo,Amul,Personal Care,Shampoo,255,1328.63,1769.56,5,180,78,284,5.13,kg,2026-05-04 00:00:00,Active
3682,Godrej Knife,Godrej,Kitchen,Knife,406,1729.74,2311.67,5,90,30,416,6.98,g,2022-05-26 00:00:00,Active
3683,Dettol Paneer,Dettol,Dairy,Paneer,93,1043.75,1193.58,5,180,69,92,8.3,ml,2022-01-06 00:00:00,Active
3684,Dettol Atta,Dettol,Grocery,Atta,302,1489.88,2256.17,12,30,106,121,3.88,ml,2023-09-10 00:00:00,Active
3685,Mamaearth Lunch Box,Mamaearth,Kitchen,Lunch Box,45,770.54,899.57,0,365,54,50,6.77,pcs,2021-10-06 00:00:00,Active
3686,Sunfeast Namkeen,Sunfeast,Snacks,Namkeen,211,1618.26,1963,0,365,73,167,8.89,g,2025-04-25 00:00:00,Active
3687,Sunfeast Detergent,Sunfeast,Household,Detergent,253,713.01,922.56,18,30,111,224,3.61,pcs,2021-05-30 00:00:00,Active
3688,Britannia Moong Dal,Britannia,Grocery,Moong Dal,112,1226.62,1401.95,0,180,100,368,1.95,kg,2020-10-27 00:00:00,Active
3689,Tata Pressure Cooker,Tata,Kitchen,Pressure Cooker,457,1770.62,2716.57,18,90,59,459,0.87,pcs,2021-09-05 00:00:00,Active
3690,Godrej Curd,Godrej,Dairy,Curd,25,391.96,450.09,12,30,109,142,6,pcs,2020-12-30 00:00:00,Active
3691,Sunfeast Cooking Oil,Sunfeast,Grocery,Cooking Oil,323,179.6,210.24,0,90,98,499,5.41,ml,2022-07-10 00:00:00,Active
3692,Amul Hair Oil,Amul,Personal Care,Hair Oil,48,438.06,648.4,18,180,55,338,8.35,kg,2020-12-30 00:00:00,Discontinued
3693,Dettol Cat Food,Dettol,Pet Care,Cat Food,355,609.12,688.31,0,90,44,472,4.99,g,2023-08-20 00:00:00,Active
3694,Dettol Paneer,Dettol,Dairy,Paneer,441,647.63,987.02,5,60,99,214,0.62,pcs,2023-01-20 00:00:00,Active
3695,Britannia Lunch Box,Britannia,Kitchen,Lunch Box,31,1634.34,2495.86,5,180,83,199,5.6,ml,2022-05-21 00:00:00,Active
3696,Tata Diapers,Tata,Baby Care,Diapers,167,1538.36,2233.65,0,90,51,182,6.65,ml,2022-04-29 00:00:00,Active
3697,Amul Namkeen,Amul,Snacks,Namkeen,235,939.84,1121.64,0,30,46,302,5.44,kg,2025-09-13 00:00:00,Active
3698,Amul Soft Drink,Amul,Beverages,Soft Drink,132,912.46,1354.31,0,180,21,355,6.89,kg,2023-08-18 00:00:00,Active
3699,Surf Excel Tissue Paper,Surf Excel,Household,Tissue Paper,59,969.56,1418.11,18,180,30,338,0.28,ml,2024-09-23 00:00:00,Active
3700,Britannia Hair Oil,Britannia,Personal Care,Hair Oil,148,516.04,751.95,18,30,75,381,1.5,g,2021-11-20 00:00:00,Discontinued
3701,Colgate Dog Food,Colgate,Pet Care,Dog Food,400,201.81,255.57,0,60,112,245,0.29,g,2023-01-15 00:00:00,Active
3702,Tata Face Wash,Tata,Personal Care,Face Wash,463,1302.04,1785.66,0,365,95,212,3.89,pcs,2025-06-19 00:00:00,Active
3703,Mamaearth Hair Oil,Mamaearth,Personal Care,Hair Oil,343,1617.33,2402.41,18,90,65,147,8.78,kg,2023-01-23 00:00:00,Active
3704,Nivea Biscuits,Nivea,Snacks,Biscuits,44,539.85,706.98,12,90,52,164,7.35,g,2020-11-27 00:00:00,Active
3705,Sunfeast Dog Food,Sunfeast,Pet Care,Dog Food,318,1391.48,1944.95,0,365,62,274,3.46,ml,2024-10-22 00:00:00,Active
3706,Patanjali Cat Food,Patanjali,Pet Care,Cat Food,335,201.87,288.19,12,60,110,343,0.26,g,2023-06-11 00:00:00,Active
3707,Nivea Namkeen,Nivea,Snacks,Namkeen,434,1687.25,2137.77,5,90,71,420,9.51,kg,2022-11-20 00:00:00,Active
3708,Colgate Chips,Colgate,Snacks,Chips,421,893.11,1282.61,18,30,31,60,3.84,ml,2023-02-10 00:00:00,Active
3709,Dettol Frying Pan,Dettol,Kitchen,Frying Pan,159,911.14,1083.19,5,90,73,234,5.57,pcs,2025-04-26 00:00:00,Active
3710,Britannia Dishwash Liquid,Britannia,Household,Dishwash Liquid,151,1135.9,1419,12,30,108,169,8.82,pcs,2026-07-27 00:00:00,Active
3711,Godrej Knife,Godrej,Kitchen,Knife,200,687.96,1051.09,0,365,35,181,3.01,pcs,2025-04-01 00:00:00,Active
3712,Pedigree Sugar,Pedigree,Grocery,Sugar,116,1284.38,1876.83,5,365,110,164,8.67,L,2022-06-04 00:00:00,Active
3713,Lizol Juice,Lizol,Beverages,Juice,409,44.73,67.25,0,365,25,457,2.99,pcs,2021-11-17 00:00:00,Active
3714,Amul Lunch Box,Amul,Kitchen,Lunch Box,364,150.13,172.16,5,60,55,464,3.26,g,2020-11-25 00:00:00,Active
3715,Godrej Chocolate,Godrej,Snacks,Chocolate,261,634.51,916.26,5,60,119,304,5.64,kg,2024-07-14 00:00:00,Active
3716,Fortune Pet Shampoo,Fortune,Pet Care,Pet Shampoo,235,273.3,347.23,12,60,87,482,1.42,g,2022-12-04 00:00:00,Active
3717,Britannia Poha,Britannia,Grocery,Poha,229,806.26,1051.33,12,90,20,67,7.8,g,2026-05-18 00:00:00,Discontinued
3718,Sunfeast Tissue Paper,Sunfeast,Household,Tissue Paper,201,1287.67,1803.37,18,60,47,249,0.77,g,2026-05-16 00:00:00,Discontinued
3719,ITC Cat Food,ITC,Pet Care,Cat Food,48,1791.24,2595.02,18,60,39,365,3.23,ml,2022-10-28 00:00:00,Active
3720,Dabur Hair Oil,Dabur,Personal Care,Hair Oil,124,1729.92,2134.21,18,90,89,225,0.84,pcs,2023-09-11 00:00:00,Active
3721,Tata Pet Shampoo,Tata,Pet Care,Pet Shampoo,31,1344.08,1779.36,18,30,53,495,9.13,kg,2022-05-25 00:00:00,Active
3722,Pedigree Soap,Pedigree,Personal Care,Soap,372,689.47,779.81,0,30,113,351,1.64,ml,2022-03-09 00:00:00,Active
3723,Pedigree Mineral Water,Pedigree,Beverages,Mineral Water,65,1183.77,1542.98,18,365,51,370,8.09,pcs,2022-12-19 00:00:00,Active
3724,Aashirvaad Cat Food,Aashirvaad,Pet Care,Cat Food,153,480.36,565.7,18,30,56,226,1.23,g,2021-03-29 00:00:00,Active
3725,Nivea Sugar,Nivea,Grocery,Sugar,420,1170.77,1393.51,12,180,63,142,5.74,ml,2024-09-22 00:00:00,Active
3726,Dettol Baby Powder,Dettol,Baby Care,Baby Powder,346,675.16,829.29,12,30,49,448,3.12,pcs,2023-06-08 00:00:00,Active
3727,Tata Energy Drink,Tata,Beverages,Energy Drink,205,1122.01,1415.5,12,60,43,401,0.59,pcs,2026-01-03 00:00:00,Active
3728,Godrej Moong Dal,Godrej,Grocery,Moong Dal,204,1595.51,2126.49,12,365,110,407,2.09,kg,2020-08-17 00:00:00,Active
3729,Sunfeast Lunch Box,Sunfeast,Kitchen,Lunch Box,85,1393.94,2084.96,18,30,54,489,2.48,pcs,2025-01-21 00:00:00,Active
3730,Dettol Chocolate,Dettol,Snacks,Chocolate,394,127.06,190.17,5,90,103,382,7.8,g,2023-03-16 00:00:00,Active
3731,HUL Pet Shampoo,HUL,Pet Care,Pet Shampoo,447,995.17,1247.56,5,90,27,129,6.19,L,2023-09-24 00:00:00,Active
3732,Fortune Pressure Cooker,Fortune,Kitchen,Pressure Cooker,198,1262.5,1693.89,0,365,111,281,4.07,L,2021-03-22 00:00:00,Active
3733,Dabur Namkeen,Dabur,Snacks,Namkeen,54,563.61,826.39,0,90,77,331,4.62,ml,2024-07-14 00:00:00,Active
3734,Aashirvaad Pressure Cooker,Aashirvaad,Kitchen,Pressure Cooker,453,1602.3,1879.04,18,60,28,429,4.94,ml,2026-03-29 00:00:00,Active
3735,Surf Excel Curd,Surf Excel,Dairy,Curd,150,1304.65,1572,0,60,29,341,6.94,kg,2021-10-17 00:00:00,Active
3736,Colgate Baby Lotion,Colgate,Baby Care,Baby Lotion,339,317.76,457.92,18,365,112,329,5.27,pcs,2022-03-09 00:00:00,Active
3737,Sunfeast Diapers,Sunfeast,Baby Care,Diapers,258,322.54,463.4,5,60,59,287,5.74,g,2022-03-02 00:00:00,Active
3738,Nivea Cat Food,Nivea,Pet Care,Cat Food,352,771.14,877.74,18,30,70,481,4.49,L,2026-03-30 00:00:00,Active
3739,Pedigree Tissue Paper,Pedigree,Household,Tissue Paper,190,266.58,350.85,5,60,60,127,6.02,kg,2022-06-24 00:00:00,Discontinued
3740,Patanjali Coffee,Patanjali,Grocery,Coffee,398,536.78,617.39,18,60,52,224,2.77,L,2022-09-12 00:00:00,Active
3741,Tata Milk,Tata,Dairy,Milk,96,1578.32,2119.2,5,30,91,107,8.28,L,2021-03-11 00:00:00,Active
3742,Amul Cheese,Amul,Dairy,Cheese,234,819.94,927.5,18,180,105,360,2.05,kg,2023-06-13 00:00:00,Active
3743,Aashirvaad Baby Soap,Aashirvaad,Baby Care,Baby Soap,205,450.16,542.2,12,60,64,215,9.88,g,2024-03-08 00:00:00,Active
3744,Dabur Soft Drink,Dabur,Beverages,Soft Drink,52,1470.4,1702.83,5,90,58,407,4.09,L,2021-05-28 00:00:00,Active
3745,Mamaearth Paneer,Mamaearth,Dairy,Paneer,435,1065.94,1471.3,18,180,25,169,1.04,ml,2022-05-08 00:00:00,Active
3746,Tata Baby Powder,Tata,Baby Care,Baby Powder,35,1000.07,1200.33,12,60,62,206,3.77,g,2025-09-21 00:00:00,Active
3747,Surf Excel Pet Shampoo,Surf Excel,Pet Care,Pet Shampoo,499,935.38,1370.81,5,180,84,271,2.43,L,2024-10-07 00:00:00,Discontinued
3748,Mamaearth Toothpaste,Mamaearth,Personal Care,Toothpaste,339,921.35,1078.29,18,60,116,117,7.86,ml,2023-12-04 00:00:00,Active
3749,Sunfeast Chips,Sunfeast,Snacks,Chips,141,1479.92,2156.62,5,365,57,125,6.2,g,2021-03-28 00:00:00,Active
3750,Dabur Cheese,Dabur,Dairy,Cheese,109,490.45,604.69,12,30,75,358,6.67,pcs,2024-06-14 00:00:00,Active
3751,Mamaearth Coffee,Mamaearth,Grocery,Coffee,69,1332.08,1779.84,0,30,37,59,2.23,g,2026-05-19 00:00:00,Active
3752,Mamaearth Knife,Mamaearth,Kitchen,Knife,451,1365.72,2100.39,0,30,67,51,7.83,L,2021-12-28 00:00:00,Active
3753,Colgate Face Wash,Colgate,Personal Care,Face Wash,386,155.35,211.32,0,180,85,67,9.51,kg,2024-02-28 00:00:00,Active
3754,Aashirvaad Rice,Aashirvaad,Grocery,Rice,446,1232.64,1749.98,18,365,22,90,8.06,g,2025-08-18 00:00:00,Active
3755,HUL Shampoo,HUL,Personal Care,Shampoo,253,758.07,1147.53,12,60,43,102,7.38,kg,2026-05-02 00:00:00,Active
3756,Mamaearth Dishwash Liquid,Mamaearth,Household,Dishwash Liquid,336,608.29,846.43,5,365,30,438,6.87,pcs,2024-10-05 00:00:00,Active
3757,Sunfeast Cheese,Sunfeast,Dairy,Cheese,319,1518.77,2349.43,0,365,28,170,3.85,kg,2023-05-26 00:00:00,Active
3758,Mamaearth Baby Soap,Mamaearth,Baby Care,Baby Soap,424,244.97,370.09,12,365,58,327,6.38,ml,2026-01-24 00:00:00,Active
3759,Colgate Atta,Colgate,Grocery,Atta,388,1486.73,1673.83,0,90,104,160,9.9,ml,2021-06-04 00:00:00,Active
3760,Patanjali Baby Soap,Patanjali,Baby Care,Baby Soap,433,1101.11,1405.55,5,90,97,302,2.15,kg,2022-06-29 00:00:00,Active
3761,Nestle Baby Lotion,Nestle,Baby Care,Baby Lotion,412,678.33,857.38,0,90,48,141,7.96,L,2022-09-24 00:00:00,Active
3762,Nivea Cookies,Nivea,Snacks,Cookies,332,991.02,1475.76,0,90,96,303,0.53,ml,2021-05-13 00:00:00,Active
3763,Tata Dishwash Liquid,Tata,Household,Dishwash Liquid,208,1767.12,2053.08,5,60,111,194,0.41,L,2021-02-27 00:00:00,Active
3764,Fortune Pet Shampoo,Fortune,Pet Care,Pet Shampoo,290,193.04,291.88,5,90,45,340,1.07,kg,2021-05-18 00:00:00,Active
3765,Sunfeast Butter,Sunfeast,Dairy,Butter,320,903.24,1278.54,12,60,29,309,9.15,L,2026-02-09 00:00:00,Active
3766,Godrej Baby Lotion,Godrej,Baby Care,Baby Lotion,134,1255.65,1508.45,5,365,21,66,9.97,pcs,2022-11-24 00:00:00,Active
3767,Parle Frying Pan,Parle,Kitchen,Frying Pan,277,597.91,904.04,12,180,85,454,2.08,pcs,2023-11-08 00:00:00,Active
3768,Patanjali Dog Food,Patanjali,Pet Care,Dog Food,43,822.17,993.71,5,30,67,332,7.92,ml,2025-12-29 00:00:00,Active
3769,Tata Hair Oil,Tata,Personal Care,Hair Oil,130,381.38,437.24,18,365,29,461,1.97,kg,2026-01-12 00:00:00,Active
3770,Godrej Detergent,Godrej,Household,Detergent,37,40.45,46.3,0,60,110,482,7.12,kg,2025-05-26 00:00:00,Active
3771,Britannia Rice,Britannia,Grocery,Rice,184,1743.49,2338.58,12,30,112,485,7.73,g,2025-07-23 00:00:00,Active
3772,Nestle Hair Oil,Nestle,Personal Care,Hair Oil,146,29.98,42.93,12,60,60,217,8.85,pcs,2025-11-17 00:00:00,Active
3773,Colgate Dishwash Liquid,Colgate,Household,Dishwash Liquid,480,154.8,191.28,5,365,89,278,0.71,kg,2023-01-31 00:00:00,Active
3774,Aashirvaad Chips,Aashirvaad,Snacks,Chips,255,274.98,338.22,18,30,34,99,8.86,L,2022-07-07 00:00:00,Active
3775,Godrej Soft Drink,Godrej,Beverages,Soft Drink,208,1353.99,1538.47,12,60,106,260,8.15,g,2026-04-26 00:00:00,Active
3776,Surf Excel Baby Soap,Surf Excel,Baby Care,Baby Soap,327,172.15,244.82,0,30,29,82,1.73,g,2024-03-21 00:00:00,Active
3777,Colgate Atta,Colgate,Grocery,Atta,173,826.74,1219.45,12,180,103,287,9.07,g,2025-05-21 00:00:00,Active
3778,Surf Excel Energy Drink,Surf Excel,Beverages,Energy Drink,158,563.76,702.54,12,180,41,139,8.04,kg,2022-09-08 00:00:00,Active
3779,Britannia Hair Oil,Britannia,Personal Care,Hair Oil,346,575.1,693.5,0,90,113,364,3.74,pcs,2022-11-13 00:00:00,Active
3780,Surf Excel Shampoo,Surf Excel,Personal Care,Shampoo,119,1159.32,1515.78,18,60,62,278,4.97,kg,2021-01-05 00:00:00,Active
3781,Dabur Lunch Box,Dabur,Kitchen,Lunch Box,63,848.35,1297.98,0,90,94,90,9.17,L,2026-06-15 00:00:00,Active
3782,Tata Pressure Cooker,Tata,Kitchen,Pressure Cooker,160,621.14,720,12,90,41,368,4.3,g,2021-03-09 00:00:00,Active
3783,Nestle Biscuits,Nestle,Snacks,Biscuits,157,878.79,1032.69,5,90,119,318,4.85,g,2023-08-08 00:00:00,Active
3784,Dabur Poha,Dabur,Grocery,Poha,39,55.15,65.44,18,60,69,210,7.77,g,2022-09-03 00:00:00,Active
3785,Fortune Chips,Fortune,Snacks,Chips,265,1130.84,1675.49,0,60,33,198,3.69,ml,2024-12-16 00:00:00,Active
3786,Britannia Floor Cleaner,Britannia,Household,Floor Cleaner,144,405.34,608.01,0,60,22,57,1.24,g,2026-06-05 00:00:00,Active
3787,Fortune Baby Soap,Fortune,Baby Care,Baby Soap,239,345.07,428.32,18,365,106,497,6.8,L,2021-06-30 00:00:00,Active
3788,Lizol Biscuits,Lizol,Snacks,Biscuits,339,1738.92,1965.19,5,180,26,429,3.13,ml,2024-05-02 00:00:00,Active
3789,Mamaearth Pet Shampoo,Mamaearth,Pet Care,Pet Shampoo,231,1328.82,1784.34,5,90,71,393,5.96,L,2020-09-20 00:00:00,Active
3790,Amul Mineral Water,Amul,Beverages,Mineral Water,403,1539.48,2181.64,12,365,99,244,4.57,ml,2022-03-08 00:00:00,Active
3791,Mamaearth Soft Drink,Mamaearth,Beverages,Soft Drink,21,748.42,846.69,18,30,33,365,8.65,ml,2024-12-01 00:00:00,Active
3792,Parle Floor Cleaner,Parle,Household,Floor Cleaner,453,96.18,110.45,18,30,113,194,1.51,L,2023-12-18 00:00:00,Active
3793,Parle Soft Drink,Parle,Beverages,Soft Drink,414,390.26,529.71,12,60,47,107,4.12,kg,2023-06-22 00:00:00,Active
3794,Fortune Diapers,Fortune,Baby Care,Diapers,212,1225.6,1852.89,18,30,82,108,1.21,pcs,2022-05-09 00:00:00,Active
3795,Nestle Detergent,Nestle,Household,Detergent,463,225.1,299.94,18,60,50,348,0.69,g,2024-08-09 00:00:00,Active
3796,Surf Excel Dishwash Liquid,Surf Excel,Household,Dishwash Liquid,155,730.16,874.85,5,60,71,495,1.86,L,2025-07-19 00:00:00,Active
3797,Fortune Frying Pan,Fortune,Kitchen,Frying Pan,436,1284.6,1847.94,5,180,28,465,2.88,pcs,2022-09-06 00:00:00,Active
3798,Amul Tea,Amul,Grocery,Tea,322,652.2,925.01,0,30,83,320,2.66,L,2023-02-28 00:00:00,Active
3799,Lizol Sugar,Lizol,Grocery,Sugar,309,1488.16,2161.94,12,60,55,207,9.38,ml,2022-09-25 00:00:00,Active
3800,Sunfeast Energy Drink,Sunfeast,Beverages,Energy Drink,159,778.56,889.45,18,180,34,111,5.43,kg,2026-03-28 00:00:00,Active
3801,Lizol Knife,Lizol,Kitchen,Knife,152,1294.57,1808.75,18,180,56,351,4.23,pcs,2023-01-01 00:00:00,Active
3802,Dettol Floor Cleaner,Dettol,Household,Floor Cleaner,125,1614.32,2288.13,0,365,86,103,3.24,ml,2023-05-17 00:00:00,Active
3803,Patanjali Soap,Patanjali,Personal Care,Soap,393,1427.18,1768.61,12,90,104,274,6.01,kg,2024-09-25 00:00:00,Active
3804,Dettol Cooking Oil,Dettol,Grocery,Cooking Oil,324,1160.86,1715.68,12,90,46,63,9.91,kg,2023-08-03 00:00:00,Active
3805,Nestle Paneer,Nestle,Dairy,Paneer,180,285.16,340.48,5,30,101,143,5.79,pcs,2025-11-12 00:00:00,Active
3806,Parle Pet Shampoo,Parle,Pet Care,Pet Shampoo,176,476.12,608.34,5,90,33,305,4.74,pcs,2020-11-17 00:00:00,Active
3807,Sunfeast Floor Cleaner,Sunfeast,Household,Floor Cleaner,451,564.84,670.44,12,60,76,207,1.63,g,2025-08-31 00:00:00,Active
3808,Parle Sugar,Parle,Grocery,Sugar,215,106.55,122.67,12,365,71,71,4.63,ml,2020-12-20 00:00:00,Active
3809,Nestle Poha,Nestle,Grocery,Poha,215,1307.66,1753.34,0,365,72,281,9.51,ml,2021-06-25 00:00:00,Active
3810,Mamaearth Rice,Mamaearth,Grocery,Rice,61,440.94,524.34,12,180,112,479,9.9,g,2025-09-30 00:00:00,Active
3811,Amul Moong Dal,Amul,Grocery,Moong Dal,204,769.12,976.3,18,30,106,419,7.7,L,2023-11-12 00:00:00,Active
3812,Godrej Bottle,Godrej,Kitchen,Bottle,204,1209.95,1421.01,12,365,53,86,1.12,kg,2021-03-13 00:00:00,Active
3813,Nivea Chips,Nivea,Snacks,Chips,383,1031.96,1373.97,0,90,27,454,4.18,g,2021-10-16 00:00:00,Active
3814,Nestle Paneer,Nestle,Dairy,Paneer,162,1258.3,1858.54,0,365,68,292,5.94,g,2023-01-22 00:00:00,Active
3815,Aashirvaad Baby Lotion,Aashirvaad,Baby Care,Baby Lotion,42,948.57,1206.65,12,60,54,141,1.88,ml,2024-03-07 00:00:00,Active
3816,ITC Shampoo,ITC,Personal Care,Shampoo,234,1425.2,1623.95,18,60,41,123,5.66,L,2025-10-23 00:00:00,Active
3817,Mamaearth Garbage Bags,Mamaearth,Household,Garbage Bags,478,358.57,463.31,12,60,89,422,4.04,kg,2024-10-05 00:00:00,Active
3818,Surf Excel Diapers,Surf Excel,Baby Care,Diapers,258,818.64,992.01,0,30,33,82,8.08,kg,2020-11-20 00:00:00,Active
3819,Parle Chocolate,Parle,Snacks,Chocolate,187,1701.79,2293.57,5,60,46,288,4.99,kg,2021-02-27 00:00:00,Active
3820,Sunfeast Pressure Cooker,Sunfeast,Kitchen,Pressure Cooker,136,1180.58,1641.65,12,365,107,362,4.05,L,2024-06-15 00:00:00,Active
3821,Dabur Soap,Dabur,Personal Care,Soap,381,761.35,982.36,12,90,100,209,1.38,pcs,2021-08-28 00:00:00,Active
3822,Parle Dog Food,Parle,Pet Care,Dog Food,344,230.57,345.87,18,30,114,247,6.17,kg,2024-10-08 00:00:00,Active
3823,Britannia Baby Lotion,Britannia,Baby Care,Baby Lotion,219,280.64,388.02,12,90,57,92,5.91,kg,2026-04-24 00:00:00,Active
3824,Lizol Shampoo,Lizol,Personal Care,Shampoo,317,844.88,958.3,18,180,24,219,0.21,L,2026-01-09 00:00:00,Active
3825,Dettol Biscuits,Dettol,Snacks,Biscuits,141,1474.28,2272.68,18,90,118,216,9.82,ml,2021-08-03 00:00:00,Active
3826,ITC Bottle,ITC,Kitchen,Bottle,467,166.77,229.32,18,90,116,251,7.35,g,2023-03-20 00:00:00,Active
3827,Pedigree Diapers,Pedigree,Baby Care,Diapers,417,142.24,166.36,18,365,63,108,1.88,pcs,2025-04-17 00:00:00,Active
3828,Mamaearth Dog Food,Mamaearth,Pet Care,Dog Food,484,152.76,210.3,5,60,36,500,8.5,g,2024-03-21 00:00:00,Active
3829,ITC Mineral Water,ITC,Beverages,Mineral Water,441,1000.25,1262.37,18,180,31,300,4.11,ml,2022-07-20 00:00:00,Active
3830,Surf Excel Toothpaste,Surf Excel,Personal Care,Toothpaste,442,1618.17,2174.49,5,180,75,57,5.05,pcs,2021-03-13 00:00:00,Active
3831,Surf Excel Soap,Surf Excel,Personal Care,Soap,100,373.83,549.48,18,365,47,250,8.52,kg,2021-09-12 00:00:00,Active
3832,Colgate Namkeen,Colgate,Snacks,Namkeen,266,947.57,1217.15,0,365,22,296,5.93,ml,2023-01-10 00:00:00,Active
3833,Britannia Rice,Britannia,Grocery,Rice,187,347.75,410.88,0,365,45,404,4.15,kg,2023-04-07 00:00:00,Active
3834,Parle Coffee,Parle,Grocery,Coffee,114,1015.16,1239.5,18,30,53,122,6.85,g,2024-03-11 00:00:00,Active
3835,Dabur Face Wash,Dabur,Personal Care,Face Wash,297,905.4,1235.47,5,60,107,258,9.89,pcs,2025-07-20 00:00:00,Active
3836,Dabur Dishwash Liquid,Dabur,Household,Dishwash Liquid,449,905.26,1176.05,5,365,51,423,7.32,g,2024-11-30 00:00:00,Active
3837,Parle Knife,Parle,Kitchen,Knife,242,1357.33,1537.59,5,365,30,450,9.92,L,2024-10-09 00:00:00,Active
3838,ITC Butter,ITC,Dairy,Butter,410,1201.66,1359.01,0,365,88,337,7.27,L,2024-12-26 00:00:00,Active
3839,Sunfeast Soft Drink,Sunfeast,Beverages,Soft Drink,138,1305.87,1708.29,12,90,36,145,4.89,pcs,2023-01-26 00:00:00,Active
3840,HUL Diapers,HUL,Baby Care,Diapers,364,1438.11,2037.06,18,60,43,125,1.11,L,2021-05-29 00:00:00,Discontinued
3841,Aashirvaad Soft Drink,Aashirvaad,Beverages,Soft Drink,317,104.58,121.46,5,60,92,276,2.61,kg,2021-08-19 00:00:00,Active
3842,ITC Baby Soap,ITC,Baby Care,Baby Soap,89,768.42,1041.25,12,365,120,216,8.8,g,2021-01-12 00:00:00,Active
3843,Amul Diapers,Amul,Baby Care,Diapers,424,1709.58,2613.37,18,90,39,378,5.79,ml,2023-03-16 00:00:00,Active
3844,ITC Dog Food,ITC,Pet Care,Dog Food,460,928.98,1125.22,5,30,78,129,2.01,pcs,2021-05-09 00:00:00,Active
3845,Godrej Cheese,Godrej,Dairy,Cheese,187,1752.48,2211.17,0,180,47,271,5.84,pcs,2026-03-23 00:00:00,Active
3846,Dettol Butter,Dettol,Dairy,Butter,333,1589.8,2375.4,12,90,99,366,9.4,pcs,2026-01-28 00:00:00,Active
3847,Mamaearth Diapers,Mamaearth,Baby Care,Diapers,95,805.43,923.36,5,60,68,190,9.84,pcs,2021-06-15 00:00:00,Active
3848,Fortune Detergent,Fortune,Household,Detergent,378,433.58,609.9,12,60,107,178,9.74,L,2020-07-27 00:00:00,Active
3849,Colgate Baby Powder,Colgate,Baby Care,Baby Powder,241,367.59,490.33,12,90,38,142,1.54,g,2023-09-19 00:00:00,Active
3850,Mamaearth Chips,Mamaearth,Snacks,Chips,263,1516.9,1824.03,0,365,23,169,2.65,g,2023-12-11 00:00:00,Active
3851,Britannia Detergent,Britannia,Household,Detergent,188,1196.02,1643.45,5,365,61,57,5.11,g,2020-12-05 00:00:00,Active
3852,Amul Dog Food,Amul,Pet Care,Dog Food,490,547.68,662.21,12,30,47,212,6.54,g,2025-08-03 00:00:00,Discontinued
3853,ITC Shampoo,ITC,Personal Care,Shampoo,310,1258.74,1931.04,0,180,49,462,2.04,L,2020-11-18 00:00:00,Active
3854,Godrej Paneer,Godrej,Dairy,Paneer,480,1559.65,1888.43,5,90,58,105,4.9,ml,2026-07-05 00:00:00,Active
3855,Britannia Biscuits,Britannia,Snacks,Biscuits,292,725.54,980.89,12,90,118,332,6.91,g,2022-01-10 00:00:00,Active
3856,Dettol Toothpaste,Dettol,Personal Care,Toothpaste,294,226.52,307.92,0,365,104,379,5.19,kg,2026-03-09 00:00:00,Active
3857,Fortune Cookies,Fortune,Snacks,Cookies,472,1080.51,1300.99,12,90,51,423,4.24,kg,2022-04-21 00:00:00,Active
3858,Nestle Lunch Box,Nestle,Kitchen,Lunch Box,355,1419.25,1842.38,12,180,30,270,1.09,kg,2022-03-31 00:00:00,Active
3859,Dettol Soft Drink,Dettol,Beverages,Soft Drink,343,1232.29,1636.68,5,180,80,90,1.36,L,2026-04-02 00:00:00,Active
3860,HUL Baby Soap,HUL,Baby Care,Baby Soap,233,1451.19,1733.96,12,30,104,401,3.94,ml,2022-06-10 00:00:00,Active
3861,Parle Diapers,Parle,Baby Care,Diapers,284,1539.48,1904.84,18,60,98,150,0.75,kg,2023-06-25 00:00:00,Active
3862,Dettol Pet Shampoo,Dettol,Pet Care,Pet Shampoo,286,574.64,813.97,18,90,82,182,0.24,kg,2023-12-01 00:00:00,Active
3863,Tata Cookies,Tata,Snacks,Cookies,499,455.47,533.76,12,90,20,183,3.97,kg,2025-04-10 00:00:00,Active
3864,Nivea Shampoo,Nivea,Personal Care,Shampoo,140,1524.53,2299.16,0,60,97,496,4.71,ml,2025-08-21 00:00:00,Active
3865,Dettol Toothpaste,Dettol,Personal Care,Toothpaste,30,761.43,1045.63,12,30,53,116,3.62,kg,2020-10-23 00:00:00,Active
3866,Colgate Baby Powder,Colgate,Baby Care,Baby Powder,261,1223.84,1400.29,12,90,40,309,7.58,g,2025-12-15 00:00:00,Active
3867,Pedigree Soft Drink,Pedigree,Beverages,Soft Drink,263,1121.1,1461.72,5,90,45,233,5.4,L,2023-11-30 00:00:00,Active
3868,Dettol Cheese,Dettol,Dairy,Cheese,127,1589.44,2098.76,12,365,70,410,8.03,pcs,2021-07-09 00:00:00,Active
3869,HUL Dishwash Liquid,HUL,Household,Dishwash Liquid,216,885.61,1146.87,18,60,84,304,1.06,ml,2024-04-02 00:00:00,Active
3870,Patanjali Baby Soap,Patanjali,Baby Care,Baby Soap,388,1737.89,2202.38,12,90,44,360,2.77,L,2022-03-28 00:00:00,Active
3871,Surf Excel Baby Soap,Surf Excel,Baby Care,Baby Soap,135,1404.52,1650.65,18,60,120,460,0.71,pcs,2024-02-27 00:00:00,Active
3872,Aashirvaad Chocolate,Aashirvaad,Snacks,Chocolate,63,595.61,827.89,18,365,46,408,8.34,pcs,2021-10-31 00:00:00,Active
3873,Fortune Juice,Fortune,Beverages,Juice,135,1616.32,2300.14,5,30,65,179,3.17,kg,2021-02-19 00:00:00,Active
3874,Parle Cat Food,Parle,Pet Care,Cat Food,489,570.64,674.11,12,180,53,66,3.16,L,2024-09-21 00:00:00,Active
3875,Dettol Pet Shampoo,Dettol,Pet Care,Pet Shampoo,103,1785.39,2606.34,12,90,79,270,3.87,g,2025-08-11 00:00:00,Active
3876,Dettol Pet Shampoo,Dettol,Pet Care,Pet Shampoo,165,1033.05,1426.95,0,30,94,64,4.01,L,2026-03-02 00:00:00,Active
3877,Fortune Cheese,Fortune,Dairy,Cheese,410,56.26,67.11,5,90,72,102,3.69,kg,2025-05-31 00:00:00,Active
3878,Britannia Butter,Britannia,Dairy,Butter,72,931.37,1268.85,0,365,38,471,3.25,g,2024-12-04 00:00:00,Active
3879,Mamaearth Sugar,Mamaearth,Grocery,Sugar,401,1243.54,1416.7,0,90,76,181,9.04,ml,2023-05-31 00:00:00,Active
3880,Tata Suji,Tata,Grocery,Suji,124,1798.6,2263.47,18,365,44,405,6.22,L,2021-02-14 00:00:00,Active
3881,Lizol Cat Food,Lizol,Pet Care,Cat Food,193,1268.51,1580.53,12,90,37,472,3.88,g,2021-10-31 00:00:00,Active
3882,Colgate Mineral Water,Colgate,Beverages,Mineral Water,22,626.63,855.61,5,90,91,152,7.94,pcs,2023-07-03 00:00:00,Active
3883,Britannia Curd,Britannia,Dairy,Curd,208,224.75,328.52,12,90,94,71,2.09,pcs,2022-08-02 00:00:00,Active
3884,Lizol Soap,Lizol,Personal Care,Soap,321,1233.89,1774.2,5,60,56,417,6.9,g,2025-03-05 00:00:00,Active
3885,Dettol Suji,Dettol,Grocery,Suji,78,213.19,304.75,0,365,40,97,8.03,kg,2022-02-04 00:00:00,Active
3886,HUL Soft Drink,HUL,Beverages,Soft Drink,237,134.65,204.57,0,30,104,462,8.26,pcs,2021-01-26 00:00:00,Active
3887,HUL Sugar,HUL,Grocery,Sugar,455,1654.35,2249.18,18,365,107,295,9.11,g,2023-07-04 00:00:00,Active
3888,Pedigree Tissue Paper,Pedigree,Household,Tissue Paper,184,1590.71,1945.6,18,90,54,387,0.73,kg,2021-11-07 00:00:00,Active
3889,Fortune Mineral Water,Fortune,Beverages,Mineral Water,95,1639.19,2154.03,18,60,95,339,7.04,g,2021-08-25 00:00:00,Active
3890,Dabur Poha,Dabur,Grocery,Poha,496,428.3,609.05,5,30,48,86,4.8,L,2024-02-24 00:00:00,Active
3891,Amul Toothpaste,Amul,Personal Care,Toothpaste,13,1098.86,1514.94,5,365,106,236,7.69,g,2021-11-09 00:00:00,Active
3892,Pedigree Baby Powder,Pedigree,Baby Care,Baby Powder,328,621.88,850.62,0,30,69,485,7.21,g,2024-06-19 00:00:00,Active
3893,Dettol Knife,Dettol,Kitchen,Knife,420,700.44,1081.58,5,90,89,392,0.62,g,2022-12-03 00:00:00,Active
3894,Surf Excel Diapers,Surf Excel,Baby Care,Diapers,121,1114.09,1585.19,12,365,64,420,3.38,g,2020-12-22 00:00:00,Active
3895,Nestle Poha,Nestle,Grocery,Poha,463,1767.86,2511.65,12,90,58,446,3.15,L,2025-02-06 00:00:00,Active
3896,Dettol Chips,Dettol,Snacks,Chips,409,498.78,637.23,18,30,44,397,1.43,kg,2020-10-20 00:00:00,Active
3897,Aashirvaad Cat Food,Aashirvaad,Pet Care,Cat Food,177,1113.39,1273.16,12,365,87,173,5.78,kg,2020-10-27 00:00:00,Active
3898,Amul Soft Drink,Amul,Beverages,Soft Drink,27,1248.68,1455.34,5,180,36,310,7.64,kg,2025-07-05 00:00:00,Discontinued
3899,Pedigree Dog Food,Pedigree,Pet Care,Dog Food,168,624.7,923.32,12,30,39,270,2.22,kg,2024-07-08 00:00:00,Active
3900,Colgate Pet Shampoo,Colgate,Pet Care,Pet Shampoo,382,1389.67,2113.29,5,60,109,61,7.99,g,2024-07-06 00:00:00,Active
3901,Colgate Cat Food,Colgate,Pet Care,Cat Food,313,794.88,1072.29,5,30,41,300,2.93,g,2025-03-16 00:00:00,Active
3902,Fortune Soft Drink,Fortune,Beverages,Soft Drink,178,665.49,1000.19,5,365,67,253,9.37,ml,2023-02-15 00:00:00,Active
3903,Aashirvaad Chocolate,Aashirvaad,Snacks,Chocolate,459,1523.29,1727.62,12,90,29,434,3.06,L,2020-10-02 00:00:00,Active
3904,Patanjali Cat Food,Patanjali,Pet Care,Cat Food,465,1363.19,1972.76,5,90,73,199,7.72,L,2022-04-01 00:00:00,Active
3905,Colgate Face Wash,Colgate,Personal Care,Face Wash,340,760.58,968.97,12,180,82,420,0.14,kg,2022-01-24 00:00:00,Active
3906,Sunfeast Detergent,Sunfeast,Household,Detergent,298,843.17,1208.91,18,90,63,84,1.08,pcs,2025-10-29 00:00:00,Active
3907,Parle Garbage Bags,Parle,Household,Garbage Bags,212,1574.21,2333.95,18,30,59,496,1.74,L,2023-07-19 00:00:00,Active
3908,Tata Pet Shampoo,Tata,Pet Care,Pet Shampoo,25,97.8,140.21,12,180,72,479,0.17,ml,2025-06-27 00:00:00,Active
3909,Tata Chocolate,Tata,Snacks,Chocolate,214,71.52,89.2,5,180,62,50,8.6,g,2021-11-02 00:00:00,Active
3910,Aashirvaad Biscuits,Aashirvaad,Snacks,Biscuits,398,326.98,392.15,5,365,21,139,5.85,L,2024-06-01 00:00:00,Active
3911,Lizol Baby Powder,Lizol,Baby Care,Baby Powder,369,689.79,868.72,0,90,85,287,2.71,ml,2023-11-21 00:00:00,Active
3912,Parle Detergent,Parle,Household,Detergent,142,1216.17,1857.79,12,365,96,173,7.33,pcs,2021-05-08 00:00:00,Active
3913,Surf Excel Mineral Water,Surf Excel,Beverages,Mineral Water,312,1556.7,1939.83,0,180,95,227,2.31,L,2026-01-02 00:00:00,Active
3914,Parle Floor Cleaner,Parle,Household,Floor Cleaner,348,996.97,1319.59,12,30,36,53,5.76,kg,2025-06-05 00:00:00,Active
3915,Fortune Butter,Fortune,Dairy,Butter,393,1361,1792.07,0,30,30,197,8.95,ml,2025-09-08 00:00:00,Active
3916,Mamaearth Baby Lotion,Mamaearth,Baby Care,Baby Lotion,476,983.87,1405.69,0,90,105,51,2.89,L,2025-05-19 00:00:00,Active
3917,Pedigree Baby Lotion,Pedigree,Baby Care,Baby Lotion,493,1183.12,1782.9,12,30,23,483,7.08,pcs,2024-01-24 00:00:00,Active
3918,Godrej Knife,Godrej,Kitchen,Knife,184,1641.28,2538.39,12,60,31,58,7.19,g,2021-01-11 00:00:00,Active
3919,ITC Bottle,ITC,Kitchen,Bottle,322,1579.4,1895.91,18,90,54,341,0.46,ml,2023-05-15 00:00:00,Active
3920,Aashirvaad Cookies,Aashirvaad,Snacks,Cookies,62,77.17,98.82,12,30,97,74,5.78,ml,2023-04-07 00:00:00,Active
3921,Amul Cat Food,Amul,Pet Care,Cat Food,425,1768.41,2630.67,18,30,107,255,1.02,ml,2022-02-07 00:00:00,Active
3922,Tata Curd,Tata,Dairy,Curd,278,1472.05,1757.46,12,365,46,244,8.49,L,2021-05-02 00:00:00,Discontinued
3923,Tata Garbage Bags,Tata,Household,Garbage Bags,238,975.5,1159.72,0,180,94,367,8.48,g,2024-10-10 00:00:00,Active
3924,Sunfeast Paneer,Sunfeast,Dairy,Paneer,129,1020.59,1437.7,0,180,22,485,5.28,g,2020-12-26 00:00:00,Active
3925,Amul Milk,Amul,Dairy,Milk,417,317.93,386.88,0,60,23,369,7.65,L,2021-08-26 00:00:00,Active
3926,Aashirvaad Baby Lotion,Aashirvaad,Baby Care,Baby Lotion,361,1713.39,2264.78,12,365,53,500,2.03,L,2023-10-05 00:00:00,Active
3927,Patanjali Baby Powder,Patanjali,Baby Care,Baby Powder,263,865.83,1180.86,12,365,108,93,2.5,pcs,2024-11-03 00:00:00,Active
3928,Amul Lunch Box,Amul,Kitchen,Lunch Box,323,216.7,290.77,0,30,112,168,2.41,ml,2022-03-15 00:00:00,Active
3929,Patanjali Biscuits,Patanjali,Snacks,Biscuits,142,182.37,222.69,0,180,21,392,4.71,kg,2025-03-06 00:00:00,Active
3930,Pedigree Lunch Box,Pedigree,Kitchen,Lunch Box,262,758.02,929.06,18,365,102,70,8.43,kg,2024-08-16 00:00:00,Active
3931,Britannia Biscuits,Britannia,Snacks,Biscuits,93,1497.51,2281.37,0,90,56,315,3.01,g,2022-12-24 00:00:00,Active
3932,Lizol Cheese,Lizol,Dairy,Cheese,288,934.11,1398.37,0,180,52,350,3.6,kg,2025-06-18 00:00:00,Active
3933,Parle Toor Dal,Parle,Grocery,Toor Dal,319,1208.48,1530.55,0,30,110,450,8.67,g,2025-05-24 00:00:00,Active
3934,Godrej Biscuits,Godrej,Snacks,Biscuits,362,1380.28,1841.82,0,365,119,384,8.31,g,2022-10-20 00:00:00,Active
3935,Lizol Curd,Lizol,Dairy,Curd,132,893.57,1106.76,0,60,27,479,3.48,ml,2021-01-18 00:00:00,Active
3936,Lizol Detergent,Lizol,Household,Detergent,178,413.47,506.81,0,60,72,306,1.72,g,2025-04-27 00:00:00,Active
3937,Pedigree Floor Cleaner,Pedigree,Household,Floor Cleaner,316,1721.42,2437.91,18,365,67,197,4.1,kg,2025-07-22 00:00:00,Active
3938,Britannia Dog Food,Britannia,Pet Care,Dog Food,71,759.46,864.82,0,60,54,55,4.62,ml,2026-03-27 00:00:00,Active
3939,Sunfeast Floor Cleaner,Sunfeast,Household,Floor Cleaner,60,286.97,392.36,5,90,25,374,8.55,kg,2024-05-25 00:00:00,Active
3940,Sunfeast Hair Oil,Sunfeast,Personal Care,Hair Oil,452,982.06,1390.73,12,30,95,117,8.22,kg,2025-08-23 00:00:00,Active
3941,Surf Excel Bottle,Surf Excel,Kitchen,Bottle,132,1693.79,2574.68,12,90,105,419,5.88,pcs,2025-09-30 00:00:00,Active
3942,Dettol Dishwash Liquid,Dettol,Household,Dishwash Liquid,391,1519.12,2131.7,0,90,82,178,7.89,L,2024-12-31 00:00:00,Discontinued
3943,Tata Butter,Tata,Dairy,Butter,301,750.29,1023.9,0,90,69,216,1.1,L,2020-09-08 00:00:00,Active
3944,Tata Face Wash,Tata,Personal Care,Face Wash,409,880.71,1182.11,12,90,40,212,1.43,pcs,2021-07-28 00:00:00,Active
3945,Fortune Lunch Box,Fortune,Kitchen,Lunch Box,454,691.35,1031.34,5,30,52,171,9.81,ml,2025-11-29 00:00:00,Active
3946,ITC Shampoo,ITC,Personal Care,Shampoo,115,439.11,604.33,18,365,99,305,3.47,pcs,2020-12-08 00:00:00,Active
3947,Lizol Energy Drink,Lizol,Beverages,Energy Drink,384,878.43,1361.34,18,30,66,178,8.37,g,2024-02-20 00:00:00,Active
3948,Amul Cookies,Amul,Snacks,Cookies,347,1294.09,1923.38,5,90,116,100,1.94,ml,2021-08-21 00:00:00,Active
3949,Parle Energy Drink,Parle,Beverages,Energy Drink,36,92.77,115.77,18,90,47,471,4.83,kg,2025-06-21 00:00:00,Active
3950,HUL Soft Drink,HUL,Beverages,Soft Drink,286,1078.43,1636.64,18,180,46,165,9.56,g,2026-04-19 00:00:00,Active
3951,Aashirvaad Tea,Aashirvaad,Grocery,Tea,328,1650.18,1982.45,18,90,65,399,9.3,g,2023-06-07 00:00:00,Active
3952,ITC Soft Drink,ITC,Beverages,Soft Drink,395,956.49,1186.9,12,30,113,81,5.61,L,2024-12-31 00:00:00,Active
4047,Parle Cheese,Parle,Dairy,Cheese,55,28.8,38.62,18,60,87,332,1.31,g,2023-04-04 00:00:00,Active
3953,Surf Excel Pressure Cooker,Surf Excel,Kitchen,Pressure Cooker,489,233.6,271.65,12,60,91,111,5.02,pcs,2024-08-17 00:00:00,Active
3954,Colgate Chips,Colgate,Snacks,Chips,471,470.54,567.57,12,90,44,465,3.16,g,2021-10-04 00:00:00,Active
3955,Nestle Pet Shampoo,Nestle,Pet Care,Pet Shampoo,321,1387.05,1818.8,0,90,26,474,9.26,pcs,2023-06-27 00:00:00,Active
3956,Fortune Soft Drink,Fortune,Beverages,Soft Drink,424,279.75,406.57,0,30,98,380,0.9,ml,2024-02-01 00:00:00,Active
3957,HUL Baby Powder,HUL,Baby Care,Baby Powder,2,253.79,354.95,18,60,59,180,4.85,g,2024-04-01 00:00:00,Active
3958,Nestle Cooking Oil,Nestle,Grocery,Cooking Oil,464,1613.64,1865.26,5,90,83,367,8.13,pcs,2023-10-03 00:00:00,Active
3959,Parle Milk,Parle,Dairy,Milk,258,556.37,649.81,5,180,117,133,9.96,L,2022-10-14 00:00:00,Active
3960,Britannia Floor Cleaner,Britannia,Household,Floor Cleaner,322,801.57,1094.41,0,90,38,467,9.07,g,2023-09-13 00:00:00,Active
3961,Surf Excel Cat Food,Surf Excel,Pet Care,Cat Food,208,1043.63,1216.77,12,30,33,500,5.4,kg,2021-02-28 00:00:00,Active
3962,Parle Soap,Parle,Personal Care,Soap,60,848.19,1092.16,5,60,32,249,1.46,ml,2023-12-19 00:00:00,Active
3963,Amul Rice,Amul,Grocery,Rice,385,399.86,595.76,12,180,59,172,5.9,ml,2025-04-06 00:00:00,Discontinued
3964,Dettol Mineral Water,Dettol,Beverages,Mineral Water,47,1749.19,2573.63,12,90,84,88,8.67,g,2026-04-27 00:00:00,Active
3965,Dabur Chips,Dabur,Snacks,Chips,82,1072.15,1236.67,5,180,44,486,4.8,g,2026-02-15 00:00:00,Active
3966,Parle Milk,Parle,Dairy,Milk,17,1078.42,1449.57,5,30,26,128,3.87,g,2020-12-14 00:00:00,Active
3967,Sunfeast Detergent,Sunfeast,Household,Detergent,286,1411.46,1989.54,5,90,40,492,9.96,pcs,2024-03-31 00:00:00,Active
3968,Aashirvaad Face Wash,Aashirvaad,Personal Care,Face Wash,345,1717.39,2481.35,12,180,68,163,8.14,ml,2024-12-09 00:00:00,Active
3969,Tata Toothpaste,Tata,Personal Care,Toothpaste,28,1620.39,2478.28,5,180,63,165,3.61,L,2024-06-28 00:00:00,Active
3970,Dabur Energy Drink,Dabur,Beverages,Energy Drink,218,1778.88,2187.89,18,180,115,482,1.34,ml,2024-03-16 00:00:00,Active
3971,ITC Cat Food,ITC,Pet Care,Cat Food,302,895.02,1250.28,0,90,65,434,3.42,g,2026-05-29 00:00:00,Active
3972,Britannia Shampoo,Britannia,Personal Care,Shampoo,134,657.64,957.62,5,90,56,359,4.55,kg,2021-04-28 00:00:00,Active
3973,ITC Energy Drink,ITC,Beverages,Energy Drink,336,1117.03,1703.86,18,30,108,381,1.97,pcs,2021-08-30 00:00:00,Active
3974,Nestle Juice,Nestle,Beverages,Juice,195,779.33,914.02,12,60,92,358,3.77,kg,2021-02-17 00:00:00,Active
3975,Dabur Dishwash Liquid,Dabur,Household,Dishwash Liquid,12,470.3,545.62,12,60,101,288,6.15,kg,2025-02-21 00:00:00,Active
3976,Surf Excel Baby Lotion,Surf Excel,Baby Care,Baby Lotion,270,1451.21,1775.72,12,90,84,380,9.48,g,2025-11-18 00:00:00,Active
3977,Nivea Dishwash Liquid,Nivea,Household,Dishwash Liquid,230,815.27,1181.47,18,90,37,228,7.36,g,2025-01-18 00:00:00,Active
3978,Fortune Suji,Fortune,Grocery,Suji,409,395.2,532.72,18,90,71,313,2.63,ml,2022-06-20 00:00:00,Active
3979,Britannia Bottle,Britannia,Kitchen,Bottle,232,1455.14,2186.53,18,180,43,440,3.24,kg,2021-03-03 00:00:00,Active
3980,Surf Excel Paneer,Surf Excel,Dairy,Paneer,494,25.18,37.5,18,365,106,448,9.26,pcs,2026-06-25 00:00:00,Active
3981,Pedigree Milk,Pedigree,Dairy,Milk,439,1626.84,2297.28,5,90,72,296,0.8,pcs,2026-04-10 00:00:00,Active
3982,Aashirvaad Namkeen,Aashirvaad,Snacks,Namkeen,55,320.38,419.32,0,30,112,125,7.31,pcs,2022-03-09 00:00:00,Active
3983,Sunfeast Garbage Bags,Sunfeast,Household,Garbage Bags,393,355.1,408.97,18,90,77,78,3.73,g,2020-12-03 00:00:00,Active
3984,ITC Energy Drink,ITC,Beverages,Energy Drink,34,409.95,570.41,12,90,72,190,7.92,kg,2025-03-05 00:00:00,Active
3985,Mamaearth Dog Food,Mamaearth,Pet Care,Dog Food,37,1498.81,2101.78,0,60,74,302,3.35,kg,2023-07-06 00:00:00,Active
3986,Surf Excel Soft Drink,Surf Excel,Beverages,Soft Drink,37,1608.04,1985.05,0,180,29,476,1.98,kg,2025-09-04 00:00:00,Active
3987,Pedigree Dog Food,Pedigree,Pet Care,Dog Food,211,835.93,1126.4,18,365,27,332,4.71,g,2024-11-16 00:00:00,Active
3988,Mamaearth Butter,Mamaearth,Dairy,Butter,313,1433.46,1881.27,5,180,59,261,9.27,kg,2023-12-29 00:00:00,Active
3989,Lizol Diapers,Lizol,Baby Care,Diapers,353,536.32,601.05,18,30,28,312,2.23,L,2025-04-15 00:00:00,Active
3990,ITC Diapers,ITC,Baby Care,Diapers,2,986.36,1265.02,12,60,78,70,0.16,kg,2024-01-13 00:00:00,Active
3991,Parle Milk,Parle,Dairy,Milk,60,1354.28,1593.9,5,180,91,474,2.26,pcs,2022-09-22 00:00:00,Active
3992,Nestle Milk,Nestle,Dairy,Milk,390,1662.03,2456.25,0,180,92,150,7.92,pcs,2021-01-12 00:00:00,Active
3993,Colgate Diapers,Colgate,Baby Care,Diapers,432,1114.55,1680.1,0,30,34,194,6.18,kg,2026-07-11 00:00:00,Active
3994,Dabur Baby Powder,Dabur,Baby Care,Baby Powder,186,1012.18,1457.32,0,365,68,181,7.75,pcs,2020-08-31 00:00:00,Active
3995,Nestle Lunch Box,Nestle,Kitchen,Lunch Box,33,787.26,931.11,18,30,120,129,8.15,L,2022-09-18 00:00:00,Active
3996,Aashirvaad Baby Soap,Aashirvaad,Baby Care,Baby Soap,142,79.32,94.19,5,30,86,389,9.65,g,2024-05-16 00:00:00,Active
3997,Britannia Hair Oil,Britannia,Personal Care,Hair Oil,177,606.43,800.88,12,30,41,200,1.5,L,2025-08-09 00:00:00,Active
3998,Patanjali Namkeen,Patanjali,Snacks,Namkeen,117,452.52,579.75,0,180,100,214,2.95,ml,2026-01-12 00:00:00,Active
3999,Parle Curd,Parle,Dairy,Curd,47,19.25,21.7,5,365,101,116,0.24,kg,2025-08-18 00:00:00,Active
4000,Colgate Diapers,Colgate,Baby Care,Diapers,237,1499.59,2186.27,12,90,86,135,1.86,ml,2022-04-27 00:00:00,Active
4001,Pedigree Dog Food,Pedigree,Pet Care,Dog Food,461,125.28,189.94,12,365,75,167,0.41,pcs,2022-09-04 00:00:00,Active
4002,Dettol Diapers,Dettol,Baby Care,Diapers,291,1367.39,1788.42,18,30,100,130,9.48,pcs,2022-11-23 00:00:00,Active
4003,Pedigree Hair Oil,Pedigree,Personal Care,Hair Oil,22,140.08,215.96,12,180,35,262,3.05,pcs,2024-09-22 00:00:00,Active
4004,Surf Excel Toothpaste,Surf Excel,Personal Care,Toothpaste,466,1529.94,2195.69,18,90,79,286,7.2,kg,2022-01-19 00:00:00,Active
4005,Tata Dog Food,Tata,Pet Care,Dog Food,258,367.57,438.12,5,60,86,484,4.7,g,2020-11-23 00:00:00,Active
4006,Sunfeast Namkeen,Sunfeast,Snacks,Namkeen,388,775.86,975.86,12,60,83,490,3.12,pcs,2024-05-07 00:00:00,Active
4007,Fortune Face Wash,Fortune,Personal Care,Face Wash,31,626.83,776.21,5,30,112,64,1.64,kg,2024-03-13 00:00:00,Active
4008,Colgate Energy Drink,Colgate,Beverages,Energy Drink,495,597.55,887.96,12,90,45,333,9.9,g,2025-01-01 00:00:00,Discontinued
4009,HUL Soft Drink,HUL,Beverages,Soft Drink,371,560.6,858.42,5,60,64,248,4.23,g,2024-09-18 00:00:00,Discontinued
4010,Colgate Frying Pan,Colgate,Kitchen,Frying Pan,344,1471.5,2135.52,12,90,97,374,1.57,kg,2026-03-27 00:00:00,Discontinued
4011,Nestle Juice,Nestle,Beverages,Juice,239,375.27,550.92,18,30,98,89,9.01,ml,2024-12-07 00:00:00,Active
4012,Fortune Atta,Fortune,Grocery,Atta,41,1579.82,1847.66,12,365,33,375,3.87,g,2021-02-01 00:00:00,Active
4013,Pedigree Floor Cleaner,Pedigree,Household,Floor Cleaner,58,502.89,681.91,12,365,79,498,7.25,ml,2023-01-05 00:00:00,Active
4014,Patanjali Butter,Patanjali,Dairy,Butter,327,1618.57,2124.94,12,30,67,274,8.22,pcs,2021-10-22 00:00:00,Active
4015,Tata Chips,Tata,Snacks,Chips,310,129.87,182.06,0,30,23,379,5.82,L,2025-06-29 00:00:00,Active
4016,Parle Rice,Parle,Grocery,Rice,385,835.08,1016.19,0,180,62,253,5.7,g,2022-09-18 00:00:00,Active
4017,Nivea Baby Powder,Nivea,Baby Care,Baby Powder,89,30.21,42.06,18,60,41,496,4,ml,2023-03-06 00:00:00,Active
4018,ITC Juice,ITC,Beverages,Juice,32,567.27,654.65,18,90,49,490,6.01,ml,2022-11-14 00:00:00,Discontinued
4019,Godrej Soap,Godrej,Personal Care,Soap,222,1533.2,2353.24,12,60,95,163,0.4,ml,2020-11-29 00:00:00,Active
4020,Nestle Face Wash,Nestle,Personal Care,Face Wash,376,517.1,623.35,5,365,115,82,4.19,L,2024-03-20 00:00:00,Active
4021,Pedigree Chocolate,Pedigree,Snacks,Chocolate,447,1502.1,2269.01,0,90,88,195,6.6,L,2021-05-10 00:00:00,Active
4022,Aashirvaad Face Wash,Aashirvaad,Personal Care,Face Wash,302,253.45,339.26,18,60,103,206,3.4,pcs,2020-12-13 00:00:00,Active
4023,Nivea Frying Pan,Nivea,Kitchen,Frying Pan,148,333.64,506.49,12,90,108,201,0.36,L,2022-04-30 00:00:00,Active
4024,Nestle Rice,Nestle,Grocery,Rice,205,550.87,757.1,0,30,117,474,8.38,ml,2021-09-23 00:00:00,Active
4025,Patanjali Toothpaste,Patanjali,Personal Care,Toothpaste,17,1025.08,1516.68,12,180,110,367,5.51,ml,2025-06-10 00:00:00,Active
4026,Patanjali Baby Powder,Patanjali,Baby Care,Baby Powder,124,437.89,554.16,0,30,115,393,6.33,g,2022-09-08 00:00:00,Active
4027,Pedigree Floor Cleaner,Pedigree,Household,Floor Cleaner,444,612.39,859.35,12,180,108,155,4.6,ml,2022-06-16 00:00:00,Active
4028,Dabur Juice,Dabur,Beverages,Juice,186,1473.59,1750.61,18,30,35,163,10,kg,2022-11-26 00:00:00,Active
4029,Lizol Detergent,Lizol,Household,Detergent,286,439.14,530.78,5,180,38,200,8.34,g,2023-12-11 00:00:00,Active
4030,Colgate Paneer,Colgate,Dairy,Paneer,284,1048.77,1315.08,18,365,80,85,4.63,kg,2022-04-11 00:00:00,Active
4031,Surf Excel Mineral Water,Surf Excel,Beverages,Mineral Water,29,1230.33,1422.32,12,90,88,444,7.78,g,2021-01-10 00:00:00,Active
4032,Patanjali Namkeen,Patanjali,Snacks,Namkeen,102,1105.48,1611.79,5,30,75,92,7.7,kg,2024-01-06 00:00:00,Active
4033,Colgate Chocolate,Colgate,Snacks,Chocolate,361,1194.77,1677.84,18,365,57,128,6.7,ml,2023-09-30 00:00:00,Active
4034,HUL Paneer,HUL,Dairy,Paneer,71,723.68,947.36,0,365,76,490,9.45,L,2022-03-09 00:00:00,Active
4035,Pedigree Diapers,Pedigree,Baby Care,Diapers,329,1073.12,1517.55,5,365,60,487,7.41,pcs,2021-01-10 00:00:00,Active
4036,ITC Toothpaste,ITC,Personal Care,Toothpaste,122,765.36,1127.6,5,30,118,92,0.96,ml,2024-01-18 00:00:00,Active
4037,Fortune Bottle,Fortune,Kitchen,Bottle,384,1736.3,2071.69,5,30,86,71,3.99,kg,2023-03-20 00:00:00,Active
4038,Dabur Baby Powder,Dabur,Baby Care,Baby Powder,63,427.15,546.24,12,60,38,354,6.63,ml,2025-02-23 00:00:00,Active
4039,Patanjali Baby Lotion,Patanjali,Baby Care,Baby Lotion,226,1256.02,1440.14,5,365,85,274,0.88,L,2021-02-15 00:00:00,Active
4040,Fortune Dishwash Liquid,Fortune,Household,Dishwash Liquid,3,1663.88,2005.8,18,90,120,222,8.17,ml,2025-09-15 00:00:00,Active
4041,Nestle Cat Food,Nestle,Pet Care,Cat Food,216,1172.13,1460.72,12,30,84,157,1.06,g,2022-05-18 00:00:00,Active
4042,HUL Cookies,HUL,Snacks,Cookies,125,1548.96,2368.65,18,60,25,220,4.62,L,2021-12-11 00:00:00,Active
4043,Sunfeast Lunch Box,Sunfeast,Kitchen,Lunch Box,30,1576.45,2072.85,5,90,22,283,7.22,ml,2026-07-11 00:00:00,Active
4044,Mamaearth Chana Dal,Mamaearth,Grocery,Chana Dal,264,1158.71,1475.69,12,60,74,91,9.49,ml,2020-09-21 00:00:00,Active
4045,Tata Baby Soap,Tata,Baby Care,Baby Soap,70,1549.23,2224.94,18,90,83,188,8.67,L,2023-08-21 00:00:00,Active
4046,Godrej Soap,Godrej,Personal Care,Soap,146,363.96,475.86,5,90,94,453,7.74,kg,2020-10-13 00:00:00,Active
4048,ITC Namkeen,ITC,Snacks,Namkeen,295,1026,1372.34,5,365,33,362,5.39,pcs,2020-09-28 00:00:00,Active
4049,Amul Baby Soap,Amul,Baby Care,Baby Soap,38,188.73,253.96,18,90,78,265,7.47,kg,2025-08-14 00:00:00,Active
4050,Dettol Lunch Box,Dettol,Kitchen,Lunch Box,65,1235.36,1553.27,5,180,36,206,6.01,kg,2024-11-01 00:00:00,Active
4051,HUL Frying Pan,HUL,Kitchen,Frying Pan,408,314.98,367.32,18,180,63,456,7.52,ml,2021-10-15 00:00:00,Active
4052,Patanjali Juice,Patanjali,Beverages,Juice,412,163.95,226.93,18,90,92,175,1.25,L,2024-04-03 00:00:00,Active
4053,Colgate Pet Shampoo,Colgate,Pet Care,Pet Shampoo,177,1443.19,2102.54,12,365,51,301,4.29,L,2025-02-23 00:00:00,Active
4054,Aashirvaad Knife,Aashirvaad,Kitchen,Knife,321,795.57,1191.21,12,30,69,159,6,ml,2022-07-09 00:00:00,Active
4055,Godrej Paneer,Godrej,Dairy,Paneer,89,969.62,1166.98,0,60,56,112,2.42,L,2024-12-31 00:00:00,Active
4056,Sunfeast Mineral Water,Sunfeast,Beverages,Mineral Water,304,37.09,49.09,18,365,76,216,4.51,L,2022-08-24 00:00:00,Active
4057,Godrej Dishwash Liquid,Godrej,Household,Dishwash Liquid,434,976.84,1142.32,18,60,98,335,6.63,kg,2021-01-15 00:00:00,Active
4058,Surf Excel Dishwash Liquid,Surf Excel,Household,Dishwash Liquid,242,984.79,1310.29,12,30,119,229,0.68,kg,2021-02-21 00:00:00,Active
4059,Sunfeast Mineral Water,Sunfeast,Beverages,Mineral Water,340,681.55,923.19,18,90,108,264,6.23,ml,2023-04-06 00:00:00,Active
4060,Godrej Energy Drink,Godrej,Beverages,Energy Drink,41,538.28,807.62,5,90,31,134,3.46,g,2024-04-23 00:00:00,Active
4061,Godrej Knife,Godrej,Kitchen,Knife,218,1557.1,1802.39,12,180,37,362,7.33,pcs,2021-12-29 00:00:00,Active
4062,Tata Diapers,Tata,Baby Care,Diapers,366,767.92,911.91,0,180,83,373,0.59,g,2025-03-28 00:00:00,Active
4063,Sunfeast Soft Drink,Sunfeast,Beverages,Soft Drink,233,801.47,1132.03,12,90,32,67,8.64,pcs,2023-09-17 00:00:00,Active
4064,Nestle Dog Food,Nestle,Pet Care,Dog Food,29,942.79,1455.75,0,60,105,190,0.45,g,2022-01-20 00:00:00,Active
4065,Lizol Knife,Lizol,Kitchen,Knife,452,1328.77,1552.99,18,60,107,423,9.22,kg,2022-08-26 00:00:00,Active
4066,Sunfeast Chana Dal,Sunfeast,Grocery,Chana Dal,360,719.3,1084.34,12,30,84,186,4.8,pcs,2023-04-15 00:00:00,Active
4067,Nivea Pet Shampoo,Nivea,Pet Care,Pet Shampoo,438,928.91,1162.03,18,365,113,500,3.62,pcs,2023-12-21 00:00:00,Active
4068,Pedigree Paneer,Pedigree,Dairy,Paneer,309,169.59,256.84,12,180,28,381,8.69,kg,2025-07-25 00:00:00,Active
4069,Mamaearth Biscuits,Mamaearth,Snacks,Biscuits,276,1448.41,1682.28,5,60,117,302,6.74,ml,2025-11-28 00:00:00,Active
4070,Parle Baby Soap,Parle,Baby Care,Baby Soap,483,46.67,56.87,18,90,27,378,2.36,kg,2025-05-18 00:00:00,Active
4071,Nestle Cookies,Nestle,Snacks,Cookies,21,187.5,270.86,18,180,67,482,1.04,g,2020-11-30 00:00:00,Active
4072,Fortune Chocolate,Fortune,Snacks,Chocolate,28,1086.34,1439.23,5,365,73,491,6.92,kg,2025-10-02 00:00:00,Active
4073,Lizol Chocolate,Lizol,Snacks,Chocolate,106,110.92,161.09,18,365,76,253,0.79,pcs,2021-06-22 00:00:00,Active
4074,Parle Cat Food,Parle,Pet Care,Cat Food,439,217.66,303.37,5,90,58,373,3.28,kg,2021-04-30 00:00:00,Discontinued
4075,Tata Juice,Tata,Beverages,Juice,470,1337.75,2035.84,5,90,91,471,8.37,pcs,2024-01-24 00:00:00,Active
4076,ITC Floor Cleaner,ITC,Household,Floor Cleaner,26,333.18,514.25,0,365,118,219,5.81,kg,2024-08-07 00:00:00,Active
4077,Godrej Sugar,Godrej,Grocery,Sugar,17,200.64,283.16,5,180,111,178,1.91,g,2023-03-20 00:00:00,Active
4078,ITC Soft Drink,ITC,Beverages,Soft Drink,77,380.13,559.33,12,30,57,370,4.45,pcs,2025-01-01 00:00:00,Active
4079,Dabur Cat Food,Dabur,Pet Care,Cat Food,402,1523.4,2203.82,18,365,104,467,7.36,L,2022-11-30 00:00:00,Active
4080,Britannia Chips,Britannia,Snacks,Chips,254,1470.93,1960.54,12,365,118,118,0.9,L,2024-07-26 00:00:00,Active
4081,Amul Cat Food,Amul,Pet Care,Cat Food,291,1321.69,1758.96,18,60,30,165,1.52,kg,2025-07-22 00:00:00,Active
4082,Sunfeast Hair Oil,Sunfeast,Personal Care,Hair Oil,215,1472.4,2043.1,12,30,98,252,3.98,ml,2022-01-23 00:00:00,Active
4083,Britannia Tissue Paper,Britannia,Household,Tissue Paper,354,1780.5,2236.41,18,365,75,133,8.38,g,2024-09-12 00:00:00,Active
4084,Dettol Tissue Paper,Dettol,Household,Tissue Paper,238,187.31,281.01,0,60,28,344,5.95,g,2024-11-15 00:00:00,Active
4085,Sunfeast Butter,Sunfeast,Dairy,Butter,341,1302.54,1726.72,18,30,20,115,1.8,ml,2023-10-31 00:00:00,Active
4086,Godrej Baby Powder,Godrej,Baby Care,Baby Powder,259,561.36,672.91,12,60,20,408,9.7,g,2026-06-23 00:00:00,Active
4087,Britannia Pet Shampoo,Britannia,Pet Care,Pet Shampoo,147,764.78,1114.08,18,90,92,207,7.4,kg,2020-12-05 00:00:00,Active
4088,Nivea Lunch Box,Nivea,Kitchen,Lunch Box,156,1167.28,1720.8,18,90,97,413,2.01,g,2024-02-21 00:00:00,Active
4089,Sunfeast Biscuits,Sunfeast,Snacks,Biscuits,257,1001.94,1523.49,18,30,102,400,2.15,L,2021-06-19 00:00:00,Active
4090,Tata Pet Shampoo,Tata,Pet Care,Pet Shampoo,248,1418.24,1763.42,18,90,47,52,5.84,L,2021-07-06 00:00:00,Active
4091,Patanjali Baby Soap,Patanjali,Baby Care,Baby Soap,114,47.25,63.19,5,60,42,227,9.79,L,2022-05-16 00:00:00,Active
4092,Dabur Curd,Dabur,Dairy,Curd,123,767.49,960.55,12,30,93,193,8.4,L,2021-07-16 00:00:00,Active
4093,Nestle Dog Food,Nestle,Pet Care,Dog Food,338,526.35,718.55,18,180,42,124,8.1,L,2022-03-07 00:00:00,Active
4094,Patanjali Baby Lotion,Patanjali,Baby Care,Baby Lotion,349,1764.39,2091.6,0,180,28,81,0.58,L,2022-01-23 00:00:00,Active
4095,Godrej Lunch Box,Godrej,Kitchen,Lunch Box,301,217.07,286.04,5,365,97,479,3.95,ml,2020-10-19 00:00:00,Active
4096,HUL Soft Drink,HUL,Beverages,Soft Drink,270,917.27,1313.08,18,180,90,312,2.18,ml,2021-07-22 00:00:00,Active
4097,Tata Knife,Tata,Kitchen,Knife,108,930.22,1425.68,18,365,33,243,3.55,g,2021-04-10 00:00:00,Active
4098,Pedigree Cooking Oil,Pedigree,Grocery,Cooking Oil,121,1503.35,2092.18,18,365,82,169,7.35,L,2023-06-18 00:00:00,Active
4099,Sunfeast Pressure Cooker,Sunfeast,Kitchen,Pressure Cooker,469,1696.46,2086.53,18,30,105,150,9.3,L,2023-11-04 00:00:00,Active
4100,Nivea Detergent,Nivea,Household,Detergent,369,719.38,853.33,5,180,104,373,4.4,pcs,2023-03-02 00:00:00,Active
4101,Sunfeast Cooking Oil,Sunfeast,Grocery,Cooking Oil,228,801.05,1152.42,18,180,105,414,2.37,pcs,2020-11-05 00:00:00,Active
4102,Pedigree Pressure Cooker,Pedigree,Kitchen,Pressure Cooker,225,96.05,134.51,12,180,84,453,5.78,pcs,2025-06-23 00:00:00,Active
4103,Patanjali Moong Dal,Patanjali,Grocery,Moong Dal,343,1250.49,1551.45,18,60,52,121,3.94,kg,2024-08-29 00:00:00,Active
4104,Godrej Soft Drink,Godrej,Beverages,Soft Drink,256,1771.3,2511.63,5,180,64,105,5.33,L,2025-12-01 00:00:00,Active
4105,Nivea Cheese,Nivea,Dairy,Cheese,42,1485.53,2145.62,5,60,94,204,0.31,g,2021-01-02 00:00:00,Active
4106,Godrej Dog Food,Godrej,Pet Care,Dog Food,307,848.79,1260.32,12,180,117,125,8.1,pcs,2020-09-21 00:00:00,Active
4107,Parle Cooking Oil,Parle,Grocery,Cooking Oil,154,1001.67,1413.42,5,365,102,414,6.98,pcs,2021-07-08 00:00:00,Active
4108,Mamaearth Rice,Mamaearth,Grocery,Rice,262,1125.12,1545,18,180,107,408,5.73,L,2021-09-03 00:00:00,Active
4109,Aashirvaad Detergent,Aashirvaad,Household,Detergent,15,130.66,161.36,12,365,116,289,7.5,L,2023-04-20 00:00:00,Active
4110,Godrej Cat Food,Godrej,Pet Care,Cat Food,407,417.84,519.56,12,60,68,480,3.01,pcs,2025-02-08 00:00:00,Active
4111,Lizol Cooking Oil,Lizol,Grocery,Cooking Oil,326,1303.05,1780.96,18,180,38,126,1.69,ml,2024-10-15 00:00:00,Active
4112,Aashirvaad Baby Lotion,Aashirvaad,Baby Care,Baby Lotion,18,1682.76,2056.14,0,60,83,55,1.44,L,2023-04-10 00:00:00,Active
4113,Pedigree Cat Food,Pedigree,Pet Care,Cat Food,224,854.61,1285.27,5,365,108,69,8.98,kg,2023-07-27 00:00:00,Active
4114,Pedigree Energy Drink,Pedigree,Beverages,Energy Drink,223,1224.32,1432.84,0,60,117,69,5.03,kg,2025-01-30 00:00:00,Active
4115,Tata Baby Lotion,Tata,Baby Care,Baby Lotion,178,668.22,1002.59,5,365,104,130,8.66,L,2023-01-11 00:00:00,Active
4116,Aashirvaad Tissue Paper,Aashirvaad,Household,Tissue Paper,50,341.19,408.76,12,365,98,208,2.87,kg,2022-04-23 00:00:00,Active
4117,Dettol Detergent,Dettol,Household,Detergent,107,732.62,1009.45,0,60,90,90,3.24,pcs,2022-03-14 00:00:00,Active
4118,Amul Cooking Oil,Amul,Grocery,Cooking Oil,392,638.37,895.95,18,365,67,412,0.75,ml,2024-05-21 00:00:00,Active
4119,Nestle Energy Drink,Nestle,Beverages,Energy Drink,72,1176.66,1350.09,18,90,25,410,8.09,kg,2020-09-09 00:00:00,Active
4120,Sunfeast Juice,Sunfeast,Beverages,Juice,427,1046.56,1442.67,5,30,55,210,1.41,ml,2025-08-14 00:00:00,Active
4121,Pedigree Frying Pan,Pedigree,Kitchen,Frying Pan,204,1367.51,2054.25,5,365,93,170,0.17,g,2026-01-14 00:00:00,Active
4122,Parle Moong Dal,Parle,Grocery,Moong Dal,165,148.37,189.09,18,30,91,147,7.47,pcs,2023-05-19 00:00:00,Active
4123,Godrej Baby Lotion,Godrej,Baby Care,Baby Lotion,382,1267.52,1717.38,18,90,53,363,9.36,kg,2023-03-17 00:00:00,Active
4124,Amul Toothpaste,Amul,Personal Care,Toothpaste,484,1075.71,1316.65,18,90,59,285,0.79,g,2022-05-11 00:00:00,Active
4125,Tata Poha,Tata,Grocery,Poha,272,467.48,615.51,18,30,63,254,3.87,g,2023-08-15 00:00:00,Active
4126,Sunfeast Moong Dal,Sunfeast,Grocery,Moong Dal,159,1793.91,2459.98,12,180,33,234,0.2,kg,2021-10-15 00:00:00,Active
4127,Britannia Mineral Water,Britannia,Beverages,Mineral Water,441,759.43,1055.76,18,180,27,483,9.85,L,2025-01-22 00:00:00,Active
4128,Amul Garbage Bags,Amul,Household,Garbage Bags,330,1504.45,2236.52,12,180,74,218,4.9,pcs,2026-04-26 00:00:00,Active
4129,HUL Pet Shampoo,HUL,Pet Care,Pet Shampoo,158,1056.79,1604.74,18,90,48,286,1.6,pcs,2024-07-21 00:00:00,Active
4130,Patanjali Suji,Patanjali,Grocery,Suji,356,596.21,706.83,18,30,95,113,0.37,ml,2022-03-30 00:00:00,Active
4131,ITC Face Wash,ITC,Personal Care,Face Wash,158,1638.07,2376.5,5,90,106,383,2.36,kg,2022-12-31 00:00:00,Active
4132,Colgate Sugar,Colgate,Grocery,Sugar,69,1171.74,1696.24,5,180,77,148,9.92,pcs,2020-08-20 00:00:00,Active
4133,Amul Soft Drink,Amul,Beverages,Soft Drink,125,1107.55,1708.52,0,90,67,133,2.57,pcs,2021-03-04 00:00:00,Active
4134,Fortune Salt,Fortune,Grocery,Salt,378,703.79,1030.41,5,365,76,185,6.37,L,2023-09-24 00:00:00,Active
4135,Colgate Diapers,Colgate,Baby Care,Diapers,338,1372.34,1557.13,12,365,25,66,0.59,L,2020-07-27 00:00:00,Active
4136,Nivea Floor Cleaner,Nivea,Household,Floor Cleaner,191,221.77,293.12,0,30,60,188,2.29,pcs,2025-05-30 00:00:00,Discontinued
4137,Nivea Tissue Paper,Nivea,Household,Tissue Paper,493,205.17,285.87,18,180,99,414,8.02,pcs,2021-12-07 00:00:00,Active
4138,Surf Excel Paneer,Surf Excel,Dairy,Paneer,59,1764.07,2636.7,12,30,57,188,4.33,kg,2021-09-05 00:00:00,Active
4139,Nestle Dishwash Liquid,Nestle,Household,Dishwash Liquid,445,825.65,937.34,18,90,73,481,1.5,ml,2025-10-02 00:00:00,Active
4140,Tata Frying Pan,Tata,Kitchen,Frying Pan,342,533.53,777.36,12,60,119,497,6.37,ml,2026-03-09 00:00:00,Active
4141,Colgate Cat Food,Colgate,Pet Care,Cat Food,181,658.63,913.46,0,60,104,167,2.83,g,2022-09-26 00:00:00,Active
4142,Colgate Pressure Cooker,Colgate,Kitchen,Pressure Cooker,498,338.09,434.08,12,365,59,364,6.5,pcs,2026-06-25 00:00:00,Active
4143,Sunfeast Paneer,Sunfeast,Dairy,Paneer,120,1597.39,2165.94,18,60,111,221,5.42,kg,2026-07-05 00:00:00,Active
4144,ITC Soft Drink,ITC,Beverages,Soft Drink,103,1190,1374.79,0,60,64,270,1.23,kg,2020-12-04 00:00:00,Active
4145,Lizol Sugar,Lizol,Grocery,Sugar,153,919.56,1217.66,12,180,93,453,2,g,2020-09-12 00:00:00,Active
4146,Lizol Juice,Lizol,Beverages,Juice,358,1378.12,1588.62,18,365,40,137,3.53,pcs,2022-05-07 00:00:00,Active
4147,Patanjali Bottle,Patanjali,Kitchen,Bottle,385,229.41,319.54,12,180,58,57,5.32,L,2023-05-24 00:00:00,Active
4148,Patanjali Cooking Oil,Patanjali,Grocery,Cooking Oil,322,1103.99,1308.38,18,30,115,299,3.54,L,2022-12-01 00:00:00,Active
4149,Nestle Chana Dal,Nestle,Grocery,Chana Dal,149,919.61,1126.02,12,60,62,113,0.95,kg,2023-03-10 00:00:00,Active
4150,Aashirvaad Toothpaste,Aashirvaad,Personal Care,Toothpaste,340,154.1,232.09,5,90,33,238,9.23,pcs,2024-11-12 00:00:00,Active
4151,Nivea Mineral Water,Nivea,Beverages,Mineral Water,219,463.22,532.09,0,180,26,475,6.54,ml,2021-04-27 00:00:00,Active
4152,Fortune Paneer,Fortune,Dairy,Paneer,253,595.88,923.44,12,60,22,99,8.21,ml,2023-02-26 00:00:00,Active
4153,Nestle Face Wash,Nestle,Personal Care,Face Wash,40,692.58,1057.15,12,180,49,146,4.8,pcs,2026-05-07 00:00:00,Active
4154,Godrej Curd,Godrej,Dairy,Curd,36,142.99,190.36,0,365,20,299,1.2,L,2025-11-20 00:00:00,Active
4155,Tata Paneer,Tata,Dairy,Paneer,51,196.47,269.29,12,365,108,383,3.66,pcs,2024-12-31 00:00:00,Active
4156,Patanjali Lunch Box,Patanjali,Kitchen,Lunch Box,447,699.83,794.73,18,60,96,251,4.32,kg,2024-04-01 00:00:00,Active
4157,Nivea Pressure Cooker,Nivea,Kitchen,Pressure Cooker,266,474.18,713.53,0,180,89,209,5.34,ml,2024-05-29 00:00:00,Active
4158,Pedigree Juice,Pedigree,Beverages,Juice,9,1093.39,1438.84,12,180,55,178,3.47,g,2022-09-01 00:00:00,Active
4159,Amul Chana Dal,Amul,Grocery,Chana Dal,64,482.16,687.89,0,365,30,479,5.18,g,2022-01-03 00:00:00,Active
4160,Lizol Sugar,Lizol,Grocery,Sugar,366,1154.1,1479.99,5,180,43,135,2.15,ml,2023-10-04 00:00:00,Active
4161,Britannia Baby Soap,Britannia,Baby Care,Baby Soap,470,482.17,583.06,18,30,62,349,0.58,ml,2025-11-20 00:00:00,Active
4162,Parle Mineral Water,Parle,Beverages,Mineral Water,337,308.28,445.7,12,90,95,155,0.62,L,2021-07-31 00:00:00,Active
4163,Fortune Dog Food,Fortune,Pet Care,Dog Food,347,1520.59,1766.19,12,365,95,272,3.03,ml,2024-08-15 00:00:00,Active
4164,Amul Baby Lotion,Amul,Baby Care,Baby Lotion,235,1103.96,1531.77,5,180,52,55,7.04,kg,2025-03-25 00:00:00,Active
4165,Sunfeast Juice,Sunfeast,Beverages,Juice,312,534.36,780.26,0,60,75,237,4.26,kg,2025-11-02 00:00:00,Discontinued
4166,Fortune Cookies,Fortune,Snacks,Cookies,21,1595.12,1905.42,0,180,36,326,7.55,pcs,2023-05-19 00:00:00,Active
4167,Surf Excel Biscuits,Surf Excel,Snacks,Biscuits,237,478.66,610.2,5,365,102,355,3.26,pcs,2021-03-13 00:00:00,Active
4168,Dabur Frying Pan,Dabur,Kitchen,Frying Pan,248,292.76,335.92,12,180,61,140,6.01,pcs,2024-08-16 00:00:00,Active
4169,Tata Tissue Paper,Tata,Household,Tissue Paper,434,576.71,686.19,12,180,45,324,1.96,ml,2022-12-03 00:00:00,Active
4170,Britannia Tissue Paper,Britannia,Household,Tissue Paper,41,390.16,560.32,5,60,100,86,2.53,pcs,2023-11-09 00:00:00,Active
4171,Dabur Mineral Water,Dabur,Beverages,Mineral Water,262,146.55,182.24,5,90,56,396,7.78,L,2024-05-30 00:00:00,Active
4172,Mamaearth Cat Food,Mamaearth,Pet Care,Cat Food,119,919.07,1310.81,18,365,45,337,6.96,L,2025-07-02 00:00:00,Active
4173,Britannia Shampoo,Britannia,Personal Care,Shampoo,175,1127.51,1356.04,5,90,42,82,3.58,ml,2025-01-23 00:00:00,Active
4174,Colgate Face Wash,Colgate,Personal Care,Face Wash,403,1702.82,1922.72,18,365,112,343,6.44,g,2023-11-02 00:00:00,Discontinued
4175,Nestle Face Wash,Nestle,Personal Care,Face Wash,165,1733.04,2295.59,18,30,22,329,0.56,kg,2024-04-11 00:00:00,Active
4176,Dabur Juice,Dabur,Beverages,Juice,72,335.43,390.48,5,365,63,236,1.16,kg,2025-04-28 00:00:00,Active
4177,Parle Baby Powder,Parle,Baby Care,Baby Powder,467,355.99,483.74,12,30,53,114,9.36,ml,2022-03-05 00:00:00,Active
4178,Parle Namkeen,Parle,Snacks,Namkeen,104,218.12,269.06,18,30,63,380,0.46,L,2024-08-14 00:00:00,Active
4179,Nivea Diapers,Nivea,Baby Care,Diapers,257,1553.44,2069.66,0,30,106,113,6.42,pcs,2025-02-14 00:00:00,Active
4180,Nivea Namkeen,Nivea,Snacks,Namkeen,90,547.85,659.69,18,60,63,231,7.95,ml,2023-04-16 00:00:00,Active
4181,Patanjali Salt,Patanjali,Grocery,Salt,289,1295.32,1908.85,5,30,24,498,8.8,L,2025-01-24 00:00:00,Active
4182,Dabur Dog Food,Dabur,Pet Care,Dog Food,182,372.45,504.94,12,90,63,120,4.6,pcs,2020-12-14 00:00:00,Active
4183,Sunfeast Baby Powder,Sunfeast,Baby Care,Baby Powder,111,26.78,32.09,12,180,56,61,9.88,pcs,2023-03-28 00:00:00,Active
4184,Surf Excel Lunch Box,Surf Excel,Kitchen,Lunch Box,371,1098.56,1267.37,12,30,81,406,5.65,ml,2023-11-07 00:00:00,Active
4185,Surf Excel Baby Powder,Surf Excel,Baby Care,Baby Powder,331,1712,2652.55,0,365,57,337,9.7,ml,2021-01-14 00:00:00,Active
4186,HUL Curd,HUL,Dairy,Curd,357,1734.34,2004.71,0,30,38,198,1,L,2025-04-16 00:00:00,Active
4187,Sunfeast Garbage Bags,Sunfeast,Household,Garbage Bags,472,1632.27,2458.88,18,60,62,154,2.11,ml,2026-01-08 00:00:00,Active
4188,Pedigree Frying Pan,Pedigree,Kitchen,Frying Pan,257,732.27,1123.3,18,365,67,466,5.44,L,2021-07-25 00:00:00,Active
4189,Dabur Butter,Dabur,Dairy,Butter,344,1646.1,1885.66,18,90,116,93,3.12,pcs,2024-05-07 00:00:00,Active
4190,Pedigree Dog Food,Pedigree,Pet Care,Dog Food,351,1683.75,2417.27,12,60,30,59,3.47,ml,2023-10-29 00:00:00,Active
4191,Britannia Salt,Britannia,Grocery,Salt,237,1796.94,2609.5,12,365,73,71,5.62,pcs,2024-02-26 00:00:00,Discontinued
4192,Sunfeast Garbage Bags,Sunfeast,Household,Garbage Bags,170,1103.54,1524.43,12,60,52,132,1.96,L,2021-04-13 00:00:00,Active
4193,Nestle Floor Cleaner,Nestle,Household,Floor Cleaner,495,316.35,450.51,18,30,74,121,6.46,kg,2020-11-08 00:00:00,Active
4194,Nivea Pressure Cooker,Nivea,Kitchen,Pressure Cooker,335,94.45,116.85,0,90,35,458,9.64,kg,2022-09-18 00:00:00,Active
4195,Nivea Detergent,Nivea,Household,Detergent,361,637.35,896.15,5,90,81,372,2.8,g,2020-12-22 00:00:00,Discontinued
4196,Colgate Baby Powder,Colgate,Baby Care,Baby Powder,88,469.56,705.41,18,90,77,119,3.27,L,2023-03-12 00:00:00,Active
4197,Aashirvaad Cookies,Aashirvaad,Snacks,Cookies,204,393.21,597.33,0,90,36,179,0.36,kg,2025-04-23 00:00:00,Active
4198,Tata Shampoo,Tata,Personal Care,Shampoo,359,1215.76,1847.36,18,365,103,222,7.54,g,2022-07-09 00:00:00,Active
4199,Amul Baby Powder,Amul,Baby Care,Baby Powder,282,1029.58,1395.78,0,60,39,207,7.86,ml,2021-05-23 00:00:00,Active
4200,Nivea Shampoo,Nivea,Personal Care,Shampoo,1,84.84,124.36,5,30,97,440,8.44,pcs,2023-05-07 00:00:00,Active
4201,Tata Baby Powder,Tata,Baby Care,Baby Powder,426,1562.21,1817.87,12,365,29,88,4.74,g,2021-04-27 00:00:00,Active
4202,Parle Dog Food,Parle,Pet Care,Dog Food,105,1212.22,1540.27,5,180,96,292,0.12,ml,2024-04-13 00:00:00,Active
4203,Lizol Energy Drink,Lizol,Beverages,Energy Drink,93,1659.04,2250.73,12,60,79,94,4.97,kg,2024-02-21 00:00:00,Active
4204,HUL Floor Cleaner,HUL,Household,Floor Cleaner,474,420.49,472.29,5,90,68,344,9.14,ml,2025-07-08 00:00:00,Active
4205,Patanjali Soap,Patanjali,Personal Care,Soap,473,1664.27,2032.79,0,90,31,354,4.2,g,2023-02-25 00:00:00,Active
4206,Dabur Bottle,Dabur,Kitchen,Bottle,102,266.71,373.95,0,90,58,158,0.27,pcs,2023-11-10 00:00:00,Active
4207,Mamaearth Mineral Water,Mamaearth,Beverages,Mineral Water,421,224.73,259.05,18,90,45,489,8.22,ml,2023-04-06 00:00:00,Active
4208,Sunfeast Curd,Sunfeast,Dairy,Curd,362,561.43,841.65,5,90,30,432,9.29,L,2026-05-05 00:00:00,Active
4209,Patanjali Knife,Patanjali,Kitchen,Knife,111,263.48,331.93,12,365,104,214,7.28,pcs,2024-06-29 00:00:00,Active
4210,Pedigree Mineral Water,Pedigree,Beverages,Mineral Water,225,1530.2,1947.6,18,90,90,172,9.99,g,2025-04-16 00:00:00,Active
4211,Lizol Cheese,Lizol,Dairy,Cheese,151,15.22,21.52,0,180,56,95,1.52,kg,2022-06-06 00:00:00,Active
4212,Fortune Sugar,Fortune,Grocery,Sugar,105,481.4,634.43,0,180,62,57,1.16,g,2021-08-09 00:00:00,Active
4213,Godrej Salt,Godrej,Grocery,Salt,444,1034.45,1270.98,0,90,36,244,9.49,ml,2026-01-29 00:00:00,Active
4214,Dabur Baby Soap,Dabur,Baby Care,Baby Soap,38,844.06,1000.8,5,180,53,400,3.2,L,2024-09-26 00:00:00,Active
4215,Surf Excel Cat Food,Surf Excel,Pet Care,Cat Food,313,1171.45,1698.79,18,180,104,206,3.96,g,2025-04-17 00:00:00,Active
4216,Patanjali Lunch Box,Patanjali,Kitchen,Lunch Box,354,23.51,34.3,5,60,48,117,4.93,pcs,2023-04-01 00:00:00,Active
4217,Nestle Knife,Nestle,Kitchen,Knife,329,1496.3,1676.61,18,180,35,358,5.71,kg,2024-05-22 00:00:00,Active
4218,Nestle Hair Oil,Nestle,Personal Care,Hair Oil,158,1544.94,1964.06,18,90,74,113,9.75,kg,2021-05-22 00:00:00,Active
4219,Mamaearth Bottle,Mamaearth,Kitchen,Bottle,77,1708.16,2629.05,18,30,73,313,8.82,g,2025-02-23 00:00:00,Discontinued
4220,Aashirvaad Pet Shampoo,Aashirvaad,Pet Care,Pet Shampoo,399,1283.59,1477.16,0,30,92,244,3.89,L,2021-07-14 00:00:00,Active
4221,Aashirvaad Soft Drink,Aashirvaad,Beverages,Soft Drink,307,1716.43,2255.86,0,365,84,221,7.99,kg,2024-06-30 00:00:00,Active
4222,Britannia Salt,Britannia,Grocery,Salt,114,1467.91,2198.54,12,180,114,478,8.2,kg,2023-01-07 00:00:00,Active
4223,Lizol Sugar,Lizol,Grocery,Sugar,333,394.44,582.79,5,60,87,370,8.17,L,2024-07-31 00:00:00,Active
4224,Parle Detergent,Parle,Household,Detergent,488,1072.68,1272.46,0,180,39,125,2.05,g,2022-11-16 00:00:00,Active
4225,HUL Knife,HUL,Kitchen,Knife,346,415.39,561.86,12,30,33,407,1.29,g,2024-03-20 00:00:00,Active
4226,Lizol Pet Shampoo,Lizol,Pet Care,Pet Shampoo,422,1656.04,2028.26,18,365,40,274,5.56,ml,2023-11-11 00:00:00,Active
4227,Dabur Pet Shampoo,Dabur,Pet Care,Pet Shampoo,283,453.87,509.84,12,60,36,353,7.73,ml,2021-05-12 00:00:00,Active
4228,Godrej Toothpaste,Godrej,Personal Care,Toothpaste,236,1436.3,1841.37,12,60,23,256,1.64,kg,2021-10-26 00:00:00,Active
4229,Nivea Paneer,Nivea,Dairy,Paneer,315,1150.2,1688.59,0,365,84,409,4.45,kg,2024-12-22 00:00:00,Active
4230,ITC Pressure Cooker,ITC,Kitchen,Pressure Cooker,266,387.15,560,12,60,102,161,5.89,L,2022-01-01 00:00:00,Active
4231,ITC Pressure Cooker,ITC,Kitchen,Pressure Cooker,303,1265.84,1762.28,18,60,44,60,6.29,kg,2026-03-29 00:00:00,Discontinued
4232,Aashirvaad Hair Oil,Aashirvaad,Personal Care,Hair Oil,123,109.24,135.61,5,180,32,472,8.42,g,2022-02-05 00:00:00,Active
4233,Surf Excel Sugar,Surf Excel,Grocery,Sugar,136,516.53,789.87,0,180,31,395,3.84,g,2022-10-11 00:00:00,Discontinued
4234,Godrej Baby Powder,Godrej,Baby Care,Baby Powder,270,1498.1,2012.61,12,30,103,383,4.34,g,2024-03-26 00:00:00,Active
4235,Lizol Curd,Lizol,Dairy,Curd,164,39.9,60.13,18,90,29,69,2.5,ml,2025-12-30 00:00:00,Active
4236,Aashirvaad Namkeen,Aashirvaad,Snacks,Namkeen,168,1087.75,1275.42,5,90,88,157,5.31,kg,2025-10-24 00:00:00,Active
4237,Lizol Mineral Water,Lizol,Beverages,Mineral Water,61,937.89,1451.03,18,90,120,447,2.85,ml,2025-05-22 00:00:00,Active
4238,Lizol Bottle,Lizol,Kitchen,Bottle,351,204.91,246.25,0,30,119,80,8.88,pcs,2025-01-08 00:00:00,Active
4239,Aashirvaad Garbage Bags,Aashirvaad,Household,Garbage Bags,283,1237.98,1833.19,12,365,30,111,8.28,kg,2021-01-31 00:00:00,Active
4240,Parle Baby Lotion,Parle,Baby Care,Baby Lotion,128,356.51,513.58,12,365,70,310,1.71,pcs,2025-03-19 00:00:00,Active
4241,Nivea Soap,Nivea,Personal Care,Soap,125,217.93,257.26,12,180,49,465,0.91,ml,2025-03-25 00:00:00,Active
4242,Parle Baby Lotion,Parle,Baby Care,Baby Lotion,299,823.59,1063.03,5,180,87,374,5.59,L,2024-04-13 00:00:00,Active
4243,ITC Lunch Box,ITC,Kitchen,Lunch Box,102,988.33,1469.76,5,90,83,392,8.99,kg,2022-05-14 00:00:00,Active
4244,Godrej Milk,Godrej,Dairy,Milk,322,861.66,1332.38,0,60,86,134,9.42,g,2023-03-28 00:00:00,Active
4245,Surf Excel Paneer,Surf Excel,Dairy,Paneer,439,323.27,449.51,0,90,114,169,0.31,L,2024-11-19 00:00:00,Active
4246,Mamaearth Pet Shampoo,Mamaearth,Pet Care,Pet Shampoo,289,544.56,796.39,18,60,58,346,9.33,kg,2022-02-16 00:00:00,Active
4247,Dettol Cheese,Dettol,Dairy,Cheese,312,764.33,1092.72,5,60,55,234,0.17,L,2022-08-23 00:00:00,Active
4248,ITC Detergent,ITC,Household,Detergent,14,368.62,419.79,18,180,69,86,4.82,ml,2023-06-14 00:00:00,Active
4249,Sunfeast Butter,Sunfeast,Dairy,Butter,212,1008.1,1245.09,12,365,106,119,7.98,kg,2024-03-08 00:00:00,Active
4250,Parle Lunch Box,Parle,Kitchen,Lunch Box,471,962.71,1396.32,0,365,33,323,3.95,ml,2022-03-27 00:00:00,Active
4251,Godrej Mineral Water,Godrej,Beverages,Mineral Water,190,1615.76,1848.39,18,60,59,305,7.58,g,2023-10-14 00:00:00,Active
4252,Patanjali Energy Drink,Patanjali,Beverages,Energy Drink,14,1175.47,1520.6,0,180,20,388,9.69,pcs,2020-08-05 00:00:00,Active
4253,Lizol Soap,Lizol,Personal Care,Soap,100,1328.06,1577.41,0,365,23,82,4.44,ml,2023-06-26 00:00:00,Active
4254,HUL Lunch Box,HUL,Kitchen,Lunch Box,358,1474.68,1736.72,12,365,93,160,8.44,pcs,2022-12-23 00:00:00,Active
4255,Lizol Toor Dal,Lizol,Grocery,Toor Dal,188,85.32,127.27,18,30,40,475,4.22,ml,2024-10-04 00:00:00,Active
4256,Nestle Baby Soap,Nestle,Baby Care,Baby Soap,200,1229.85,1544.29,18,180,32,221,4.64,kg,2021-06-14 00:00:00,Discontinued
4257,Britannia Curd,Britannia,Dairy,Curd,268,1687.9,1903.48,0,90,100,319,7.7,g,2021-12-28 00:00:00,Active
4258,Mamaearth Diapers,Mamaearth,Baby Care,Diapers,453,1457.84,2136.79,18,60,66,419,8.73,g,2026-03-31 00:00:00,Active
4259,Tata Baby Lotion,Tata,Baby Care,Baby Lotion,434,65.47,93.38,5,60,64,496,8.27,pcs,2021-03-02 00:00:00,Active
4260,Surf Excel Pressure Cooker,Surf Excel,Kitchen,Pressure Cooker,345,760.76,1016.92,5,30,52,154,2.87,g,2021-05-03 00:00:00,Active
4261,Tata Pet Shampoo,Tata,Pet Care,Pet Shampoo,64,402.16,593.29,0,30,111,173,2.27,pcs,2021-10-01 00:00:00,Active
4262,Mamaearth Juice,Mamaearth,Beverages,Juice,127,39.44,44.3,18,180,64,333,3.16,pcs,2023-11-26 00:00:00,Active
4263,Fortune Atta,Fortune,Grocery,Atta,171,90.65,114.75,0,60,65,280,5.53,kg,2026-01-09 00:00:00,Active
4264,Aashirvaad Coffee,Aashirvaad,Grocery,Coffee,470,1104.89,1305.43,18,365,92,53,2.79,g,2022-08-22 00:00:00,Active
4265,Mamaearth Cheese,Mamaearth,Dairy,Cheese,99,1640.05,2200.99,18,90,87,436,5.45,ml,2022-04-29 00:00:00,Active
4266,Colgate Baby Lotion,Colgate,Baby Care,Baby Lotion,228,1265.34,1628.75,18,30,78,413,4.63,g,2021-01-12 00:00:00,Active
4267,Sunfeast Shampoo,Sunfeast,Personal Care,Shampoo,140,1126.67,1435.08,18,365,89,423,0.97,L,2023-01-13 00:00:00,Active
4268,Aashirvaad Cookies,Aashirvaad,Snacks,Cookies,386,1500.87,2194,18,30,66,69,7.95,ml,2023-08-25 00:00:00,Active
4269,Aashirvaad Detergent,Aashirvaad,Household,Detergent,432,782.47,965.7,0,365,115,458,8.7,pcs,2025-11-22 00:00:00,Active
4270,Surf Excel Diapers,Surf Excel,Baby Care,Diapers,443,1730.27,2470.34,0,30,48,343,1.22,pcs,2021-03-01 00:00:00,Active
4271,Dettol Dog Food,Dettol,Pet Care,Dog Food,42,1658.91,2455.69,12,60,22,101,2.48,pcs,2023-01-22 00:00:00,Active
4272,Patanjali Bottle,Patanjali,Kitchen,Bottle,90,1000.51,1502.33,0,90,22,199,3.97,L,2024-11-12 00:00:00,Active
4273,Tata Baby Powder,Tata,Baby Care,Baby Powder,95,1515.62,2301.63,5,180,104,133,4.87,g,2022-02-06 00:00:00,Active
4274,Amul Frying Pan,Amul,Kitchen,Frying Pan,152,446.79,561.6,12,180,103,306,2.9,g,2022-05-21 00:00:00,Active
4275,Britannia Chips,Britannia,Snacks,Chips,152,1559.52,2144.91,18,365,73,102,4.92,g,2022-03-28 00:00:00,Active
4276,Amul Pet Shampoo,Amul,Pet Care,Pet Shampoo,446,1037.62,1196.04,12,180,77,264,0.77,kg,2022-08-31 00:00:00,Active
4277,ITC Detergent,ITC,Household,Detergent,431,1357.95,1646.67,12,180,113,133,3.25,ml,2022-12-07 00:00:00,Active
4278,Pedigree Suji,Pedigree,Grocery,Suji,178,75.1,101.12,18,365,109,225,3.8,kg,2022-08-30 00:00:00,Active
4279,Godrej Toothpaste,Godrej,Personal Care,Toothpaste,432,146.55,191.01,18,60,25,241,7.3,g,2023-04-02 00:00:00,Active
4280,Dabur Baby Powder,Dabur,Baby Care,Baby Powder,164,53.81,62.9,5,365,47,338,7.04,L,2022-11-24 00:00:00,Active
4281,HUL Atta,HUL,Grocery,Atta,360,1161.09,1654.33,0,180,43,52,6.75,g,2023-03-31 00:00:00,Active
4282,Pedigree Hair Oil,Pedigree,Personal Care,Hair Oil,117,360.04,523.39,18,180,66,265,4.97,pcs,2021-12-24 00:00:00,Active
4283,Nivea Diapers,Nivea,Baby Care,Diapers,142,595.46,879.63,0,90,84,194,1.65,pcs,2024-08-05 00:00:00,Active
4284,Lizol Pressure Cooker,Lizol,Kitchen,Pressure Cooker,325,802.73,1063.45,12,180,64,321,3.45,ml,2021-08-17 00:00:00,Active
4285,Tata Baby Soap,Tata,Baby Care,Baby Soap,92,171.65,243.58,12,60,77,340,2.5,ml,2021-09-30 00:00:00,Active
4286,Nivea Chocolate,Nivea,Snacks,Chocolate,178,1715.53,1988.67,5,60,105,316,4.96,g,2023-11-27 00:00:00,Active
4287,Dettol Cheese,Dettol,Dairy,Cheese,133,872.77,1125.11,0,90,56,336,9.03,ml,2023-10-10 00:00:00,Active
4288,Patanjali Cat Food,Patanjali,Pet Care,Cat Food,40,1057.78,1484.43,0,60,28,318,5.42,g,2026-06-03 00:00:00,Active
4289,Colgate Baby Lotion,Colgate,Baby Care,Baby Lotion,268,1206.25,1613.2,18,180,105,415,7.85,g,2022-02-06 00:00:00,Active
4290,Aashirvaad Detergent,Aashirvaad,Household,Detergent,207,855.14,1313.67,5,60,28,257,2.17,ml,2025-10-01 00:00:00,Active
4291,Aashirvaad Lunch Box,Aashirvaad,Kitchen,Lunch Box,44,1392.84,1767.29,5,30,57,86,6.8,g,2023-11-01 00:00:00,Active
4292,Surf Excel Chocolate,Surf Excel,Snacks,Chocolate,25,1160.32,1541.19,18,365,74,211,7.9,L,2022-08-29 00:00:00,Active
4293,Nestle Baby Lotion,Nestle,Baby Care,Baby Lotion,378,897.05,1313.23,12,365,50,364,4.21,kg,2025-12-29 00:00:00,Active
4294,Dabur Dishwash Liquid,Dabur,Household,Dishwash Liquid,378,343.4,430.12,5,90,69,241,3.41,pcs,2025-11-05 00:00:00,Active
4295,Dettol Pet Shampoo,Dettol,Pet Care,Pet Shampoo,101,1739.31,2672.07,12,30,68,328,2.46,kg,2026-06-04 00:00:00,Active
4296,Dettol Biscuits,Dettol,Snacks,Biscuits,335,1294.13,1495.36,0,365,26,80,1.52,L,2024-10-20 00:00:00,Active
4297,Nivea Rice,Nivea,Grocery,Rice,162,468.42,720.77,12,90,77,400,4.91,L,2023-07-19 00:00:00,Active
4298,Nivea Soft Drink,Nivea,Beverages,Soft Drink,35,337.14,505.67,5,60,104,411,10,pcs,2024-07-27 00:00:00,Active
4299,Sunfeast Energy Drink,Sunfeast,Beverages,Energy Drink,135,1050.56,1504.77,5,90,95,312,6.45,pcs,2026-04-14 00:00:00,Active
4300,Patanjali Lunch Box,Patanjali,Kitchen,Lunch Box,233,261.7,403.44,12,365,54,437,3.42,g,2024-10-20 00:00:00,Active
4301,Britannia Energy Drink,Britannia,Beverages,Energy Drink,154,1130.86,1392.71,18,365,87,191,3.54,pcs,2025-09-25 00:00:00,Discontinued
4302,Britannia Coffee,Britannia,Grocery,Coffee,15,692.59,1052.67,12,180,87,151,9.74,ml,2025-11-29 00:00:00,Active
4303,Sunfeast Baby Soap,Sunfeast,Baby Care,Baby Soap,459,1301.09,1642.74,18,60,54,187,7.62,ml,2023-12-03 00:00:00,Active
4304,Parle Juice,Parle,Beverages,Juice,408,1314.25,1858.69,5,30,94,138,4.64,pcs,2024-10-11 00:00:00,Active
4305,Surf Excel Coffee,Surf Excel,Grocery,Coffee,71,179.31,206.99,0,60,116,87,3.48,kg,2021-12-30 00:00:00,Discontinued
4306,ITC Bottle,ITC,Kitchen,Bottle,17,390.23,522.57,12,90,33,416,3.94,L,2026-03-02 00:00:00,Active
4307,Amul Energy Drink,Amul,Beverages,Energy Drink,464,17.18,23.21,18,180,80,240,0.87,kg,2024-06-10 00:00:00,Active
4308,Dabur Soft Drink,Dabur,Beverages,Soft Drink,244,1735.71,2265.61,5,90,117,496,4.7,L,2021-11-27 00:00:00,Active
4309,Godrej Diapers,Godrej,Baby Care,Diapers,140,1586.97,1988.66,5,30,119,81,8.19,g,2022-09-06 00:00:00,Active
4310,Godrej Mineral Water,Godrej,Beverages,Mineral Water,491,448.23,639.87,18,60,27,432,3.62,L,2022-09-25 00:00:00,Active
4311,Colgate Cheese,Colgate,Dairy,Cheese,175,1595.53,1977.46,18,365,39,120,2.79,kg,2026-03-26 00:00:00,Active
4312,Tata Curd,Tata,Dairy,Curd,257,1715.48,2191.09,5,365,41,402,2.14,ml,2025-02-07 00:00:00,Active
4313,Parle Soap,Parle,Personal Care,Soap,240,1662.8,2411.72,0,180,77,79,4.63,pcs,2021-01-25 00:00:00,Active
4314,Godrej Cookies,Godrej,Snacks,Cookies,154,1617.3,2380.33,18,90,103,358,9.64,kg,2024-07-26 00:00:00,Active
4315,Colgate Paneer,Colgate,Dairy,Paneer,108,1443.74,2134.63,0,30,36,202,1.66,L,2026-01-01 00:00:00,Active
4316,Mamaearth Baby Powder,Mamaearth,Baby Care,Baby Powder,271,1703.13,2615.25,12,90,85,159,7.12,kg,2023-02-08 00:00:00,Active
4317,Tata Salt,Tata,Grocery,Salt,365,1005.3,1275.06,18,60,68,147,6.84,ml,2025-06-16 00:00:00,Active
4318,ITC Namkeen,ITC,Snacks,Namkeen,95,1096.6,1411.56,0,30,42,170,5.54,ml,2020-11-15 00:00:00,Active
4319,Amul Frying Pan,Amul,Kitchen,Frying Pan,213,887.18,1159.47,12,365,83,71,3.85,pcs,2025-01-12 00:00:00,Active
4320,Nestle Suji,Nestle,Grocery,Suji,323,1020.31,1320.3,12,60,115,388,9.95,g,2024-09-11 00:00:00,Active
4321,Mamaearth Biscuits,Mamaearth,Snacks,Biscuits,38,609.96,690.14,0,30,85,291,0.15,kg,2021-01-10 00:00:00,Active
4322,Parle Tea,Parle,Grocery,Tea,184,334.12,516.18,5,60,115,135,0.52,pcs,2022-04-30 00:00:00,Active
4323,Britannia Tissue Paper,Britannia,Household,Tissue Paper,150,959.51,1292.64,18,180,29,484,4.53,kg,2024-10-02 00:00:00,Active
4324,Nivea Face Wash,Nivea,Personal Care,Face Wash,423,338.71,497.16,12,365,98,419,1.09,kg,2026-07-15 00:00:00,Active
4325,Sunfeast Juice,Sunfeast,Beverages,Juice,207,762.41,873.01,12,180,111,269,7.81,g,2025-06-02 00:00:00,Active
4326,Colgate Juice,Colgate,Beverages,Juice,179,50.52,74.59,0,60,108,206,9.01,L,2022-05-02 00:00:00,Active
4327,Dettol Soft Drink,Dettol,Beverages,Soft Drink,478,1415.5,2164.33,12,60,55,95,6.64,ml,2022-09-25 00:00:00,Active
4328,Colgate Toothpaste,Colgate,Personal Care,Toothpaste,213,1616.73,2076.02,18,180,70,445,6.39,L,2023-05-25 00:00:00,Active
4329,Dabur Paneer,Dabur,Dairy,Paneer,9,1290,1613.99,0,30,109,106,2.2,ml,2026-07-02 00:00:00,Active
4330,Godrej Pet Shampoo,Godrej,Pet Care,Pet Shampoo,389,888.05,1031.89,18,60,84,465,1.87,g,2021-05-02 00:00:00,Active
4331,HUL Knife,HUL,Kitchen,Knife,463,873.37,1271.25,5,60,46,418,2.43,L,2024-01-03 00:00:00,Active
4332,Nestle Dishwash Liquid,Nestle,Household,Dishwash Liquid,237,855.23,1106.75,18,180,30,71,7.01,kg,2026-02-03 00:00:00,Active
4333,ITC Garbage Bags,ITC,Household,Garbage Bags,460,1536.63,1802.02,18,60,102,424,2.75,pcs,2023-07-12 00:00:00,Active
4334,Fortune Soft Drink,Fortune,Beverages,Soft Drink,147,922.14,1261.94,0,60,70,351,6.46,ml,2023-02-25 00:00:00,Active
4335,Aashirvaad Juice,Aashirvaad,Beverages,Juice,180,1746.7,2217.41,0,30,84,296,3.77,L,2025-10-10 00:00:00,Active
4336,Nestle Curd,Nestle,Dairy,Curd,377,923.51,1337.06,5,60,82,77,6.69,pcs,2021-11-13 00:00:00,Active
4337,Nivea Face Wash,Nivea,Personal Care,Face Wash,54,1680.09,2112.65,5,365,31,175,5.11,L,2023-11-09 00:00:00,Active
4338,Dabur Bottle,Dabur,Kitchen,Bottle,207,1114.81,1325.69,12,90,78,73,0.75,ml,2024-11-18 00:00:00,Active
4339,Britannia Pet Shampoo,Britannia,Pet Care,Pet Shampoo,99,134.2,174.67,18,30,64,200,7.92,pcs,2025-01-04 00:00:00,Active
4340,Mamaearth Namkeen,Mamaearth,Snacks,Namkeen,274,430.82,598.68,5,180,41,381,6.52,ml,2022-09-26 00:00:00,Active
4341,Amul Chana Dal,Amul,Grocery,Chana Dal,316,551.71,737.82,18,30,98,234,3.9,kg,2025-01-15 00:00:00,Active
4342,Nivea Knife,Nivea,Kitchen,Knife,362,1045.31,1558.9,0,180,60,307,4.36,g,2022-01-09 00:00:00,Active
4343,Mamaearth Juice,Mamaearth,Beverages,Juice,102,895.09,1088.41,18,60,34,184,5.82,g,2021-04-03 00:00:00,Active
4344,Surf Excel Baby Lotion,Surf Excel,Baby Care,Baby Lotion,244,1239.59,1452.34,12,180,89,271,2.26,L,2023-11-22 00:00:00,Active
4345,Dabur Baby Soap,Dabur,Baby Care,Baby Soap,424,322.99,419.53,5,90,119,225,5.33,g,2025-01-19 00:00:00,Active
4346,Nivea Mineral Water,Nivea,Beverages,Mineral Water,283,120.42,171.26,18,90,71,370,9.86,g,2020-11-05 00:00:00,Active
4347,Nestle Hair Oil,Nestle,Personal Care,Hair Oil,260,1298.48,1935.75,12,60,57,335,9.16,g,2025-06-01 00:00:00,Active
4348,Dabur Namkeen,Dabur,Snacks,Namkeen,415,1685.37,2500.47,18,365,120,157,2.96,ml,2022-04-17 00:00:00,Active
4349,Surf Excel Soft Drink,Surf Excel,Beverages,Soft Drink,198,156.01,212.09,18,30,82,281,6.69,kg,2022-04-07 00:00:00,Active
4350,Dabur Soap,Dabur,Personal Care,Soap,447,110.09,166.68,5,180,28,305,3.18,ml,2021-11-05 00:00:00,Active
4351,Lizol Soap,Lizol,Personal Care,Soap,140,1133.53,1301.9,0,30,27,64,7.54,kg,2025-02-03 00:00:00,Active
4352,Dabur Poha,Dabur,Grocery,Poha,281,1302.76,1613.86,0,90,21,90,1.03,g,2020-08-11 00:00:00,Active
4353,Tata Chips,Tata,Snacks,Chips,372,1193.99,1624.05,0,365,39,288,7.7,g,2025-05-24 00:00:00,Active
4354,Colgate Energy Drink,Colgate,Beverages,Energy Drink,39,1711.77,2154.42,12,180,91,343,8.91,L,2021-02-11 00:00:00,Active
4355,Patanjali Knife,Patanjali,Kitchen,Knife,318,1643.11,2507.26,18,90,82,72,9.31,pcs,2022-10-31 00:00:00,Active
4356,Nestle Lunch Box,Nestle,Kitchen,Lunch Box,312,1091.81,1550.22,0,365,120,164,2.31,pcs,2023-11-26 00:00:00,Active
4357,Colgate Baby Soap,Colgate,Baby Care,Baby Soap,326,231.5,306.08,18,365,29,119,3.83,ml,2021-07-16 00:00:00,Active
4358,Mamaearth Butter,Mamaearth,Dairy,Butter,374,1521.39,2274.62,18,180,106,63,6.78,pcs,2020-08-04 00:00:00,Active
4359,Tata Diapers,Tata,Baby Care,Diapers,152,828.87,1250.93,18,90,96,280,4.48,L,2025-01-11 00:00:00,Active
4360,Colgate Cat Food,Colgate,Pet Care,Cat Food,406,876.08,1241.85,0,30,79,212,0.44,ml,2024-07-07 00:00:00,Active
4361,Lizol Soft Drink,Lizol,Beverages,Soft Drink,290,434.48,654.93,5,90,79,445,2.9,kg,2022-01-30 00:00:00,Active
4362,Lizol Namkeen,Lizol,Snacks,Namkeen,173,1018.87,1318.28,18,30,77,175,6.48,pcs,2022-12-26 00:00:00,Active
4363,Sunfeast Dishwash Liquid,Sunfeast,Household,Dishwash Liquid,185,20.39,29.35,5,30,78,499,9.39,g,2025-01-02 00:00:00,Active
4364,Aashirvaad Juice,Aashirvaad,Beverages,Juice,287,932.41,1220.24,5,365,87,57,9.83,g,2022-06-09 00:00:00,Active
4365,Lizol Dishwash Liquid,Lizol,Household,Dishwash Liquid,29,726.06,1049.4,5,180,107,66,4.44,pcs,2022-01-05 00:00:00,Active
4366,Parle Chana Dal,Parle,Grocery,Chana Dal,43,351.34,493.55,12,90,48,445,3.13,pcs,2025-02-07 00:00:00,Active
4367,Dettol Cat Food,Dettol,Pet Care,Cat Food,456,20.45,27.7,12,365,115,253,4.93,kg,2020-12-20 00:00:00,Active
4368,Pedigree Cookies,Pedigree,Snacks,Cookies,300,958.25,1203.53,18,60,52,153,4.28,kg,2026-03-13 00:00:00,Active
4369,Colgate Soap,Colgate,Personal Care,Soap,400,1681.27,2339.3,18,180,42,186,0.21,pcs,2022-04-01 00:00:00,Active
4370,Britannia Lunch Box,Britannia,Kitchen,Lunch Box,74,163.82,233.73,0,90,70,267,4.54,kg,2023-08-31 00:00:00,Active
4371,Dettol Cheese,Dettol,Dairy,Cheese,138,227,265.09,12,365,93,460,6.03,kg,2020-12-15 00:00:00,Active
4372,Pedigree Cheese,Pedigree,Dairy,Cheese,12,997.32,1403.61,5,60,30,174,1.14,pcs,2022-02-11 00:00:00,Active
4373,Aashirvaad Baby Lotion,Aashirvaad,Baby Care,Baby Lotion,198,77.38,117.24,0,30,80,171,3.02,ml,2023-04-09 00:00:00,Active
4374,Godrej Soap,Godrej,Personal Care,Soap,187,742.75,1133.35,12,90,30,462,9.86,g,2025-03-18 00:00:00,Active
4375,Mamaearth Dishwash Liquid,Mamaearth,Household,Dishwash Liquid,387,148.86,217.54,12,365,31,228,6.59,ml,2021-03-25 00:00:00,Active
4376,Patanjali Energy Drink,Patanjali,Beverages,Energy Drink,158,430.36,558.26,18,90,22,77,4.52,L,2026-02-08 00:00:00,Active
4377,Aashirvaad Floor Cleaner,Aashirvaad,Household,Floor Cleaner,291,1527.27,1711.49,0,180,66,168,4.04,ml,2026-05-06 00:00:00,Active
4378,Pedigree Diapers,Pedigree,Baby Care,Diapers,400,777.2,1140.53,18,180,84,370,1.08,g,2025-03-06 00:00:00,Active
4379,Parle Toothpaste,Parle,Personal Care,Toothpaste,281,504.16,750.29,18,90,118,348,0.74,L,2025-06-21 00:00:00,Active
4380,Amul Coffee,Amul,Grocery,Coffee,180,1208.55,1455.61,0,365,55,70,9.48,ml,2026-02-25 00:00:00,Active
4381,Godrej Chocolate,Godrej,Snacks,Chocolate,51,1152.01,1490.39,5,60,78,93,0.59,L,2023-10-06 00:00:00,Active
4382,Colgate Curd,Colgate,Dairy,Curd,399,1382.17,2138.31,12,60,86,185,7.59,kg,2021-12-13 00:00:00,Active
4383,Mamaearth Pressure Cooker,Mamaearth,Kitchen,Pressure Cooker,186,1444.5,2019.78,0,365,32,246,8.6,g,2024-11-23 00:00:00,Active
4384,Sunfeast Biscuits,Sunfeast,Snacks,Biscuits,113,241.83,331.43,5,365,74,234,4.95,kg,2022-05-23 00:00:00,Active
4385,Mamaearth Cookies,Mamaearth,Snacks,Cookies,394,1341.72,1583.5,5,30,23,268,1.81,g,2022-02-14 00:00:00,Active
4386,Patanjali Cheese,Patanjali,Dairy,Cheese,319,1641.89,2539.85,5,90,66,109,4.2,pcs,2024-08-21 00:00:00,Active
4387,Nestle Cat Food,Nestle,Pet Care,Cat Food,5,1232.34,1683.9,18,365,30,98,4.78,pcs,2021-03-13 00:00:00,Active
4388,HUL Biscuits,HUL,Snacks,Biscuits,290,1703.49,2422.97,0,60,113,157,3.68,kg,2023-09-18 00:00:00,Active
4389,Colgate Mineral Water,Colgate,Beverages,Mineral Water,440,314.11,453.7,18,60,111,209,9.82,kg,2026-03-04 00:00:00,Active
4390,Godrej Coffee,Godrej,Grocery,Coffee,341,199.8,291.94,18,30,116,476,4.35,g,2026-04-17 00:00:00,Active
4391,ITC Knife,ITC,Kitchen,Knife,147,972.05,1142.44,18,365,40,466,9.18,ml,2023-03-11 00:00:00,Active
4392,Lizol Chocolate,Lizol,Snacks,Chocolate,437,21.98,29.56,12,180,49,122,9.71,g,2021-06-20 00:00:00,Active
4393,Godrej Biscuits,Godrej,Snacks,Biscuits,232,298.31,389.62,5,180,85,432,0.88,L,2025-08-09 00:00:00,Active
4394,Parle Toothpaste,Parle,Personal Care,Toothpaste,482,1681.95,2446.36,12,180,64,362,0.17,L,2026-04-09 00:00:00,Active
4395,Colgate Butter,Colgate,Dairy,Butter,40,572.25,708.12,0,90,78,350,3.07,kg,2021-05-14 00:00:00,Active
4396,Tata Floor Cleaner,Tata,Household,Floor Cleaner,324,402.21,550.62,5,90,58,477,2.76,pcs,2022-10-06 00:00:00,Active
4397,Nestle Toothpaste,Nestle,Personal Care,Toothpaste,164,1044.51,1433.6,0,365,103,407,6.08,ml,2024-12-11 00:00:00,Active
4398,Parle Face Wash,Parle,Personal Care,Face Wash,381,1294.84,1886.84,12,180,23,269,4.29,L,2022-08-13 00:00:00,Active
4399,Colgate Atta,Colgate,Grocery,Atta,154,1690.87,2029.88,5,180,76,113,2.66,L,2022-05-22 00:00:00,Active
4400,Fortune Dog Food,Fortune,Pet Care,Dog Food,67,939.62,1288.52,18,30,64,138,9.26,g,2025-10-08 00:00:00,Active
4401,Britannia Baby Powder,Britannia,Baby Care,Baby Powder,25,1550.21,2109.31,5,30,112,292,6.45,kg,2023-03-24 00:00:00,Active
4402,Dabur Knife,Dabur,Kitchen,Knife,67,1796.75,2460.68,12,60,100,108,0.14,pcs,2023-04-06 00:00:00,Active
4403,Tata Biscuits,Tata,Snacks,Biscuits,42,1226.54,1632.74,5,30,113,130,4.95,pcs,2021-04-29 00:00:00,Active
4404,Aashirvaad Sugar,Aashirvaad,Grocery,Sugar,345,170.14,191.69,5,60,81,356,5.66,g,2020-08-04 00:00:00,Active
4405,Mamaearth Pet Shampoo,Mamaearth,Pet Care,Pet Shampoo,127,1493.42,2250.75,12,365,108,464,7.42,L,2026-02-03 00:00:00,Active
4406,Britannia Namkeen,Britannia,Snacks,Namkeen,154,429.18,635.84,0,365,20,488,6.52,ml,2025-06-07 00:00:00,Active
4407,Lizol Salt,Lizol,Grocery,Salt,55,1393.37,1622.96,12,30,68,327,3.34,L,2022-02-23 00:00:00,Active
4408,Nivea Frying Pan,Nivea,Kitchen,Frying Pan,295,1436.22,1836.56,5,30,89,217,1.26,L,2025-08-02 00:00:00,Active
4409,Surf Excel Biscuits,Surf Excel,Snacks,Biscuits,24,758.72,974.78,0,365,94,369,7.21,L,2023-07-24 00:00:00,Active
4410,Dettol Milk,Dettol,Dairy,Milk,460,211.31,326.84,0,60,71,201,8.34,pcs,2025-12-17 00:00:00,Active
4411,Parle Energy Drink,Parle,Beverages,Energy Drink,411,1258.95,1742.23,0,30,38,211,6.06,ml,2021-12-11 00:00:00,Active
4412,Godrej Knife,Godrej,Kitchen,Knife,289,1371.73,1948.43,18,365,104,268,6.32,kg,2024-07-21 00:00:00,Active
4413,Aashirvaad Chocolate,Aashirvaad,Snacks,Chocolate,305,1216.59,1845.5,12,180,30,453,5.86,ml,2022-09-08 00:00:00,Active
4414,Britannia Dog Food,Britannia,Pet Care,Dog Food,416,849.9,984.16,0,30,49,237,1.97,ml,2022-08-06 00:00:00,Active
4415,Parle Garbage Bags,Parle,Household,Garbage Bags,92,219.21,333.5,5,90,21,223,7.56,kg,2023-12-01 00:00:00,Active
4416,Colgate Frying Pan,Colgate,Kitchen,Frying Pan,57,765.53,1126.67,12,60,89,288,0.66,kg,2022-01-17 00:00:00,Active
4417,Nestle Shampoo,Nestle,Personal Care,Shampoo,268,215.68,325.02,12,365,52,355,7.12,kg,2022-04-01 00:00:00,Active
4418,Mamaearth Baby Soap,Mamaearth,Baby Care,Baby Soap,120,614.41,813.86,18,180,74,206,5.53,L,2025-04-12 00:00:00,Active
4419,Godrej Energy Drink,Godrej,Beverages,Energy Drink,1,56.4,81.71,0,365,89,79,8.92,kg,2023-02-17 00:00:00,Active
4420,Nivea Baby Powder,Nivea,Baby Care,Baby Powder,139,308.86,382.27,5,60,69,227,7.75,pcs,2021-08-02 00:00:00,Active
4421,Surf Excel Detergent,Surf Excel,Household,Detergent,62,1100.02,1542.47,18,365,103,389,3.37,L,2023-12-02 00:00:00,Active
4422,Nestle Pet Shampoo,Nestle,Pet Care,Pet Shampoo,206,633.24,946.81,0,60,54,237,6.06,L,2021-06-29 00:00:00,Active
4423,Fortune Juice,Fortune,Beverages,Juice,24,1116.38,1274.06,0,30,20,263,5.91,ml,2022-04-08 00:00:00,Active
4424,Nivea Cheese,Nivea,Dairy,Cheese,498,1267.21,1521.83,5,30,70,290,5.93,g,2025-10-10 00:00:00,Active
4425,Amul Baby Soap,Amul,Baby Care,Baby Soap,122,1375.62,2035.19,0,180,64,51,3.43,pcs,2025-05-08 00:00:00,Active
4426,Amul Baby Soap,Amul,Baby Care,Baby Soap,230,935.87,1072.39,0,30,93,103,4.47,ml,2023-03-21 00:00:00,Active
4427,Pedigree Moong Dal,Pedigree,Grocery,Moong Dal,277,304.56,450.97,18,90,47,420,5.04,pcs,2023-03-26 00:00:00,Active
4428,Patanjali Garbage Bags,Patanjali,Household,Garbage Bags,187,1075.2,1243.57,18,180,113,417,3.39,pcs,2021-12-01 00:00:00,Active
4429,Surf Excel Face Wash,Surf Excel,Personal Care,Face Wash,211,204.2,241.68,0,30,80,371,9.23,pcs,2022-01-10 00:00:00,Active
4430,Britannia Soft Drink,Britannia,Beverages,Soft Drink,322,159.45,210.42,5,30,82,371,7.79,kg,2024-10-05 00:00:00,Active
4431,HUL Baby Powder,HUL,Baby Care,Baby Powder,172,1737.2,2074.75,0,30,102,429,7.2,pcs,2021-11-20 00:00:00,Active
4432,Dettol Namkeen,Dettol,Snacks,Namkeen,436,762.24,1143.02,0,365,23,280,9.98,L,2025-04-20 00:00:00,Active
4433,Dettol Face Wash,Dettol,Personal Care,Face Wash,498,791,1123.98,0,30,52,495,6.62,g,2026-07-11 00:00:00,Active
4434,Dettol Garbage Bags,Dettol,Household,Garbage Bags,48,1588.83,1995.08,5,90,52,202,8.76,pcs,2026-06-26 00:00:00,Active
4435,Tata Pet Shampoo,Tata,Pet Care,Pet Shampoo,131,171.59,221.03,0,30,104,410,2.72,pcs,2022-09-18 00:00:00,Active
4436,Fortune Dishwash Liquid,Fortune,Household,Dishwash Liquid,88,570.6,779.29,12,60,34,265,3.56,pcs,2020-11-21 00:00:00,Active
4437,Patanjali Pet Shampoo,Patanjali,Pet Care,Pet Shampoo,407,1432.57,2205.8,0,180,71,249,7.46,ml,2023-11-02 00:00:00,Active
4438,Fortune Cookies,Fortune,Snacks,Cookies,124,339.4,521.31,0,90,81,351,5.98,kg,2026-03-02 00:00:00,Active
4439,ITC Garbage Bags,ITC,Household,Garbage Bags,189,197.9,232.79,0,180,76,331,2.41,g,2024-12-25 00:00:00,Active
4440,Nestle Baby Lotion,Nestle,Baby Care,Baby Lotion,236,1030.34,1593.39,0,180,73,137,2.14,pcs,2020-07-29 00:00:00,Active
4441,Colgate Floor Cleaner,Colgate,Household,Floor Cleaner,323,17.18,22.65,18,60,73,225,3.42,kg,2025-05-16 00:00:00,Active
4442,Colgate Soft Drink,Colgate,Beverages,Soft Drink,407,190.98,241.45,12,60,77,482,8.83,kg,2023-10-04 00:00:00,Active
4443,Patanjali Knife,Patanjali,Kitchen,Knife,68,376.02,546.39,0,30,41,216,8.64,g,2020-08-11 00:00:00,Active
4444,Fortune Diapers,Fortune,Baby Care,Diapers,279,45.48,59.8,12,60,49,107,7.63,L,2024-07-26 00:00:00,Active
4445,Aashirvaad Knife,Aashirvaad,Kitchen,Knife,431,1532.49,1833.49,18,90,44,401,1.15,pcs,2023-01-28 00:00:00,Active
4446,Sunfeast Soft Drink,Sunfeast,Beverages,Soft Drink,177,528.52,626.18,5,365,73,179,3.7,pcs,2024-08-21 00:00:00,Active
4447,Sunfeast Butter,Sunfeast,Dairy,Butter,368,361.48,499.91,0,60,36,132,1.05,pcs,2021-05-14 00:00:00,Active
4448,Dettol Pressure Cooker,Dettol,Kitchen,Pressure Cooker,446,20.58,27.58,0,90,63,300,2.7,kg,2025-03-22 00:00:00,Active
4449,Dabur Detergent,Dabur,Household,Detergent,493,200.36,271.46,5,90,21,487,6.55,ml,2020-10-16 00:00:00,Active
4450,Fortune Cheese,Fortune,Dairy,Cheese,176,490.08,695.84,12,180,75,427,3.94,pcs,2023-05-23 00:00:00,Active
4451,Tata Baby Powder,Tata,Baby Care,Baby Powder,53,374.91,492.66,0,180,35,433,1.45,g,2020-10-31 00:00:00,Active
4452,Godrej Tissue Paper,Godrej,Household,Tissue Paper,228,233.02,359.13,12,180,64,491,8.12,g,2022-12-17 00:00:00,Active
4453,Parle Rice,Parle,Grocery,Rice,67,345.07,531.6,5,180,31,256,9.91,L,2024-04-11 00:00:00,Active
4454,Tata Soft Drink,Tata,Beverages,Soft Drink,319,1650.26,2423.85,18,60,28,83,0.78,g,2024-12-03 00:00:00,Active
4455,Amul Namkeen,Amul,Snacks,Namkeen,477,1511.61,2325.65,5,30,73,465,4.76,L,2020-12-17 00:00:00,Active
4456,Lizol Milk,Lizol,Dairy,Milk,442,1657.51,2451.5,5,30,25,89,0.5,kg,2022-09-10 00:00:00,Active
4457,Britannia Face Wash,Britannia,Personal Care,Face Wash,332,100.77,127.23,0,90,94,224,8.3,ml,2021-12-01 00:00:00,Active
4458,ITC Baby Soap,ITC,Baby Care,Baby Soap,306,52.25,70.84,12,60,80,401,6.37,g,2023-08-01 00:00:00,Active
4459,Mamaearth Knife,Mamaearth,Kitchen,Knife,5,1631.92,2345.5,5,90,47,142,3.14,pcs,2024-03-23 00:00:00,Active
4460,Colgate Cooking Oil,Colgate,Grocery,Cooking Oil,224,1083.45,1551.28,12,180,80,456,4.05,L,2024-06-26 00:00:00,Active
4461,Dabur Garbage Bags,Dabur,Household,Garbage Bags,217,1004.12,1167.8,5,30,41,497,6.6,L,2026-04-16 00:00:00,Active
4462,Dettol Mineral Water,Dettol,Beverages,Mineral Water,497,482.02,685.65,0,30,71,67,7.3,L,2021-06-15 00:00:00,Active
4463,Nestle Pet Shampoo,Nestle,Pet Care,Pet Shampoo,110,1011.06,1195.43,12,90,101,343,8,L,2020-09-02 00:00:00,Active
4464,Fortune Hair Oil,Fortune,Personal Care,Hair Oil,203,952.58,1388.5,12,90,62,91,7.03,g,2020-10-28 00:00:00,Active
4465,Parle Tissue Paper,Parle,Household,Tissue Paper,132,1122.84,1540.72,5,180,111,78,4.85,g,2021-12-16 00:00:00,Active
4466,HUL Paneer,HUL,Dairy,Paneer,207,1627.8,1913.88,12,180,34,442,1.41,pcs,2021-09-30 00:00:00,Active
4467,Parle Toothpaste,Parle,Personal Care,Toothpaste,399,1614.93,2311.75,0,60,76,138,8.4,kg,2021-07-09 00:00:00,Active
4468,Patanjali Cat Food,Patanjali,Pet Care,Cat Food,347,122.59,169.99,18,365,23,173,8.54,pcs,2024-09-17 00:00:00,Active
4469,Nivea Face Wash,Nivea,Personal Care,Face Wash,246,720.32,822.51,12,60,92,109,8.19,kg,2022-09-10 00:00:00,Active
4470,Surf Excel Soft Drink,Surf Excel,Beverages,Soft Drink,43,1683.7,2294.39,5,90,21,276,2.44,pcs,2025-11-05 00:00:00,Active
4471,Amul Dishwash Liquid,Amul,Household,Dishwash Liquid,61,663.4,854.6,12,30,107,94,2.72,g,2026-01-09 00:00:00,Active
4472,Sunfeast Bottle,Sunfeast,Kitchen,Bottle,83,1388.66,1934.23,0,180,110,435,3.99,g,2022-05-14 00:00:00,Active
4473,HUL Cookies,HUL,Snacks,Cookies,491,1475.17,2177.54,12,90,66,259,8.7,L,2026-04-08 00:00:00,Active
4474,Pedigree Hair Oil,Pedigree,Personal Care,Hair Oil,18,822.52,993.23,0,90,53,247,7.52,g,2024-11-09 00:00:00,Active
4475,Fortune Dishwash Liquid,Fortune,Household,Dishwash Liquid,65,610.55,684.68,5,60,29,365,9.74,pcs,2026-01-17 00:00:00,Active
4476,Nivea Bottle,Nivea,Kitchen,Bottle,498,193.74,223.56,0,90,97,175,0.65,pcs,2024-06-04 00:00:00,Active
4477,Mamaearth Juice,Mamaearth,Beverages,Juice,95,1267,1775.19,5,30,41,417,9.55,L,2022-12-29 00:00:00,Active
4478,Colgate Cat Food,Colgate,Pet Care,Cat Food,24,1649.34,2267.2,18,365,45,406,5.52,pcs,2024-08-04 00:00:00,Active
4479,Fortune Diapers,Fortune,Baby Care,Diapers,342,122.75,186.58,0,365,104,296,4.93,L,2024-02-19 00:00:00,Active
4480,Colgate Hair Oil,Colgate,Personal Care,Hair Oil,307,345.74,486.2,12,365,22,424,1.24,kg,2024-12-07 00:00:00,Active
4481,Britannia Floor Cleaner,Britannia,Household,Floor Cleaner,130,225.92,285.88,5,180,113,182,3.95,pcs,2022-03-14 00:00:00,Active
4482,Lizol Chana Dal,Lizol,Grocery,Chana Dal,153,1147.91,1737.66,12,30,46,372,0.95,pcs,2025-07-30 00:00:00,Active
4483,Pedigree Milk,Pedigree,Dairy,Milk,170,1312.94,1984.09,18,60,22,490,3.54,L,2024-01-14 00:00:00,Discontinued
4484,Sunfeast Chips,Sunfeast,Snacks,Chips,378,1461.69,2226.06,12,90,60,50,1.63,pcs,2020-09-30 00:00:00,Active
4485,Tata Detergent,Tata,Household,Detergent,373,1741.09,2561.23,18,30,79,131,1.57,pcs,2024-03-03 00:00:00,Active
4486,Nivea Soft Drink,Nivea,Beverages,Soft Drink,365,1147.17,1560.6,18,180,84,346,5.33,kg,2024-04-06 00:00:00,Active
4487,Surf Excel Floor Cleaner,Surf Excel,Household,Floor Cleaner,376,629.9,964.17,5,30,60,139,6.64,ml,2024-02-01 00:00:00,Active
4488,Colgate Soap,Colgate,Personal Care,Soap,120,1494.7,2273.59,18,30,78,376,1.7,L,2020-11-20 00:00:00,Active
4489,Tata Rice,Tata,Grocery,Rice,151,109.5,153.24,0,180,92,364,9.96,pcs,2024-04-13 00:00:00,Active
4490,Nivea Pet Shampoo,Nivea,Pet Care,Pet Shampoo,477,929.99,1074.91,12,365,67,349,1.09,L,2021-02-27 00:00:00,Active
4491,Tata Suji,Tata,Grocery,Suji,423,1557.74,1858.98,12,365,116,278,5.27,kg,2023-04-28 00:00:00,Active
4492,Nestle Face Wash,Nestle,Personal Care,Face Wash,441,479.6,677.36,18,180,93,438,3.56,kg,2022-06-01 00:00:00,Active
4493,Parle Baby Powder,Parle,Baby Care,Baby Powder,103,1070.89,1629.95,18,365,24,371,0.72,pcs,2024-11-19 00:00:00,Active
4494,Lizol Toor Dal,Lizol,Grocery,Toor Dal,118,1526.51,2162.36,0,365,108,347,3.17,pcs,2022-12-14 00:00:00,Active
4495,Mamaearth Paneer,Mamaearth,Dairy,Paneer,257,346.96,531.01,12,60,79,500,9.45,ml,2022-04-20 00:00:00,Active
4496,Nestle Cat Food,Nestle,Pet Care,Cat Food,228,788.66,965.37,12,180,114,242,7.66,ml,2022-01-23 00:00:00,Active
4497,Dettol Baby Powder,Dettol,Baby Care,Baby Powder,204,195.87,244.35,0,30,32,257,8.07,L,2024-03-25 00:00:00,Active
4498,Fortune Floor Cleaner,Fortune,Household,Floor Cleaner,221,141.5,188.55,18,90,82,330,1.72,ml,2024-02-12 00:00:00,Active
4499,Dabur Shampoo,Dabur,Personal Care,Shampoo,437,594.49,668.4,0,30,41,386,9.25,pcs,2023-11-07 00:00:00,Active
4500,Mamaearth Paneer,Mamaearth,Dairy,Paneer,40,1205.5,1385.21,0,30,31,429,1.38,kg,2026-01-22 00:00:00,Active
4501,Godrej Face Wash,Godrej,Personal Care,Face Wash,161,1264.98,1467.5,18,365,75,99,9.94,L,2021-02-06 00:00:00,Active
4502,Dabur Juice,Dabur,Beverages,Juice,165,1333.99,1593.2,5,90,119,294,7.52,pcs,2022-11-25 00:00:00,Active
4503,Mamaearth Dog Food,Mamaearth,Pet Care,Dog Food,403,337.09,452.54,12,180,54,424,2.01,L,2024-11-12 00:00:00,Active
4504,Fortune Shampoo,Fortune,Personal Care,Shampoo,89,1226.92,1406.2,18,365,33,372,3.25,L,2023-06-11 00:00:00,Active
4505,Amul Baby Powder,Amul,Baby Care,Baby Powder,293,878.57,1248.07,18,60,36,451,7.56,g,2024-04-12 00:00:00,Active
4506,Amul Lunch Box,Amul,Kitchen,Lunch Box,355,923.16,1196.79,5,60,58,436,7.36,L,2024-11-26 00:00:00,Active
4507,Britannia Cat Food,Britannia,Pet Care,Cat Food,335,994.85,1357.89,0,60,85,418,9.97,ml,2025-05-16 00:00:00,Active
4508,Parle Pressure Cooker,Parle,Kitchen,Pressure Cooker,478,1009.47,1251.5,5,180,86,152,4.26,g,2022-08-19 00:00:00,Active
4509,Pedigree Bottle,Pedigree,Kitchen,Bottle,449,1615.8,1885.28,12,180,96,78,2.71,ml,2020-11-27 00:00:00,Active
4510,Lizol Floor Cleaner,Lizol,Household,Floor Cleaner,458,1144.87,1364.34,0,180,22,326,7.73,g,2022-11-11 00:00:00,Active
4511,Amul Knife,Amul,Kitchen,Knife,350,1725.04,1944.12,5,365,80,324,0.18,ml,2021-05-03 00:00:00,Active
4512,Godrej Knife,Godrej,Kitchen,Knife,104,768.15,1068.92,0,365,38,126,1.89,g,2021-04-16 00:00:00,Active
4513,Nestle Frying Pan,Nestle,Kitchen,Frying Pan,407,726.72,820.45,12,365,47,446,9.71,g,2022-08-03 00:00:00,Active
4514,Dabur Biscuits,Dabur,Snacks,Biscuits,133,898.37,1093.29,5,90,29,443,8.82,kg,2024-05-10 00:00:00,Active
4515,ITC Frying Pan,ITC,Kitchen,Frying Pan,332,468.91,634.72,12,365,105,135,9.91,g,2021-11-25 00:00:00,Active
4516,Dabur Soft Drink,Dabur,Beverages,Soft Drink,218,911.27,1305.61,18,30,97,348,5.71,kg,2022-07-05 00:00:00,Active
4517,Sunfeast Cheese,Sunfeast,Dairy,Cheese,465,366.3,557.79,0,60,102,166,4.52,L,2020-12-28 00:00:00,Active
4518,Godrej Chips,Godrej,Snacks,Chips,155,630.36,802.82,12,180,36,129,4.83,kg,2022-07-04 00:00:00,Active
4519,Pedigree Frying Pan,Pedigree,Kitchen,Frying Pan,396,1783.8,2613.12,12,60,42,386,3.5,ml,2023-03-05 00:00:00,Active
4520,Godrej Energy Drink,Godrej,Beverages,Energy Drink,332,934.47,1370.41,0,365,47,451,9.79,L,2024-03-23 00:00:00,Active
4521,Britannia Chips,Britannia,Snacks,Chips,332,729.28,818.18,5,30,101,282,4.93,ml,2022-09-01 00:00:00,Active
4522,Tata Diapers,Tata,Baby Care,Diapers,266,1718.42,2187.49,18,180,31,422,7.36,L,2021-11-26 00:00:00,Active
4523,HUL Soft Drink,HUL,Beverages,Soft Drink,109,608.33,739.5,18,365,24,144,2.54,pcs,2020-11-18 00:00:00,Active
4524,Aashirvaad Soap,Aashirvaad,Personal Care,Soap,348,794.72,1140.03,18,180,117,103,9.52,g,2023-11-23 00:00:00,Active
4525,Parle Pressure Cooker,Parle,Kitchen,Pressure Cooker,237,1341.5,2022.5,18,60,55,326,0.46,pcs,2023-09-26 00:00:00,Active
4526,Dabur Floor Cleaner,Dabur,Household,Floor Cleaner,233,482.99,568.54,12,180,34,495,4.55,g,2025-03-30 00:00:00,Active
4527,Britannia Dog Food,Britannia,Pet Care,Dog Food,355,155.78,231.48,0,30,34,278,3.28,L,2025-11-12 00:00:00,Active
4528,Dettol Diapers,Dettol,Baby Care,Diapers,189,1572.41,2085.59,0,30,73,282,7.18,L,2024-11-20 00:00:00,Active
4529,Britannia Frying Pan,Britannia,Kitchen,Frying Pan,64,1417.1,1886.32,18,180,100,301,5.24,pcs,2022-07-26 00:00:00,Active
4530,Fortune Sugar,Fortune,Grocery,Sugar,70,1771.71,2422.83,5,30,21,336,2.22,L,2025-12-18 00:00:00,Active
4531,Nestle Lunch Box,Nestle,Kitchen,Lunch Box,405,1406.23,2002.4,0,60,98,370,2.02,g,2024-03-23 00:00:00,Active
4532,Tata Salt,Tata,Grocery,Salt,472,496.01,578.02,5,180,114,162,1.18,pcs,2022-02-14 00:00:00,Active
4533,Nivea Toor Dal,Nivea,Grocery,Toor Dal,499,1620.23,2251.45,0,365,89,305,7.05,pcs,2023-07-01 00:00:00,Active
4534,Parle Dog Food,Parle,Pet Care,Dog Food,69,1254.15,1750.95,18,365,24,368,5.95,pcs,2022-07-30 00:00:00,Active
4535,Patanjali Lunch Box,Patanjali,Kitchen,Lunch Box,20,1575.49,1828.33,18,60,23,191,9.52,ml,2025-11-03 00:00:00,Active
4536,HUL Juice,HUL,Beverages,Juice,297,983.97,1462.37,0,365,116,181,5.5,ml,2024-10-16 00:00:00,Active
4537,Godrej Diapers,Godrej,Baby Care,Diapers,33,501.53,620.82,0,365,64,91,0.52,L,2025-03-20 00:00:00,Active
4538,Dabur Namkeen,Dabur,Snacks,Namkeen,118,591.43,888.2,0,30,84,432,0.56,ml,2025-03-09 00:00:00,Active
4539,Dabur Bottle,Dabur,Kitchen,Bottle,83,1539.88,1735.59,18,60,82,403,9.07,L,2024-06-08 00:00:00,Active
4540,Lizol Floor Cleaner,Lizol,Household,Floor Cleaner,478,1404.76,2014.1,5,60,28,493,1.29,L,2025-05-08 00:00:00,Active
4541,Sunfeast Butter,Sunfeast,Dairy,Butter,82,1725.3,2105.83,18,180,76,437,3.72,pcs,2023-10-29 00:00:00,Active
4542,Dettol Cat Food,Dettol,Pet Care,Cat Food,359,210.64,287.71,12,180,23,230,1.97,L,2020-08-23 00:00:00,Active
4543,Fortune Tissue Paper,Fortune,Household,Tissue Paper,315,1615.42,2331.52,18,365,49,182,6.94,pcs,2021-11-10 00:00:00,Active
4544,Nestle Lunch Box,Nestle,Kitchen,Lunch Box,206,777.37,967.69,5,365,36,339,1.02,ml,2025-01-16 00:00:00,Active
4545,Amul Energy Drink,Amul,Beverages,Energy Drink,306,596.26,861.68,0,365,28,93,7.84,kg,2022-11-23 00:00:00,Active
4546,HUL Pet Shampoo,HUL,Pet Care,Pet Shampoo,429,1751.27,2049.46,5,180,46,294,6.43,kg,2023-04-02 00:00:00,Active
4547,Britannia Pet Shampoo,Britannia,Pet Care,Pet Shampoo,163,385.88,462.62,0,365,31,369,2.07,pcs,2025-03-13 00:00:00,Active
4548,Godrej Namkeen,Godrej,Snacks,Namkeen,136,1172.51,1753.68,12,90,118,194,9.13,g,2024-04-07 00:00:00,Active
4549,Pedigree Pet Shampoo,Pedigree,Pet Care,Pet Shampoo,409,1507.99,1877.1,18,180,29,283,3.19,ml,2022-07-18 00:00:00,Active
4550,Dettol Lunch Box,Dettol,Kitchen,Lunch Box,134,1029.69,1409.11,5,30,107,445,3.82,g,2025-10-18 00:00:00,Active
4551,Patanjali Knife,Patanjali,Kitchen,Knife,288,822.97,951.95,5,90,112,359,8.58,g,2022-09-18 00:00:00,Active
4552,Surf Excel Lunch Box,Surf Excel,Kitchen,Lunch Box,15,1549.3,2064.15,0,60,84,89,1.84,kg,2021-08-19 00:00:00,Active
4553,Aashirvaad Baby Powder,Aashirvaad,Baby Care,Baby Powder,404,1439.47,2208.88,0,90,75,294,0.84,g,2026-05-18 00:00:00,Active
4554,Dabur Baby Powder,Dabur,Baby Care,Baby Powder,377,1281.25,1851.48,0,365,45,148,3.24,g,2026-01-20 00:00:00,Active
4555,Fortune Bottle,Fortune,Kitchen,Bottle,409,425.23,599.21,5,365,52,64,7.27,kg,2021-03-06 00:00:00,Active
4556,Britannia Floor Cleaner,Britannia,Household,Floor Cleaner,24,91.99,112.74,0,365,40,306,7.64,kg,2020-07-31 00:00:00,Active
4557,Sunfeast Pet Shampoo,Sunfeast,Pet Care,Pet Shampoo,409,1190.46,1553.97,18,365,46,63,2.01,kg,2022-06-13 00:00:00,Active
4558,Pedigree Soap,Pedigree,Personal Care,Soap,244,1102.78,1650.3,12,30,47,299,4.22,pcs,2022-06-21 00:00:00,Active
4559,Nestle Hair Oil,Nestle,Personal Care,Hair Oil,366,555.99,778.83,18,180,92,364,8.6,kg,2021-01-12 00:00:00,Active
4560,Pedigree Detergent,Pedigree,Household,Detergent,140,288.75,386.57,18,90,51,454,5.18,kg,2025-10-14 00:00:00,Active
4561,Tata Soap,Tata,Personal Care,Soap,386,1685.99,2279.48,12,365,47,405,2.6,kg,2024-07-02 00:00:00,Active
4562,Dabur Cat Food,Dabur,Pet Care,Cat Food,499,994.61,1416.69,18,60,37,492,9.66,L,2024-10-10 00:00:00,Active
4563,Parle Detergent,Parle,Household,Detergent,128,1637.98,2071.42,0,60,117,144,9.59,g,2021-05-15 00:00:00,Active
4564,Tata Hair Oil,Tata,Personal Care,Hair Oil,127,1673.74,2324.55,0,180,93,212,5.5,L,2022-03-23 00:00:00,Active
4565,Dettol Diapers,Dettol,Baby Care,Diapers,227,280.09,388.22,18,365,44,338,0.21,ml,2024-07-08 00:00:00,Active
4566,Patanjali Butter,Patanjali,Dairy,Butter,93,985.1,1273.03,18,180,99,203,0.23,pcs,2024-06-23 00:00:00,Active
4567,Patanjali Cooking Oil,Patanjali,Grocery,Cooking Oil,317,848.14,999.6,0,180,69,190,5.37,g,2023-06-07 00:00:00,Active
4568,Fortune Toothpaste,Fortune,Personal Care,Toothpaste,94,462.74,653.34,0,365,66,245,3.4,L,2022-04-03 00:00:00,Active
4569,Fortune Hair Oil,Fortune,Personal Care,Hair Oil,293,141.63,197.55,5,60,88,164,8.39,ml,2023-07-19 00:00:00,Active
4570,Mamaearth Biscuits,Mamaearth,Snacks,Biscuits,33,432.87,551.17,0,180,118,203,8.79,pcs,2022-07-03 00:00:00,Active
4571,Pedigree Energy Drink,Pedigree,Beverages,Energy Drink,24,448.14,606.04,12,365,52,250,9.64,ml,2026-04-25 00:00:00,Active
4572,Aashirvaad Shampoo,Aashirvaad,Personal Care,Shampoo,192,1211.96,1412.07,5,30,76,132,4.28,kg,2021-10-05 00:00:00,Active
4573,Godrej Tea,Godrej,Grocery,Tea,331,597.99,721.43,0,90,77,399,5.96,ml,2024-03-09 00:00:00,Active
4574,Aashirvaad Namkeen,Aashirvaad,Snacks,Namkeen,312,104.51,141.11,18,90,62,308,8.16,g,2025-11-27 00:00:00,Active
4575,Surf Excel Pet Shampoo,Surf Excel,Pet Care,Pet Shampoo,215,1512.86,1971.43,0,365,71,218,0.87,pcs,2020-10-06 00:00:00,Active
4576,Dettol Frying Pan,Dettol,Kitchen,Frying Pan,244,525.21,656.61,5,60,30,293,6.44,pcs,2024-08-23 00:00:00,Active
4577,Dettol Toothpaste,Dettol,Personal Care,Toothpaste,350,524.04,694.41,18,30,70,70,5.26,L,2021-06-11 00:00:00,Active
4578,Patanjali Frying Pan,Patanjali,Kitchen,Frying Pan,442,572.03,835.32,18,90,116,418,2.39,g,2023-12-25 00:00:00,Active
4579,ITC Dishwash Liquid,ITC,Household,Dishwash Liquid,423,1753.79,2017.74,12,180,66,126,4.78,kg,2025-02-05 00:00:00,Active
4580,Dabur Tissue Paper,Dabur,Household,Tissue Paper,320,710.69,1067.27,0,365,27,470,3.74,ml,2025-10-13 00:00:00,Discontinued
4581,Britannia Chips,Britannia,Snacks,Chips,122,1011.5,1243.72,0,180,112,439,7.72,ml,2022-12-27 00:00:00,Active
4582,Mamaearth Baby Soap,Mamaearth,Baby Care,Baby Soap,123,1405.62,2095.35,18,90,62,405,8.22,g,2025-03-05 00:00:00,Active
4583,HUL Soft Drink,HUL,Beverages,Soft Drink,128,1182.26,1458.05,5,90,56,311,3.31,pcs,2021-01-19 00:00:00,Active
4584,Amul Knife,Amul,Kitchen,Knife,220,1694.37,2485.53,18,90,46,182,5.05,ml,2023-01-03 00:00:00,Active
4585,Mamaearth Milk,Mamaearth,Dairy,Milk,275,52.97,62.78,0,30,25,60,2.13,g,2025-02-12 00:00:00,Active
4586,ITC Diapers,ITC,Baby Care,Diapers,368,847.69,954.18,18,90,59,405,6.29,pcs,2022-06-28 00:00:00,Active
4587,Lizol Baby Powder,Lizol,Baby Care,Baby Powder,177,1255.19,1825.81,0,60,113,361,7.66,g,2022-02-22 00:00:00,Active
4588,Parle Curd,Parle,Dairy,Curd,186,1466.18,2003.94,5,90,45,283,3.34,pcs,2025-12-08 00:00:00,Discontinued
4589,ITC Namkeen,ITC,Snacks,Namkeen,203,1726.73,2278.45,18,30,68,135,2.96,pcs,2025-10-29 00:00:00,Active
4590,Surf Excel Soft Drink,Surf Excel,Beverages,Soft Drink,25,59.41,87.49,18,30,34,274,4.66,L,2026-06-21 00:00:00,Active
4591,HUL Tea,HUL,Grocery,Tea,193,543.39,739.24,12,365,34,299,7.46,kg,2023-05-08 00:00:00,Active
4592,Parle Juice,Parle,Beverages,Juice,439,1729.38,2102.46,12,60,54,356,5.04,g,2024-11-03 00:00:00,Active
4593,ITC Cat Food,ITC,Pet Care,Cat Food,495,1154.59,1710.03,5,180,64,103,3.05,ml,2024-02-04 00:00:00,Active
4594,Surf Excel Diapers,Surf Excel,Baby Care,Diapers,471,1238.26,1684.87,5,365,111,282,6.77,g,2023-07-14 00:00:00,Active
4595,Surf Excel Namkeen,Surf Excel,Snacks,Namkeen,270,716.73,851.85,12,365,119,261,2.23,L,2024-05-21 00:00:00,Active
4596,ITC Detergent,ITC,Household,Detergent,344,266.98,374.52,0,90,106,353,7.18,L,2022-02-01 00:00:00,Active
4597,Mamaearth Mineral Water,Mamaearth,Beverages,Mineral Water,43,667.11,1017.89,18,90,54,341,7.33,kg,2021-11-07 00:00:00,Active
4598,Tata Toothpaste,Tata,Personal Care,Toothpaste,52,1225.18,1681.66,12,90,38,444,9.3,kg,2020-12-15 00:00:00,Active
4599,Amul Energy Drink,Amul,Beverages,Energy Drink,429,1142.37,1315.23,18,30,56,117,0.76,kg,2020-08-22 00:00:00,Active
4600,Fortune Rice,Fortune,Grocery,Rice,242,741.94,985.75,12,60,30,70,8.99,pcs,2023-07-11 00:00:00,Active
4601,Fortune Baby Soap,Fortune,Baby Care,Baby Soap,170,327.91,462.82,18,365,69,466,1.51,g,2025-03-23 00:00:00,Active
4602,Fortune Dishwash Liquid,Fortune,Household,Dishwash Liquid,10,1454.42,1916.63,12,180,83,159,6.05,g,2024-07-19 00:00:00,Active
4603,Dettol Baby Lotion,Dettol,Baby Care,Baby Lotion,129,1781.03,2632.86,18,60,111,173,3.41,pcs,2022-02-12 00:00:00,Active
4604,ITC Mineral Water,ITC,Beverages,Mineral Water,72,839.88,1072.25,0,90,79,297,0.33,L,2020-11-19 00:00:00,Active
4605,Dettol Poha,Dettol,Grocery,Poha,128,712.46,939.54,5,90,63,159,5.51,ml,2026-06-23 00:00:00,Active
4606,Nivea Shampoo,Nivea,Personal Care,Shampoo,203,433.1,614.83,5,60,63,79,4.31,g,2022-06-21 00:00:00,Active
4607,HUL Energy Drink,HUL,Beverages,Energy Drink,71,1624.02,2293.87,5,30,29,183,8.97,ml,2024-09-28 00:00:00,Active
4608,Amul Cat Food,Amul,Pet Care,Cat Food,309,459.4,525.63,12,90,30,327,3.22,g,2020-10-09 00:00:00,Active
4609,Britannia Dog Food,Britannia,Pet Care,Dog Food,477,1468.12,1720.63,0,90,116,188,2.24,kg,2022-05-31 00:00:00,Active
4610,Nivea Coffee,Nivea,Grocery,Coffee,459,110.33,151.13,5,90,25,389,5.84,ml,2024-12-21 00:00:00,Active
4611,Surf Excel Suji,Surf Excel,Grocery,Suji,207,1662.7,2489.35,12,365,70,241,3.34,L,2020-12-30 00:00:00,Active
4612,Dettol Floor Cleaner,Dettol,Household,Floor Cleaner,240,800.12,1075.93,12,90,108,272,8.43,L,2026-05-13 00:00:00,Active
4613,Dabur Chocolate,Dabur,Snacks,Chocolate,45,897.26,1136.6,5,60,66,116,7.11,ml,2023-03-27 00:00:00,Active
4614,Dabur Shampoo,Dabur,Personal Care,Shampoo,218,1377.01,1644.74,18,30,98,231,1.83,pcs,2021-07-22 00:00:00,Active
4615,Nivea Hair Oil,Nivea,Personal Care,Hair Oil,93,818.39,1159.08,0,60,105,212,4.62,ml,2020-08-08 00:00:00,Active
4616,Dabur Juice,Dabur,Beverages,Juice,126,467.41,581.76,18,60,68,125,7.57,kg,2023-09-12 00:00:00,Active
4617,Patanjali Dishwash Liquid,Patanjali,Household,Dishwash Liquid,324,404.29,533.98,12,180,79,382,4.37,kg,2025-03-18 00:00:00,Active
4618,Nivea Baby Soap,Nivea,Baby Care,Baby Soap,452,650.53,768.55,18,90,58,465,6.33,ml,2023-10-15 00:00:00,Active
4619,Nivea Paneer,Nivea,Dairy,Paneer,15,1032.42,1253.57,5,180,116,311,9.28,pcs,2022-04-30 00:00:00,Active
4620,Parle Toothpaste,Parle,Personal Care,Toothpaste,364,1700.8,2288.13,5,180,88,289,4.16,pcs,2022-04-21 00:00:00,Active
4621,Aashirvaad Detergent,Aashirvaad,Household,Detergent,367,721.55,838.9,12,90,66,461,1.06,ml,2025-03-22 00:00:00,Active
4622,Nivea Pressure Cooker,Nivea,Kitchen,Pressure Cooker,311,945.33,1382.02,18,30,31,240,5.59,pcs,2026-06-18 00:00:00,Active
4623,Surf Excel Dog Food,Surf Excel,Pet Care,Dog Food,234,797.51,936.44,0,30,113,145,8.83,pcs,2021-07-29 00:00:00,Active
4624,Sunfeast Paneer,Sunfeast,Dairy,Paneer,96,316.09,472.7,0,180,26,241,6.43,kg,2025-07-02 00:00:00,Active
4625,Colgate Diapers,Colgate,Baby Care,Diapers,127,1104.03,1399.49,12,60,71,498,5.56,g,2024-11-04 00:00:00,Active
4626,Fortune Cheese,Fortune,Dairy,Cheese,376,1282.92,1482.97,0,60,105,176,1.81,kg,2022-09-28 00:00:00,Active
4627,Parle Dog Food,Parle,Pet Care,Dog Food,320,622.06,817.52,5,30,43,172,8.14,g,2022-06-22 00:00:00,Active
4628,Mamaearth Frying Pan,Mamaearth,Kitchen,Frying Pan,167,1376.78,1918.82,18,90,46,498,0.91,g,2024-12-05 00:00:00,Active
4629,Godrej Milk,Godrej,Dairy,Milk,395,1515.17,1954.41,0,30,87,404,3.92,ml,2025-05-08 00:00:00,Active
4630,Nivea Cheese,Nivea,Dairy,Cheese,108,898.46,1369.27,12,30,107,213,3.08,L,2023-03-15 00:00:00,Active
4631,Nivea Juice,Nivea,Beverages,Juice,77,205.29,315.77,12,90,76,51,9.59,pcs,2021-12-02 00:00:00,Active
4632,Nestle Mineral Water,Nestle,Beverages,Mineral Water,411,436.19,610.69,0,90,55,404,0.16,ml,2022-10-02 00:00:00,Active
4633,Nivea Dog Food,Nivea,Pet Care,Dog Food,67,1507.46,1937.65,12,60,72,330,6.93,g,2021-12-25 00:00:00,Active
4634,Pedigree Floor Cleaner,Pedigree,Household,Floor Cleaner,399,517.39,724.1,18,60,119,61,8.2,ml,2020-10-23 00:00:00,Active
4635,Surf Excel Toothpaste,Surf Excel,Personal Care,Toothpaste,28,509.48,687.97,5,60,40,277,7.23,ml,2021-11-08 00:00:00,Active
4636,Nivea Chips,Nivea,Snacks,Chips,223,1770.6,2305.55,18,60,62,140,4.54,g,2025-04-20 00:00:00,Active
4637,Godrej Toothpaste,Godrej,Personal Care,Toothpaste,365,641.32,977.19,0,180,76,300,3.04,g,2025-08-06 00:00:00,Active
4638,Patanjali Tea,Patanjali,Grocery,Tea,142,41.56,50.27,12,60,112,300,1.12,pcs,2024-08-03 00:00:00,Active
4639,Tata Tissue Paper,Tata,Household,Tissue Paper,118,1795.61,2154.15,18,60,63,157,6.91,pcs,2022-01-27 00:00:00,Active
4640,Surf Excel Cookies,Surf Excel,Snacks,Cookies,261,763.63,1058.42,5,60,40,220,8.5,g,2023-08-26 00:00:00,Active
4641,Dettol Biscuits,Dettol,Snacks,Biscuits,203,1682.38,2073.48,0,60,49,315,2.62,kg,2020-10-03 00:00:00,Active
4642,Aashirvaad Dog Food,Aashirvaad,Pet Care,Dog Food,352,957.23,1275.48,18,90,37,133,1.91,kg,2020-08-24 00:00:00,Active
4643,Britannia Chips,Britannia,Snacks,Chips,77,1325.07,1491.04,5,90,37,74,1.96,pcs,2024-11-29 00:00:00,Active
4644,Tata Mineral Water,Tata,Beverages,Mineral Water,184,1656,2455.32,0,30,36,99,3.21,ml,2023-02-17 00:00:00,Active
4645,Sunfeast Energy Drink,Sunfeast,Beverages,Energy Drink,387,756.67,938.52,5,180,63,309,3.82,pcs,2021-08-31 00:00:00,Active
4646,Mamaearth Cheese,Mamaearth,Dairy,Cheese,165,871.14,1235.92,0,60,110,379,8.97,L,2023-06-18 00:00:00,Active
4647,Dabur Floor Cleaner,Dabur,Household,Floor Cleaner,98,1079.7,1440.47,18,90,94,209,8.73,g,2024-08-19 00:00:00,Active
4648,Nivea Cheese,Nivea,Dairy,Cheese,204,952.74,1228.44,18,180,49,174,8.15,g,2022-07-01 00:00:00,Active
4649,ITC Coffee,ITC,Grocery,Coffee,58,188.86,232.6,18,365,42,201,6.1,ml,2021-01-01 00:00:00,Active
4650,Mamaearth Dishwash Liquid,Mamaearth,Household,Dishwash Liquid,478,218.16,331.05,12,30,74,240,6.47,ml,2025-04-02 00:00:00,Active
4651,Colgate Curd,Colgate,Dairy,Curd,333,876.22,1222.7,12,365,22,284,3.63,g,2022-08-14 00:00:00,Active
4652,Godrej Soft Drink,Godrej,Beverages,Soft Drink,421,1685.81,2187.66,5,60,58,391,6.05,ml,2021-09-02 00:00:00,Active
4653,Nivea Paneer,Nivea,Dairy,Paneer,454,289.05,411.36,5,30,96,471,9.88,ml,2024-09-23 00:00:00,Active
4654,Colgate Garbage Bags,Colgate,Household,Garbage Bags,420,813.73,1254.45,12,180,30,135,2.8,pcs,2025-03-15 00:00:00,Active
4655,Godrej Mineral Water,Godrej,Beverages,Mineral Water,409,189.26,243.05,18,365,113,428,7.78,pcs,2026-05-17 00:00:00,Active
4656,Pedigree Floor Cleaner,Pedigree,Household,Floor Cleaner,305,195.15,242.59,5,180,47,435,3.45,g,2024-01-07 00:00:00,Active
4657,ITC Knife,ITC,Kitchen,Knife,201,1372.57,1584.65,18,180,108,185,8.87,L,2026-05-12 00:00:00,Active
4658,Colgate Pet Shampoo,Colgate,Pet Care,Pet Shampoo,103,1503.24,2276.27,5,30,78,82,5.37,kg,2025-04-15 00:00:00,Active
4659,Nestle Toothpaste,Nestle,Personal Care,Toothpaste,202,1198.75,1850.42,18,30,84,416,7.65,kg,2020-11-18 00:00:00,Active
4660,Mamaearth Floor Cleaner,Mamaearth,Household,Floor Cleaner,488,1007.64,1328.87,0,90,116,189,0.86,kg,2024-12-30 00:00:00,Active
4661,Nivea Hair Oil,Nivea,Personal Care,Hair Oil,63,1144.69,1605.26,0,180,56,136,3.97,L,2024-12-07 00:00:00,Active
4662,Amul Cat Food,Amul,Pet Care,Cat Food,86,544.5,629.01,5,365,107,218,8.54,pcs,2023-11-26 00:00:00,Active
4663,Amul Energy Drink,Amul,Beverages,Energy Drink,121,1013.87,1157.09,12,180,107,191,2.32,kg,2024-12-20 00:00:00,Active
4664,Amul Milk,Amul,Dairy,Milk,476,570.83,852.46,5,90,71,68,8.36,kg,2024-10-22 00:00:00,Active
4665,Tata Chocolate,Tata,Snacks,Chocolate,295,478.31,670.38,18,60,71,446,8.73,kg,2022-05-14 00:00:00,Active
4666,ITC Tea,ITC,Grocery,Tea,227,29.07,37.99,0,90,106,446,1.38,pcs,2024-01-01 00:00:00,Active
4667,Amul Pet Shampoo,Amul,Pet Care,Pet Shampoo,344,1751.03,2203.75,0,180,54,126,7.48,pcs,2023-12-04 00:00:00,Active
4668,Surf Excel Garbage Bags,Surf Excel,Household,Garbage Bags,467,514.63,694.29,18,180,99,389,0.88,ml,2024-03-18 00:00:00,Active
4669,ITC Bottle,ITC,Kitchen,Bottle,122,1783.39,2059.11,12,365,68,67,3.57,g,2023-08-30 00:00:00,Active
4670,Sunfeast Suji,Sunfeast,Grocery,Suji,172,275.99,326.1,5,180,54,414,9.64,g,2022-12-26 00:00:00,Active
4671,Surf Excel Curd,Surf Excel,Dairy,Curd,30,1434.69,1936.11,12,180,33,482,4.38,pcs,2022-04-05 00:00:00,Active
4672,Tata Pet Shampoo,Tata,Pet Care,Pet Shampoo,494,1650.53,2206.13,0,30,92,270,2.62,kg,2021-10-31 00:00:00,Active
4673,HUL Hair Oil,HUL,Personal Care,Hair Oil,446,1771.39,2586.95,12,180,112,72,1.31,ml,2021-09-02 00:00:00,Active
4674,Dettol Lunch Box,Dettol,Kitchen,Lunch Box,309,1763.56,2308.45,12,60,113,120,3.14,ml,2024-11-15 00:00:00,Active
4675,Britannia Soft Drink,Britannia,Beverages,Soft Drink,39,420.12,541.12,5,60,68,424,0.31,pcs,2025-11-01 00:00:00,Active
4676,Tata Baby Lotion,Tata,Baby Care,Baby Lotion,407,1302.68,1951.36,12,60,114,146,8.66,pcs,2021-04-29 00:00:00,Active
4677,Patanjali Pressure Cooker,Patanjali,Kitchen,Pressure Cooker,282,822.02,1085.84,18,90,88,500,5.49,ml,2024-05-23 00:00:00,Active
4678,Parle Baby Lotion,Parle,Baby Care,Baby Lotion,173,85.17,126.03,12,90,68,212,4.4,g,2024-10-03 00:00:00,Active
4679,Patanjali Energy Drink,Patanjali,Beverages,Energy Drink,387,1756,2383.44,0,60,99,123,7.98,g,2021-01-02 00:00:00,Active
4680,Fortune Juice,Fortune,Beverages,Juice,30,1743,2089.38,5,180,96,433,9.72,pcs,2023-08-20 00:00:00,Active
4681,Fortune Chips,Fortune,Snacks,Chips,481,1162.18,1524.51,5,180,112,73,9.16,kg,2024-08-18 00:00:00,Active
4682,Dettol Mineral Water,Dettol,Beverages,Mineral Water,478,1502.82,2050.77,5,180,100,291,7.11,L,2022-04-17 00:00:00,Active
4683,Pedigree Curd,Pedigree,Dairy,Curd,318,246.76,364.75,5,365,39,62,0.77,g,2024-06-27 00:00:00,Active
4684,Lizol Toothpaste,Lizol,Personal Care,Toothpaste,339,1589.97,2268.56,12,30,112,291,7.09,pcs,2024-11-15 00:00:00,Active
4685,Pedigree Curd,Pedigree,Dairy,Curd,448,292.42,344.42,18,365,74,433,3.19,g,2025-02-01 00:00:00,Active
4686,Nivea Namkeen,Nivea,Snacks,Namkeen,8,415.31,507.75,0,60,51,337,2.06,g,2025-02-16 00:00:00,Active
4687,Patanjali Pet Shampoo,Patanjali,Pet Care,Pet Shampoo,154,1700.59,2200.52,0,90,83,394,4.2,pcs,2021-07-14 00:00:00,Active
4688,ITC Tissue Paper,ITC,Household,Tissue Paper,275,1632.58,2333.96,0,365,34,380,0.84,ml,2023-12-07 00:00:00,Active
4689,Mamaearth Shampoo,Mamaearth,Personal Care,Shampoo,33,344.13,523.15,18,365,94,414,9.12,L,2023-12-09 00:00:00,Active
4690,Patanjali Frying Pan,Patanjali,Kitchen,Frying Pan,33,1164.99,1378.52,0,365,96,456,5.23,kg,2023-06-20 00:00:00,Active
4691,HUL Dog Food,HUL,Pet Care,Dog Food,335,279.04,408.21,18,90,114,275,5.24,kg,2022-11-25 00:00:00,Active
4692,Nestle Toothpaste,Nestle,Personal Care,Toothpaste,105,25.5,38.94,12,90,52,127,3.46,ml,2023-04-05 00:00:00,Active
4693,Fortune Hair Oil,Fortune,Personal Care,Hair Oil,170,179.41,239.2,12,180,115,305,0.53,g,2026-02-17 00:00:00,Active
4694,ITC Knife,ITC,Kitchen,Knife,225,113.69,130.55,0,365,31,55,2.99,g,2023-01-08 00:00:00,Active
4695,Dabur Pet Shampoo,Dabur,Pet Care,Pet Shampoo,159,1672.73,2045.96,0,30,105,432,8.66,L,2025-08-29 00:00:00,Active
4696,Pedigree Moong Dal,Pedigree,Grocery,Moong Dal,29,1241.06,1498.51,18,60,74,479,5.65,L,2023-12-31 00:00:00,Active
4697,Dettol Lunch Box,Dettol,Kitchen,Lunch Box,472,1420.8,2100.78,18,30,108,290,9.27,pcs,2022-07-18 00:00:00,Active
4698,Colgate Chocolate,Colgate,Snacks,Chocolate,155,238.73,356.56,5,365,83,237,7.95,pcs,2022-10-30 00:00:00,Active
4699,Fortune Atta,Fortune,Grocery,Atta,270,128.1,183.26,5,90,95,375,1.87,kg,2021-08-20 00:00:00,Active
4700,Lizol Milk,Lizol,Dairy,Milk,430,753.22,895.77,12,30,60,127,8.93,pcs,2021-09-28 00:00:00,Active
4701,Pedigree Toor Dal,Pedigree,Grocery,Toor Dal,422,1638.32,2498.28,12,90,73,338,0.34,kg,2023-10-12 00:00:00,Active
4702,Lizol Detergent,Lizol,Household,Detergent,133,1350.44,1520.84,5,30,117,194,4.85,kg,2025-03-31 00:00:00,Active
4703,Nivea Pet Shampoo,Nivea,Pet Care,Pet Shampoo,65,1482.09,1871.18,18,60,40,134,8.73,pcs,2023-06-15 00:00:00,Active
4704,HUL Soap,HUL,Personal Care,Soap,283,426.85,513.32,0,60,107,87,0.69,ml,2021-05-24 00:00:00,Active
4705,Parle Rice,Parle,Grocery,Rice,278,441.09,534.71,5,60,62,461,8.6,kg,2023-04-13 00:00:00,Active
4706,ITC Cat Food,ITC,Pet Care,Cat Food,190,1338.81,1978.72,18,30,85,489,8.76,pcs,2023-08-02 00:00:00,Active
4707,Britannia Lunch Box,Britannia,Kitchen,Lunch Box,160,486,623.85,5,90,55,162,8.11,L,2022-02-21 00:00:00,Active
4708,Mamaearth Cheese,Mamaearth,Dairy,Cheese,178,284.95,356.81,12,180,113,196,6.54,L,2025-09-07 00:00:00,Active
4709,Britannia Soft Drink,Britannia,Beverages,Soft Drink,462,500.93,564.5,0,90,90,448,0.91,kg,2023-04-23 00:00:00,Active
4710,HUL Bottle,HUL,Kitchen,Bottle,221,627.59,933.53,5,365,39,234,9.52,pcs,2022-05-04 00:00:00,Active
4711,ITC Hair Oil,ITC,Personal Care,Hair Oil,393,1737.7,2435.44,12,60,76,150,2.46,kg,2023-07-16 00:00:00,Active
4712,Tata Energy Drink,Tata,Beverages,Energy Drink,175,615.23,894.28,0,60,37,54,6.42,kg,2026-02-02 00:00:00,Active
4713,Lizol Bottle,Lizol,Kitchen,Bottle,296,1717.23,2421.12,5,180,96,239,0.75,g,2023-09-16 00:00:00,Active
4714,Aashirvaad Face Wash,Aashirvaad,Personal Care,Face Wash,190,150.69,181.01,0,90,75,108,6.33,kg,2022-11-25 00:00:00,Active
4715,Dettol Soap,Dettol,Personal Care,Soap,116,1067.45,1428,12,30,20,280,8.23,kg,2020-09-24 00:00:00,Active
4716,Nestle Baby Lotion,Nestle,Baby Care,Baby Lotion,412,1328.74,1809.07,5,30,76,462,2.49,pcs,2023-10-17 00:00:00,Active
4717,Dabur Baby Powder,Dabur,Baby Care,Baby Powder,334,185.17,236.01,5,365,120,287,8.65,L,2025-01-21 00:00:00,Active
4718,Parle Cat Food,Parle,Pet Care,Cat Food,280,1473.73,2243.41,18,30,43,388,1.67,kg,2021-02-19 00:00:00,Active
4719,Parle Rice,Parle,Grocery,Rice,430,573.32,690.76,12,365,30,322,2.36,kg,2021-11-09 00:00:00,Active
4720,Nivea Biscuits,Nivea,Snacks,Biscuits,7,859.21,1238.06,18,90,102,299,9.83,pcs,2022-05-04 00:00:00,Active
4721,Tata Biscuits,Tata,Snacks,Biscuits,345,159.71,217.42,0,60,75,209,1.89,L,2021-09-21 00:00:00,Active
4722,Fortune Frying Pan,Fortune,Kitchen,Frying Pan,482,144.68,206.96,12,90,82,289,6.53,g,2023-08-24 00:00:00,Active
4723,Pedigree Baby Powder,Pedigree,Baby Care,Baby Powder,3,1214.05,1787.5,12,90,30,477,9.75,L,2022-12-07 00:00:00,Active
4724,Godrej Dog Food,Godrej,Pet Care,Dog Food,97,1466.04,2188.81,5,30,57,162,2.58,L,2024-03-06 00:00:00,Active
4725,Nivea Garbage Bags,Nivea,Household,Garbage Bags,354,1653.26,2441.52,18,365,80,199,2.98,g,2026-05-29 00:00:00,Active
4726,Godrej Juice,Godrej,Beverages,Juice,312,1140.74,1283.18,0,60,22,75,5.5,kg,2020-09-17 00:00:00,Active
4727,Nestle Milk,Nestle,Dairy,Milk,177,1162.56,1308.3,12,365,79,325,7.95,g,2021-07-12 00:00:00,Active
4728,Godrej Baby Powder,Godrej,Baby Care,Baby Powder,484,918.13,1320.25,12,60,27,220,2.21,L,2021-05-07 00:00:00,Active
4729,Tata Cat Food,Tata,Pet Care,Cat Food,459,52.58,70.53,5,365,38,320,6.39,pcs,2025-08-03 00:00:00,Active
4730,HUL Baby Lotion,HUL,Baby Care,Baby Lotion,298,1706.36,2390.21,12,365,88,488,7.75,ml,2025-02-02 00:00:00,Active
4731,Nestle Namkeen,Nestle,Snacks,Namkeen,176,564.02,685.85,12,60,88,206,4.4,pcs,2024-10-12 00:00:00,Active
4732,Dabur Energy Drink,Dabur,Beverages,Energy Drink,86,108.84,166.7,5,365,48,441,1.63,g,2024-11-30 00:00:00,Active
4733,Godrej Hair Oil,Godrej,Personal Care,Hair Oil,245,441.73,662.16,12,30,40,244,3.59,pcs,2023-04-01 00:00:00,Active
4734,Tata Cookies,Tata,Snacks,Cookies,121,1014.08,1157.71,5,30,23,309,1.08,L,2026-05-26 00:00:00,Active
4735,Aashirvaad Pressure Cooker,Aashirvaad,Kitchen,Pressure Cooker,130,1347.11,1964.68,5,365,86,413,1.84,g,2025-01-25 00:00:00,Active
4736,Britannia Hair Oil,Britannia,Personal Care,Hair Oil,144,1061.53,1307.23,18,30,88,494,9.45,kg,2024-02-27 00:00:00,Active
4737,Britannia Cookies,Britannia,Snacks,Cookies,370,740.49,1110.68,12,180,32,168,2.24,L,2024-11-26 00:00:00,Active
4738,Britannia Energy Drink,Britannia,Beverages,Energy Drink,165,316.26,458.6,12,180,44,198,6.34,kg,2022-02-07 00:00:00,Active
4739,Dettol Paneer,Dettol,Dairy,Paneer,286,1760.83,2475,0,180,52,339,1.44,g,2020-11-22 00:00:00,Active
4740,Tata Diapers,Tata,Baby Care,Diapers,360,258.87,360.53,0,90,33,353,0.1,g,2021-04-07 00:00:00,Active
4741,Aashirvaad Cat Food,Aashirvaad,Pet Care,Cat Food,211,1188.98,1472.33,12,365,103,435,6.08,L,2023-06-20 00:00:00,Active
4742,HUL Baby Powder,HUL,Baby Care,Baby Powder,119,862.97,1222.43,18,90,119,153,3.8,g,2022-03-17 00:00:00,Active
4743,Fortune Chips,Fortune,Snacks,Chips,31,718.54,821.15,0,365,62,321,2.14,kg,2020-11-18 00:00:00,Active
4744,Patanjali Lunch Box,Patanjali,Kitchen,Lunch Box,91,281.33,323.1,18,90,108,213,9.43,ml,2022-03-01 00:00:00,Active
4745,Pedigree Toothpaste,Pedigree,Personal Care,Toothpaste,117,372.16,479.78,12,60,32,254,0.26,g,2024-01-18 00:00:00,Active
4746,Mamaearth Chocolate,Mamaearth,Snacks,Chocolate,2,829.13,1028.22,5,365,46,186,9.11,pcs,2021-07-25 00:00:00,Active
4747,Lizol Baby Soap,Lizol,Baby Care,Baby Soap,101,1452.15,2000.71,12,60,99,413,8.11,L,2022-04-17 00:00:00,Active
4748,Aashirvaad Chips,Aashirvaad,Snacks,Chips,214,534.54,760.72,5,180,78,482,0.9,pcs,2023-01-01 00:00:00,Active
4749,Lizol Namkeen,Lizol,Snacks,Namkeen,34,124.8,150.97,0,180,69,274,2.27,g,2021-10-06 00:00:00,Active
4750,Dettol Pet Shampoo,Dettol,Pet Care,Pet Shampoo,416,1778.57,2443,0,90,53,299,4.84,g,2022-01-06 00:00:00,Active
4751,HUL Toothpaste,HUL,Personal Care,Toothpaste,227,1606.96,2473.01,18,365,120,283,6.02,ml,2025-03-06 00:00:00,Active
4752,Godrej Baby Powder,Godrej,Baby Care,Baby Powder,464,451.77,585.51,0,180,48,69,0.48,ml,2023-02-24 00:00:00,Active
4753,Patanjali Biscuits,Patanjali,Snacks,Biscuits,285,1156.59,1705.08,0,180,84,301,7.57,L,2022-07-10 00:00:00,Active
4754,ITC Soft Drink,ITC,Beverages,Soft Drink,284,208.57,318.75,0,180,38,246,6.46,pcs,2021-07-27 00:00:00,Active
4755,Aashirvaad Dog Food,Aashirvaad,Pet Care,Dog Food,25,1335.6,1563.15,12,365,79,158,3.06,ml,2025-06-11 00:00:00,Active
4756,Pedigree Rice,Pedigree,Grocery,Rice,134,540.08,748.09,18,365,40,349,2.42,ml,2022-06-14 00:00:00,Active
4757,Colgate Butter,Colgate,Dairy,Butter,360,1557.94,2352.99,0,365,76,343,8.89,g,2021-04-19 00:00:00,Active
4758,HUL Lunch Box,HUL,Kitchen,Lunch Box,375,1170.61,1755.11,18,180,74,168,6.27,ml,2020-10-22 00:00:00,Active
4759,Lizol Floor Cleaner,Lizol,Household,Floor Cleaner,405,441.05,496.15,18,90,67,55,2.64,pcs,2021-08-01 00:00:00,Active
4760,Surf Excel Soft Drink,Surf Excel,Beverages,Soft Drink,236,1039.07,1207.42,12,60,89,380,1.4,ml,2024-02-02 00:00:00,Active
4761,Mamaearth Cat Food,Mamaearth,Pet Care,Cat Food,275,1187.17,1700.41,18,30,86,139,3.8,kg,2020-12-27 00:00:00,Active
4762,Dabur Soap,Dabur,Personal Care,Soap,456,1000.8,1122.47,0,60,41,141,6.83,L,2023-02-22 00:00:00,Active
4763,Colgate Baby Lotion,Colgate,Baby Care,Baby Lotion,424,596.47,789.36,12,365,75,253,4.15,g,2025-01-09 00:00:00,Active
4764,Britannia Tissue Paper,Britannia,Household,Tissue Paper,416,548.19,665.45,5,60,116,342,1.84,pcs,2023-07-28 00:00:00,Active
4765,Sunfeast Curd,Sunfeast,Dairy,Curd,208,1603.83,1849.86,12,365,91,237,4.53,L,2021-08-05 00:00:00,Active
4766,Mamaearth Mineral Water,Mamaearth,Beverages,Mineral Water,29,1001.85,1234.88,18,30,112,466,9.29,L,2024-01-10 00:00:00,Active
4767,Parle Coffee,Parle,Grocery,Coffee,199,788.51,1170.68,12,60,95,261,4.65,pcs,2022-08-27 00:00:00,Active
4768,Surf Excel Dog Food,Surf Excel,Pet Care,Dog Food,360,1093.48,1665.27,18,180,89,72,4.95,kg,2025-12-23 00:00:00,Active
4769,ITC Rice,ITC,Grocery,Rice,241,1652.95,2255.78,18,180,105,73,0.62,g,2025-12-21 00:00:00,Active
4770,Fortune Energy Drink,Fortune,Beverages,Energy Drink,86,1394.76,1692.38,5,60,63,213,1.89,kg,2025-10-10 00:00:00,Active
4771,Godrej Curd,Godrej,Dairy,Curd,206,1749.64,2452.1,5,30,38,429,8.84,kg,2022-09-19 00:00:00,Active
4772,Mamaearth Soap,Mamaearth,Personal Care,Soap,97,465.83,537.7,18,90,53,228,1.68,L,2024-09-11 00:00:00,Active
4773,Colgate Baby Soap,Colgate,Baby Care,Baby Soap,216,1293.83,1760.92,12,365,61,63,8.3,g,2023-09-23 00:00:00,Active
4774,Lizol Frying Pan,Lizol,Kitchen,Frying Pan,79,676.77,1041.06,0,60,111,100,2.94,g,2023-11-18 00:00:00,Active
4775,Fortune Baby Lotion,Fortune,Baby Care,Baby Lotion,257,436.85,522.58,12,365,93,368,2.97,kg,2024-03-29 00:00:00,Active
4776,Pedigree Chana Dal,Pedigree,Grocery,Chana Dal,59,1041.92,1499.31,5,60,120,481,4.78,kg,2020-12-20 00:00:00,Active
4777,Nestle Cooking Oil,Nestle,Grocery,Cooking Oil,217,1187.5,1444.16,12,180,89,364,0.63,ml,2025-10-30 00:00:00,Active
4778,Surf Excel Lunch Box,Surf Excel,Kitchen,Lunch Box,97,575.7,874.51,0,60,102,460,4.66,ml,2026-04-19 00:00:00,Active
4779,Patanjali Moong Dal,Patanjali,Grocery,Moong Dal,256,1731.52,2342.39,12,30,112,404,5.12,pcs,2024-07-29 00:00:00,Active
4780,Mamaearth Shampoo,Mamaearth,Personal Care,Shampoo,118,820.97,1255.55,18,180,45,168,9.44,kg,2024-02-04 00:00:00,Active
4781,Godrej Soap,Godrej,Personal Care,Soap,85,1206.84,1773.46,18,365,59,375,3.08,kg,2024-03-14 00:00:00,Active
4782,Parle Biscuits,Parle,Snacks,Biscuits,497,1678.21,1903.81,18,90,89,242,1.82,g,2025-02-06 00:00:00,Active
4783,Lizol Hair Oil,Lizol,Personal Care,Hair Oil,153,950.12,1315.59,5,30,28,195,4.44,L,2026-06-24 00:00:00,Active
4784,HUL Tissue Paper,HUL,Household,Tissue Paper,363,316.61,397.72,12,30,62,264,0.79,g,2021-08-20 00:00:00,Active
4785,HUL Cookies,HUL,Snacks,Cookies,235,282.1,404.42,5,90,80,464,6.99,ml,2024-08-07 00:00:00,Discontinued
4786,Britannia Cat Food,Britannia,Pet Care,Cat Food,105,422.74,589.2,0,30,118,220,9.11,pcs,2020-12-16 00:00:00,Discontinued
4787,Parle Butter,Parle,Dairy,Butter,201,888.53,1098.7,18,90,53,109,2.35,g,2023-03-20 00:00:00,Active
4788,Nestle Poha,Nestle,Grocery,Poha,476,1450.07,2143.69,0,365,102,435,5.83,g,2020-08-23 00:00:00,Active
4789,Mamaearth Juice,Mamaearth,Beverages,Juice,115,285.71,329.27,5,180,23,179,6.71,kg,2022-01-11 00:00:00,Active
4790,Amul Lunch Box,Amul,Kitchen,Lunch Box,100,900.78,1248.8,0,180,37,307,4.63,L,2020-11-26 00:00:00,Active
4791,Tata Chocolate,Tata,Snacks,Chocolate,346,1489.88,2062.53,5,365,113,221,3.4,ml,2025-08-31 00:00:00,Active
4792,Sunfeast Juice,Sunfeast,Beverages,Juice,484,1628.93,1852.14,5,180,85,267,2.04,L,2025-03-09 00:00:00,Active
4793,Tata Cat Food,Tata,Pet Care,Cat Food,382,1298.18,1999.22,0,60,87,480,0.65,ml,2024-09-24 00:00:00,Active
4794,Dabur Dishwash Liquid,Dabur,Household,Dishwash Liquid,357,1590.88,1853.89,12,60,30,253,8.58,L,2020-11-04 00:00:00,Active
4795,Nivea Diapers,Nivea,Baby Care,Diapers,387,1237.52,1712.42,0,60,54,87,1.22,g,2024-09-20 00:00:00,Active
4796,ITC Frying Pan,ITC,Kitchen,Frying Pan,109,30.32,36.16,12,60,52,280,6.24,L,2025-08-13 00:00:00,Active
4797,Tata Dishwash Liquid,Tata,Household,Dishwash Liquid,166,91.89,122.72,12,365,86,221,6.05,kg,2024-01-03 00:00:00,Active
4798,HUL Toor Dal,HUL,Grocery,Toor Dal,264,1049.45,1422.97,12,365,101,476,5.49,L,2024-12-30 00:00:00,Active
4799,Britannia Chana Dal,Britannia,Grocery,Chana Dal,388,275.72,354.83,0,365,101,237,6,kg,2020-08-30 00:00:00,Active
4800,Mamaearth Chips,Mamaearth,Snacks,Chips,96,954.58,1322.59,0,180,79,305,2.02,pcs,2023-01-18 00:00:00,Active
4801,Aashirvaad Pressure Cooker,Aashirvaad,Kitchen,Pressure Cooker,297,425.25,506.05,5,60,45,248,8,ml,2022-07-09 00:00:00,Active
4802,Mamaearth Floor Cleaner,Mamaearth,Household,Floor Cleaner,120,895.33,1055.4,12,30,110,448,1.53,ml,2026-02-20 00:00:00,Active
4803,Parle Curd,Parle,Dairy,Curd,72,682.17,1034.26,12,365,116,337,5.14,L,2022-12-10 00:00:00,Active
4804,ITC Toor Dal,ITC,Grocery,Toor Dal,91,769.05,1022.13,5,30,36,393,8.29,kg,2020-11-05 00:00:00,Active
4805,Godrej Dishwash Liquid,Godrej,Household,Dishwash Liquid,386,568.42,861.63,12,30,38,396,3.06,ml,2024-04-18 00:00:00,Active
4806,ITC Poha,ITC,Grocery,Poha,451,709.14,957.08,0,180,33,176,8.91,ml,2025-09-27 00:00:00,Active
4807,Amul Dog Food,Amul,Pet Care,Dog Food,172,1693.59,2358.65,0,90,101,453,4,ml,2022-03-06 00:00:00,Active
4808,Britannia Dog Food,Britannia,Pet Care,Dog Food,92,564.17,690.9,12,30,56,205,9.25,kg,2024-08-22 00:00:00,Active
4809,Aashirvaad Pet Shampoo,Aashirvaad,Pet Care,Pet Shampoo,328,1719.13,2637.18,5,90,45,254,0.79,L,2021-06-24 00:00:00,Active
4810,Dabur Atta,Dabur,Grocery,Atta,43,1086.16,1333.85,5,365,75,324,8.73,ml,2022-04-07 00:00:00,Active
4811,Fortune Tissue Paper,Fortune,Household,Tissue Paper,415,727.89,1006.24,5,180,50,155,7.66,g,2023-05-03 00:00:00,Active
4812,Nestle Hair Oil,Nestle,Personal Care,Hair Oil,98,740.51,1096.56,0,365,94,387,6.01,pcs,2022-03-23 00:00:00,Active
4813,Fortune Atta,Fortune,Grocery,Atta,241,694.02,1054.26,0,60,80,407,8.24,pcs,2022-09-26 00:00:00,Active
4814,Nivea Diapers,Nivea,Baby Care,Diapers,497,1408.06,1631.01,18,90,40,220,7.74,pcs,2026-02-17 00:00:00,Active
4815,Parle Biscuits,Parle,Snacks,Biscuits,320,1396.3,1943.55,18,365,75,486,6.3,L,2025-03-17 00:00:00,Discontinued
4816,Lizol Pet Shampoo,Lizol,Pet Care,Pet Shampoo,252,395.15,467.8,5,90,95,415,7.18,pcs,2025-09-08 00:00:00,Active
4817,HUL Curd,HUL,Dairy,Curd,475,261.76,399.9,18,30,86,256,6.88,L,2021-04-18 00:00:00,Active
4818,Mamaearth Tissue Paper,Mamaearth,Household,Tissue Paper,230,1466.32,1736.56,12,90,23,237,7.24,ml,2024-08-05 00:00:00,Active
4819,Sunfeast Knife,Sunfeast,Kitchen,Knife,220,163.99,244.03,0,60,55,163,6.32,pcs,2021-11-18 00:00:00,Active
4820,Aashirvaad Curd,Aashirvaad,Dairy,Curd,164,1015.28,1157.65,18,60,30,356,4.48,ml,2024-01-17 00:00:00,Active
4821,Britannia Toothpaste,Britannia,Personal Care,Toothpaste,148,545.72,673.71,5,180,60,242,1.63,kg,2021-08-16 00:00:00,Active
4822,Sunfeast Toor Dal,Sunfeast,Grocery,Toor Dal,369,544.96,616.6,0,180,40,206,4.68,ml,2022-10-21 00:00:00,Active
4823,Patanjali Moong Dal,Patanjali,Grocery,Moong Dal,361,143.11,173.68,18,365,46,286,2.91,ml,2022-01-18 00:00:00,Active
4824,Lizol Energy Drink,Lizol,Beverages,Energy Drink,95,1314.21,1986.73,12,60,52,136,4.88,L,2026-04-27 00:00:00,Active
4825,Nivea Curd,Nivea,Dairy,Curd,395,1205.79,1682.54,0,60,116,426,5.1,ml,2024-06-29 00:00:00,Discontinued
4826,Mamaearth Cookies,Mamaearth,Snacks,Cookies,237,1108.38,1641.35,18,365,92,357,8.45,pcs,2022-04-27 00:00:00,Active
4827,Colgate Soap,Colgate,Personal Care,Soap,434,1276.68,1496.73,18,90,71,96,7.26,L,2022-03-19 00:00:00,Active
4828,Lizol Lunch Box,Lizol,Kitchen,Lunch Box,166,1502.37,1803.87,18,365,54,316,0.81,ml,2024-07-29 00:00:00,Active
4829,ITC Face Wash,ITC,Personal Care,Face Wash,469,1696.82,2182.94,18,365,44,372,8.57,pcs,2022-10-24 00:00:00,Active
4830,Dabur Detergent,Dabur,Household,Detergent,182,60.72,74.87,5,365,23,423,4.89,ml,2021-04-29 00:00:00,Active
4831,Lizol Face Wash,Lizol,Personal Care,Face Wash,298,28.84,37.51,18,60,22,431,1.59,g,2021-09-29 00:00:00,Active
4832,Amul Namkeen,Amul,Snacks,Namkeen,345,729.05,1057.38,0,60,80,326,5.97,ml,2021-05-10 00:00:00,Active
4833,Fortune Mineral Water,Fortune,Beverages,Mineral Water,477,1554.88,1985.79,0,60,95,59,3.18,pcs,2026-05-09 00:00:00,Active
4834,Nivea Baby Powder,Nivea,Baby Care,Baby Powder,187,646.92,892.3,5,90,26,223,8.51,kg,2024-02-23 00:00:00,Active
4835,Amul Detergent,Amul,Household,Detergent,392,1322.82,1847.09,18,30,67,334,5.18,pcs,2026-02-07 00:00:00,Active
4836,Patanjali Cookies,Patanjali,Snacks,Cookies,258,1048.85,1607.03,0,90,87,370,5.16,g,2021-11-30 00:00:00,Active
4837,Britannia Tissue Paper,Britannia,Household,Tissue Paper,278,315.88,368.36,18,180,105,468,0.53,pcs,2023-11-06 00:00:00,Active
4838,ITC Chocolate,ITC,Snacks,Chocolate,202,474.29,634.38,12,180,104,351,6.65,kg,2021-03-15 00:00:00,Active
4839,Nestle Pet Shampoo,Nestle,Pet Care,Pet Shampoo,472,1719.1,2616.53,12,90,106,434,5.57,g,2022-09-15 00:00:00,Active
4840,Aashirvaad Milk,Aashirvaad,Dairy,Milk,486,445.72,541.45,18,180,117,377,8.5,L,2024-09-06 00:00:00,Active
4841,Dettol Mineral Water,Dettol,Beverages,Mineral Water,120,1266.15,1542.61,12,60,75,288,5.52,L,2021-02-11 00:00:00,Active
4842,ITC Diapers,ITC,Baby Care,Diapers,180,209.44,264.21,18,365,102,89,8.95,kg,2025-05-08 00:00:00,Active
4843,Britannia Baby Soap,Britannia,Baby Care,Baby Soap,435,675.56,905.18,18,180,23,440,7.75,kg,2023-07-27 00:00:00,Active
4844,Pedigree Knife,Pedigree,Kitchen,Knife,439,694.84,806.88,12,180,49,58,4.58,pcs,2026-02-05 00:00:00,Active
4845,Pedigree Namkeen,Pedigree,Snacks,Namkeen,69,903.96,1289.44,18,60,21,107,8.26,pcs,2024-12-17 00:00:00,Active
4846,Tata Face Wash,Tata,Personal Care,Face Wash,55,1434.28,2103.06,18,90,67,384,3.98,pcs,2021-11-18 00:00:00,Active
4847,Godrej Frying Pan,Godrej,Kitchen,Frying Pan,288,363.66,493.77,12,90,48,402,5.62,ml,2025-02-28 00:00:00,Active
4848,Fortune Soap,Fortune,Personal Care,Soap,182,682.34,1025.6,12,180,45,333,8.66,L,2021-09-06 00:00:00,Active
4849,Pedigree Pet Shampoo,Pedigree,Pet Care,Pet Shampoo,272,1782,2488.68,0,90,74,92,1.96,kg,2024-04-04 00:00:00,Active
4850,Lizol Soft Drink,Lizol,Beverages,Soft Drink,305,1572.74,2033.81,0,180,111,373,7.79,L,2023-03-09 00:00:00,Active
4851,Mamaearth Dog Food,Mamaearth,Pet Care,Dog Food,349,819.75,1102.62,18,90,94,259,3.03,ml,2023-03-14 00:00:00,Active
4852,Tata Butter,Tata,Dairy,Butter,298,1747.57,2157.32,18,30,101,344,9.06,pcs,2022-08-20 00:00:00,Active
4853,ITC Detergent,ITC,Household,Detergent,487,1449.06,1819.89,5,90,55,79,4.18,g,2026-04-29 00:00:00,Active
4854,Dabur Butter,Dabur,Dairy,Butter,493,788.45,1023.87,18,180,40,445,7.78,pcs,2020-10-31 00:00:00,Active
4855,Dabur Soft Drink,Dabur,Beverages,Soft Drink,473,1460.2,1747.02,5,180,45,83,5.69,pcs,2025-11-25 00:00:00,Active
4856,Mamaearth Energy Drink,Mamaearth,Beverages,Energy Drink,65,907.72,1044.48,0,30,75,292,5.61,pcs,2024-01-19 00:00:00,Active
4857,Nestle Diapers,Nestle,Baby Care,Diapers,300,1784.26,2738.81,0,90,112,415,4.74,kg,2021-08-31 00:00:00,Active
4858,Mamaearth Knife,Mamaearth,Kitchen,Knife,183,1350.57,1661.04,12,30,120,245,2.83,kg,2022-07-13 00:00:00,Active
4859,Britannia Paneer,Britannia,Dairy,Paneer,348,17.06,23.8,18,90,41,330,3.38,g,2024-02-05 00:00:00,Active
4860,Tata Toothpaste,Tata,Personal Care,Toothpaste,453,852.95,1195.02,18,365,62,366,1.91,g,2022-11-01 00:00:00,Active
4861,Sunfeast Rice,Sunfeast,Grocery,Rice,348,1669.43,2118.47,18,180,59,378,1.24,L,2025-03-17 00:00:00,Active
4862,Surf Excel Atta,Surf Excel,Grocery,Atta,471,1190.04,1334.13,12,60,20,417,3.85,pcs,2022-02-24 00:00:00,Active
4863,Lizol Chips,Lizol,Snacks,Chips,220,63.99,94.63,18,365,80,378,7.93,pcs,2026-01-12 00:00:00,Active
4864,Sunfeast Pet Shampoo,Sunfeast,Pet Care,Pet Shampoo,223,267.86,309.28,18,30,38,170,0.5,ml,2024-08-17 00:00:00,Active
4865,Sunfeast Knife,Sunfeast,Kitchen,Knife,277,1454.69,2006.98,0,30,72,393,4.21,pcs,2023-03-07 00:00:00,Active
4866,Colgate Curd,Colgate,Dairy,Curd,86,1440.36,2048.3,5,30,89,242,8.65,kg,2020-11-29 00:00:00,Active
4867,Tata Juice,Tata,Beverages,Juice,196,58.72,80.18,5,365,93,183,4.9,g,2021-01-20 00:00:00,Active
4868,ITC Frying Pan,ITC,Kitchen,Frying Pan,388,1255.67,1620.45,5,90,109,277,3.09,ml,2023-03-06 00:00:00,Active
4869,Fortune Shampoo,Fortune,Personal Care,Shampoo,344,571.31,835.95,18,90,68,269,8.49,kg,2021-11-28 00:00:00,Active
4870,ITC Baby Powder,ITC,Baby Care,Baby Powder,121,412.19,636.74,5,365,67,55,1.23,pcs,2025-09-30 00:00:00,Active
4871,Britannia Baby Lotion,Britannia,Baby Care,Baby Lotion,53,1378.8,1624.07,18,90,84,411,0.15,pcs,2025-11-30 00:00:00,Active
4872,Britannia Diapers,Britannia,Baby Care,Diapers,39,1572.7,1985.93,0,365,48,482,5.29,g,2026-05-29 00:00:00,Active
4873,Amul Coffee,Amul,Grocery,Coffee,45,498,691.96,18,180,43,357,8.61,pcs,2024-07-12 00:00:00,Active
4874,Parle Toor Dal,Parle,Grocery,Toor Dal,491,1406.58,1595.39,12,365,27,445,3.56,ml,2024-03-07 00:00:00,Active
4875,Dettol Cheese,Dettol,Dairy,Cheese,211,1580.91,2009.28,18,60,43,190,1.16,pcs,2022-05-20 00:00:00,Active
4876,HUL Detergent,HUL,Household,Detergent,64,1729.84,2321.46,0,30,106,340,3.6,pcs,2024-06-27 00:00:00,Discontinued
4877,Dabur Biscuits,Dabur,Snacks,Biscuits,449,487.29,583.1,12,90,53,64,7.2,ml,2025-05-24 00:00:00,Active
4878,Mamaearth Paneer,Mamaearth,Dairy,Paneer,69,1138.75,1614.94,0,365,82,473,3.91,L,2020-12-16 00:00:00,Active
4879,Nivea Baby Lotion,Nivea,Baby Care,Baby Lotion,87,350.8,534.39,12,90,108,351,1.28,g,2025-10-12 00:00:00,Active
4880,Lizol Milk,Lizol,Dairy,Milk,377,319.27,405.64,0,90,29,312,1.83,pcs,2026-06-18 00:00:00,Active
4881,Nestle Lunch Box,Nestle,Kitchen,Lunch Box,263,1456.95,1914.88,0,365,83,106,2.08,g,2025-02-05 00:00:00,Active
4882,Patanjali Face Wash,Patanjali,Personal Care,Face Wash,464,281.96,347.94,0,90,79,80,7.49,ml,2022-10-14 00:00:00,Active
4883,Dabur Garbage Bags,Dabur,Household,Garbage Bags,373,578.93,654.81,5,180,103,430,5.8,pcs,2026-07-27 00:00:00,Active
4884,Mamaearth Face Wash,Mamaearth,Personal Care,Face Wash,388,1716.32,2376.4,0,30,113,274,1.52,kg,2021-11-09 00:00:00,Active
4885,Britannia Energy Drink,Britannia,Beverages,Energy Drink,37,338.21,441.49,18,180,31,247,9.12,ml,2022-08-15 00:00:00,Active
4886,Parle Dog Food,Parle,Pet Care,Dog Food,20,273.73,341,5,180,40,99,0.26,g,2021-03-08 00:00:00,Active
4887,Amul Soft Drink,Amul,Beverages,Soft Drink,297,1379.15,2116.47,0,90,110,165,6.41,pcs,2023-11-14 00:00:00,Active
4888,Aashirvaad Soap,Aashirvaad,Personal Care,Soap,47,1445.09,1772.55,0,365,96,135,2.37,ml,2024-03-20 00:00:00,Active
4889,Mamaearth Curd,Mamaearth,Dairy,Curd,266,840.84,1147.05,18,60,87,280,9.31,kg,2021-01-15 00:00:00,Active
4890,Parle Toor Dal,Parle,Grocery,Toor Dal,344,1538.34,2058.62,18,365,22,429,5.92,kg,2023-05-24 00:00:00,Active
4891,Dettol Pet Shampoo,Dettol,Pet Care,Pet Shampoo,368,1115.67,1384.7,18,180,114,67,6.1,ml,2022-01-18 00:00:00,Active
4892,Tata Floor Cleaner,Tata,Household,Floor Cleaner,301,453.86,697.18,0,60,87,215,8.53,kg,2020-08-08 00:00:00,Active
4893,Godrej Pet Shampoo,Godrej,Pet Care,Pet Shampoo,172,461.72,650.67,0,365,65,179,2.88,g,2022-12-19 00:00:00,Active
4894,Godrej Mineral Water,Godrej,Beverages,Mineral Water,285,88.99,113.94,12,90,28,54,5.3,pcs,2025-07-15 00:00:00,Active
4895,Nestle Butter,Nestle,Dairy,Butter,341,1793.99,2697.41,18,90,88,216,2.51,L,2021-08-21 00:00:00,Active
4896,Sunfeast Baby Soap,Sunfeast,Baby Care,Baby Soap,230,1260.98,1715.46,5,90,52,305,8.65,ml,2023-07-28 00:00:00,Active
4897,Nestle Frying Pan,Nestle,Kitchen,Frying Pan,275,1344.24,1964.44,5,90,44,116,2.83,pcs,2021-02-09 00:00:00,Active
4898,Nestle Milk,Nestle,Dairy,Milk,499,1430.68,1695.35,18,90,119,195,4.27,g,2022-04-12 00:00:00,Active
4899,Tata Pressure Cooker,Tata,Kitchen,Pressure Cooker,148,1225.01,1410.61,0,365,22,302,0.57,L,2026-04-01 00:00:00,Active
4900,Pedigree Detergent,Pedigree,Household,Detergent,295,1248.47,1553.22,5,60,115,62,3.87,ml,2025-02-15 00:00:00,Active
4901,Lizol Atta,Lizol,Grocery,Atta,491,1181,1719.73,12,60,60,132,2.76,ml,2020-09-04 00:00:00,Active
4902,Pedigree Dog Food,Pedigree,Pet Care,Dog Food,468,404.15,519.16,12,180,45,402,5.84,pcs,2025-02-17 00:00:00,Active
4903,Nivea Mineral Water,Nivea,Beverages,Mineral Water,83,1182.26,1608.8,12,60,62,391,6.06,L,2021-12-26 00:00:00,Active
4904,Patanjali Curd,Patanjali,Dairy,Curd,478,419.17,632.28,18,365,67,187,2.04,g,2026-05-06 00:00:00,Active
4905,Tata Baby Powder,Tata,Baby Care,Baby Powder,255,650.4,845.47,5,180,80,296,7.99,kg,2025-08-23 00:00:00,Active
4906,Surf Excel Dog Food,Surf Excel,Pet Care,Dog Food,73,930.37,1313.67,18,30,114,242,7.27,ml,2023-07-27 00:00:00,Active
4907,Tata Toothpaste,Tata,Personal Care,Toothpaste,440,1324.83,1933.7,5,365,53,59,8.75,L,2023-01-06 00:00:00,Active
4908,Tata Baby Soap,Tata,Baby Care,Baby Soap,157,1253.31,1905.03,0,180,70,315,9.56,pcs,2023-02-16 00:00:00,Active
4909,Patanjali Cookies,Patanjali,Snacks,Cookies,298,303.33,364.36,5,30,100,333,0.4,kg,2023-08-06 00:00:00,Active
4910,Dabur Lunch Box,Dabur,Kitchen,Lunch Box,279,217.4,261.23,5,30,41,68,6.98,L,2026-07-14 00:00:00,Active
4911,Dabur Tissue Paper,Dabur,Household,Tissue Paper,342,1203.09,1625.22,0,180,113,74,0.85,ml,2022-05-03 00:00:00,Active
4912,Colgate Curd,Colgate,Dairy,Curd,354,1223.83,1884.33,18,365,62,326,0.42,L,2021-10-20 00:00:00,Active
4913,Fortune Cheese,Fortune,Dairy,Cheese,466,97.85,136.69,18,60,65,68,2.43,kg,2024-07-23 00:00:00,Active
4914,Mamaearth Bottle,Mamaearth,Kitchen,Bottle,199,836.06,1041.82,5,60,41,319,3.2,ml,2021-10-08 00:00:00,Active
4915,Colgate Soft Drink,Colgate,Beverages,Soft Drink,340,742.62,1102.64,0,60,48,221,1.55,kg,2022-09-08 00:00:00,Active
4916,Nestle Chips,Nestle,Snacks,Chips,274,1537.84,1837.66,0,60,23,466,7.03,kg,2022-09-04 00:00:00,Active
4917,Pedigree Dog Food,Pedigree,Pet Care,Dog Food,267,46.49,70.07,0,90,78,494,6.29,ml,2022-11-09 00:00:00,Active
4918,Parle Tissue Paper,Parle,Household,Tissue Paper,19,449.12,677.31,12,180,93,429,9.14,ml,2024-07-18 00:00:00,Active
4919,Aashirvaad Frying Pan,Aashirvaad,Kitchen,Frying Pan,406,1311.13,1579.8,18,90,61,309,1.64,L,2021-12-26 00:00:00,Active
4920,Patanjali Energy Drink,Patanjali,Beverages,Energy Drink,22,458.21,697.84,5,30,54,283,1.08,ml,2023-06-20 00:00:00,Active
4921,Fortune Biscuits,Fortune,Snacks,Biscuits,127,1795.6,2147.42,0,30,36,374,5.31,kg,2025-07-22 00:00:00,Active
4922,Nestle Rice,Nestle,Grocery,Rice,69,175.24,240.55,0,180,104,419,5.08,pcs,2022-08-24 00:00:00,Active
4923,Fortune Soap,Fortune,Personal Care,Soap,214,704.76,915.43,5,180,25,302,0.47,L,2021-08-06 00:00:00,Active
4924,Patanjali Energy Drink,Patanjali,Beverages,Energy Drink,189,1381.36,1817.94,0,90,50,241,9.61,L,2024-02-16 00:00:00,Active
4925,Dabur Face Wash,Dabur,Personal Care,Face Wash,453,239.95,339.01,12,180,117,257,3.93,kg,2022-01-12 00:00:00,Active
4926,Amul Hair Oil,Amul,Personal Care,Hair Oil,47,1042.35,1577.16,5,180,33,360,2.34,pcs,2025-08-14 00:00:00,Active
4927,Nestle Paneer,Nestle,Dairy,Paneer,319,986.16,1472.71,12,30,27,209,9.54,pcs,2025-08-14 00:00:00,Active
4928,Amul Tissue Paper,Amul,Household,Tissue Paper,189,1000.46,1286.84,12,90,96,489,3.21,ml,2021-06-25 00:00:00,Active
4929,Tata Cat Food,Tata,Pet Care,Cat Food,391,672.88,1018.09,0,60,51,199,0.27,kg,2024-03-04 00:00:00,Active
4930,Dabur Floor Cleaner,Dabur,Household,Floor Cleaner,13,1108.08,1661.45,0,90,23,297,4.36,pcs,2021-05-16 00:00:00,Active
4931,Amul Shampoo,Amul,Personal Care,Shampoo,236,190.36,274.22,5,60,25,353,3.08,L,2025-09-08 00:00:00,Active
4932,Parle Tea,Parle,Grocery,Tea,44,545.35,813.59,12,180,78,422,5.17,g,2025-07-30 00:00:00,Active
4933,Parle Energy Drink,Parle,Beverages,Energy Drink,234,386.14,551.61,5,90,83,100,6.41,ml,2025-12-17 00:00:00,Active
4934,Dettol Lunch Box,Dettol,Kitchen,Lunch Box,466,468.49,624.91,12,60,115,493,8.71,L,2024-06-12 00:00:00,Active
4935,Nivea Cookies,Nivea,Snacks,Cookies,164,584.03,716.11,12,365,93,224,1.29,L,2023-12-21 00:00:00,Active
4936,Colgate Shampoo,Colgate,Personal Care,Shampoo,281,1674.29,2083.22,18,60,56,170,0.12,pcs,2025-08-24 00:00:00,Active
4937,Britannia Lunch Box,Britannia,Kitchen,Lunch Box,61,775.74,956.61,12,90,114,128,3.69,kg,2025-11-24 00:00:00,Active
4938,HUL Baby Powder,HUL,Baby Care,Baby Powder,249,1409.44,1779.76,0,30,61,232,9.58,pcs,2021-03-17 00:00:00,Active
4939,Mamaearth Baby Powder,Mamaearth,Baby Care,Baby Powder,140,621.47,773.09,12,30,100,214,8.98,g,2020-12-18 00:00:00,Active
4940,HUL Baby Soap,HUL,Baby Care,Baby Soap,472,876.52,1300.68,12,180,72,421,5.07,kg,2026-02-08 00:00:00,Active
4941,Nivea Tissue Paper,Nivea,Household,Tissue Paper,182,435.21,545.98,0,365,50,191,3.15,kg,2020-11-25 00:00:00,Active
4942,Godrej Dishwash Liquid,Godrej,Household,Dishwash Liquid,64,1147.52,1619.06,12,60,95,223,0.3,g,2022-04-20 00:00:00,Active
4943,Nivea Energy Drink,Nivea,Beverages,Energy Drink,449,416.48,472.82,0,30,23,187,3.52,pcs,2022-10-13 00:00:00,Active
4944,Amul Face Wash,Amul,Personal Care,Face Wash,157,719.39,863.74,5,30,99,266,4.17,ml,2026-03-31 00:00:00,Active
4945,Pedigree Mineral Water,Pedigree,Beverages,Mineral Water,28,236.85,303.56,12,90,83,280,9.64,pcs,2023-03-20 00:00:00,Active
4946,Fortune Dishwash Liquid,Fortune,Household,Dishwash Liquid,413,357.83,554.59,5,60,30,357,9.88,g,2020-11-20 00:00:00,Active
4947,Britannia Chips,Britannia,Snacks,Chips,494,1006.24,1177.85,0,60,89,300,4.77,pcs,2021-05-31 00:00:00,Active
4948,Lizol Cooking Oil,Lizol,Grocery,Cooking Oil,402,1411.76,1920.53,0,365,108,256,5.56,ml,2023-04-30 00:00:00,Active
4949,Colgate Diapers,Colgate,Baby Care,Diapers,477,924.17,1236.57,5,60,31,271,3.27,pcs,2024-12-30 00:00:00,Active
4950,Dabur Juice,Dabur,Beverages,Juice,311,890.33,1299.04,0,30,54,77,3.66,g,2023-03-23 00:00:00,Discontinued
4951,Sunfeast Mineral Water,Sunfeast,Beverages,Mineral Water,267,1734.06,2327.4,12,180,104,175,5.2,L,2024-12-03 00:00:00,Active
4952,Lizol Floor Cleaner,Lizol,Household,Floor Cleaner,265,332.62,425.1,0,30,63,444,2.4,L,2021-05-03 00:00:00,Active
4953,Amul Baby Powder,Amul,Baby Care,Baby Powder,116,77.96,93.43,0,60,21,107,9.14,pcs,2026-03-14 00:00:00,Active
4954,Britannia Lunch Box,Britannia,Kitchen,Lunch Box,260,1523.6,2028.24,12,90,108,236,3.7,kg,2021-05-17 00:00:00,Active
4955,Dettol Pressure Cooker,Dettol,Kitchen,Pressure Cooker,480,1529.24,2321.02,0,90,40,247,7.93,g,2023-03-16 00:00:00,Active
4956,Lizol Energy Drink,Lizol,Beverages,Energy Drink,424,867.3,1234.82,12,30,31,58,5.06,kg,2024-07-04 00:00:00,Active
4957,Godrej Namkeen,Godrej,Snacks,Namkeen,165,1117.99,1349.69,18,90,87,353,3.66,ml,2023-03-11 00:00:00,Active
4958,Lizol Floor Cleaner,Lizol,Household,Floor Cleaner,227,619.71,751.31,18,365,28,53,3.69,g,2021-01-27 00:00:00,Active
4959,Tata Tissue Paper,Tata,Household,Tissue Paper,255,702.05,1056.27,5,90,44,484,3.14,pcs,2026-02-15 00:00:00,Active
4960,Amul Rice,Amul,Grocery,Rice,91,1664.72,1985.1,0,30,36,280,4.68,kg,2026-07-26 00:00:00,Active
4961,Tata Baby Powder,Tata,Baby Care,Baby Powder,389,1210.6,1548.71,18,365,80,201,3.05,kg,2023-05-17 00:00:00,Active
4962,Surf Excel Bottle,Surf Excel,Kitchen,Bottle,499,527.36,611.84,5,180,52,443,9.01,g,2025-12-24 00:00:00,Active
4963,Fortune Soap,Fortune,Personal Care,Soap,371,1768.96,2340.91,0,60,75,295,1.2,kg,2022-11-06 00:00:00,Active
4964,Mamaearth Bottle,Mamaearth,Kitchen,Bottle,384,1208.01,1614.63,0,60,69,496,2.43,pcs,2024-10-24 00:00:00,Active
4965,Pedigree Namkeen,Pedigree,Snacks,Namkeen,331,565.74,708.18,12,30,95,288,2.47,g,2021-06-12 00:00:00,Active
4966,Surf Excel Coffee,Surf Excel,Grocery,Coffee,472,865.72,1052.17,5,90,41,353,5.51,g,2024-11-25 00:00:00,Active
4967,Dettol Hair Oil,Dettol,Personal Care,Hair Oil,157,1134.17,1383.09,12,180,46,462,6.62,ml,2025-09-10 00:00:00,Active
4968,Colgate Hair Oil,Colgate,Personal Care,Hair Oil,128,1534.63,2093.38,0,30,21,86,9.49,L,2025-12-09 00:00:00,Active
4969,Surf Excel Chips,Surf Excel,Snacks,Chips,300,181.51,272.23,12,365,88,86,1.72,ml,2024-01-08 00:00:00,Active
4970,Colgate Frying Pan,Colgate,Kitchen,Frying Pan,283,700.8,938.04,5,60,38,171,9.39,kg,2021-05-08 00:00:00,Active
4971,Dabur Floor Cleaner,Dabur,Household,Floor Cleaner,350,591,729.14,12,90,77,59,2.17,ml,2026-01-20 00:00:00,Active
4972,ITC Milk,ITC,Dairy,Milk,426,1788.96,2506.44,5,90,80,77,8.51,g,2021-04-14 00:00:00,Active
4973,ITC Paneer,ITC,Dairy,Paneer,225,510.16,779.48,12,180,55,412,3.5,L,2022-06-11 00:00:00,Discontinued
4974,Dettol Detergent,Dettol,Household,Detergent,329,1371.03,1672.21,5,30,28,258,3.45,L,2024-10-08 00:00:00,Active
4975,Tata Cat Food,Tata,Pet Care,Cat Food,428,815.95,945.57,12,365,29,265,3.97,L,2026-04-17 00:00:00,Active
4976,Parle Butter,Parle,Dairy,Butter,79,1412.9,1817.5,0,60,75,77,8.92,ml,2025-09-03 00:00:00,Active
4977,Dabur Face Wash,Dabur,Personal Care,Face Wash,346,1585.7,1894.32,5,365,108,459,2.91,g,2026-04-03 00:00:00,Active
4978,ITC Baby Soap,ITC,Baby Care,Baby Soap,450,701.21,1024.33,0,365,104,57,7.84,L,2020-08-28 00:00:00,Active
4979,Aashirvaad Tea,Aashirvaad,Grocery,Tea,414,1311.52,1760.88,0,365,54,443,1.68,ml,2021-03-08 00:00:00,Active
4980,Pedigree Baby Lotion,Pedigree,Baby Care,Baby Lotion,316,1070.29,1594.76,18,365,89,456,5.96,L,2021-09-12 00:00:00,Active
4981,Nestle Curd,Nestle,Dairy,Curd,12,202.96,304.51,18,365,114,89,3.4,L,2025-07-07 00:00:00,Active
4982,Lizol Butter,Lizol,Dairy,Butter,222,135.2,202.66,18,30,106,344,5.31,ml,2022-03-13 00:00:00,Active
4983,Aashirvaad Frying Pan,Aashirvaad,Kitchen,Frying Pan,92,226.07,294.56,0,60,91,474,3.74,pcs,2021-03-23 00:00:00,Active
4984,ITC Soap,ITC,Personal Care,Soap,471,1567.75,1983.18,12,30,105,238,9.41,ml,2021-10-28 00:00:00,Active
4985,ITC Bottle,ITC,Kitchen,Bottle,47,203.65,276.52,0,180,106,451,7.71,ml,2020-11-12 00:00:00,Discontinued
4986,Patanjali Lunch Box,Patanjali,Kitchen,Lunch Box,287,500.23,772.84,12,30,109,179,6.19,ml,2025-07-03 00:00:00,Active
4987,Dettol Cat Food,Dettol,Pet Care,Cat Food,195,1191.05,1690.34,12,90,23,121,2,g,2022-02-05 00:00:00,Active
4988,Sunfeast Shampoo,Sunfeast,Personal Care,Shampoo,399,1014.93,1404.26,18,365,99,226,4.67,g,2020-11-11 00:00:00,Active
4989,Amul Tissue Paper,Amul,Household,Tissue Paper,150,96.1,125.09,12,30,100,124,1.77,L,2023-02-21 00:00:00,Active
4990,HUL Sugar,HUL,Grocery,Sugar,479,941.72,1234.97,5,30,45,325,1.24,L,2021-05-09 00:00:00,Active
4991,Godrej Baby Lotion,Godrej,Baby Care,Baby Lotion,358,19.67,25.38,5,180,38,338,9.62,g,2024-10-26 00:00:00,Active
4992,Dettol Floor Cleaner,Dettol,Household,Floor Cleaner,3,775.11,907.71,12,60,43,416,4.5,ml,2023-10-03 00:00:00,Active
4993,Sunfeast Chana Dal,Sunfeast,Grocery,Chana Dal,451,841.46,1293.47,0,90,93,304,2.22,kg,2022-08-06 00:00:00,Active
4994,Lizol Floor Cleaner,Lizol,Household,Floor Cleaner,404,1398.88,1792.01,0,365,118,410,5.21,kg,2022-01-15 00:00:00,Active
4995,Mamaearth Knife,Mamaearth,Kitchen,Knife,227,479.73,562.67,0,90,94,402,4.26,g,2022-03-11 00:00:00,Active
4996,Pedigree Namkeen,Pedigree,Snacks,Namkeen,480,1380.26,2086.05,0,180,47,281,6.97,pcs,2024-11-02 00:00:00,Active
4997,Godrej Rice,Godrej,Grocery,Rice,1,1362.91,1788.67,5,365,88,335,7.13,g,2020-10-28 00:00:00,Active
4998,Nivea Dog Food,Nivea,Pet Care,Dog Food,20,1695.4,2219.86,0,90,105,136,8.94,L,2021-08-30 00:00:00,Active
4999,HUL Toothpaste,HUL,Personal Care,Toothpaste,65,170.77,259.07,5,60,32,61,8.96,ml,2023-06-11 00:00:00,Active
5000,Britannia Soap,Britannia,Personal Care,Soap,175,1065.79,1651.51,12,60,83,62,7.95,pcs,2024-02-10 00:00:00,Active
5001,Nivea Pressure Cooker,Nivea,Kitchen,Pressure Cooker,97,123.24,179.17,0,180,33,204,8.25,pcs,2025-02-26 00:00:00,Active
5002,Fortune Moong Dal,Fortune,Grocery,Moong Dal,405,631.3,921.47,5,180,101,233,6.89,pcs,2024-10-19 00:00:00,Active
5003,Nivea Baby Soap,Nivea,Baby Care,Baby Soap,144,187.82,287.89,12,180,103,274,2.66,g,2021-08-09 00:00:00,Active
5004,Sunfeast Chocolate,Sunfeast,Snacks,Chocolate,419,1747.3,2147.79,12,30,58,258,2.86,ml,2023-10-02 00:00:00,Active
5005,Parle Cat Food,Parle,Pet Care,Cat Food,279,705.52,1037.42,12,30,72,272,7.96,g,2022-11-30 00:00:00,Active
5006,ITC Atta,ITC,Grocery,Atta,52,787.84,895.19,5,90,110,485,9.91,pcs,2021-01-22 00:00:00,Active
5007,Dettol Baby Lotion,Dettol,Baby Care,Baby Lotion,12,724.05,1041.38,18,365,103,418,1.71,g,2025-11-14 00:00:00,Active
5008,Lizol Bottle,Lizol,Kitchen,Bottle,25,337.38,380.56,18,60,28,451,3.19,kg,2022-07-17 00:00:00,Active
5009,Godrej Cookies,Godrej,Snacks,Cookies,383,397.63,545.39,12,30,105,226,7.99,pcs,2022-09-23 00:00:00,Active
5010,Mamaearth Shampoo,Mamaearth,Personal Care,Shampoo,363,1458.12,2100.26,18,60,118,191,7.93,ml,2021-01-15 00:00:00,Active
5011,Patanjali Namkeen,Patanjali,Snacks,Namkeen,292,136.9,204.04,18,30,75,74,3.16,ml,2024-03-06 00:00:00,Active
5012,Fortune Energy Drink,Fortune,Beverages,Energy Drink,244,1677.01,2405.74,0,365,99,89,6.7,ml,2026-06-30 00:00:00,Active
5013,Godrej Chips,Godrej,Snacks,Chips,143,273.09,316.61,0,180,103,335,7.76,g,2022-10-15 00:00:00,Active
5014,Pedigree Baby Soap,Pedigree,Baby Care,Baby Soap,254,250.4,344.3,0,60,86,465,2.29,pcs,2026-07-11 00:00:00,Active
5015,HUL Dog Food,HUL,Pet Care,Dog Food,251,1313.07,1551.36,0,180,105,202,6.69,pcs,2021-10-18 00:00:00,Active
5016,Dettol Cookies,Dettol,Snacks,Cookies,216,1440.09,2083.37,12,30,23,193,8.52,pcs,2021-11-15 00:00:00,Active
5017,Nestle Cookies,Nestle,Snacks,Cookies,403,489.97,683.01,12,180,59,259,9.17,g,2022-05-14 00:00:00,Active
5018,Britannia Cheese,Britannia,Dairy,Cheese,472,1515.64,1788.41,0,180,46,173,3.6,ml,2025-06-03 00:00:00,Active
5019,Godrej Pet Shampoo,Godrej,Pet Care,Pet Shampoo,208,1081.75,1358.29,18,90,73,193,3.85,ml,2025-09-13 00:00:00,Active
5020,Godrej Diapers,Godrej,Baby Care,Diapers,113,1736.12,2477.79,12,365,33,251,9.18,L,2025-05-11 00:00:00,Active
5021,Fortune Soft Drink,Fortune,Beverages,Soft Drink,217,1405.08,1671.21,12,90,45,409,1.44,L,2023-07-27 00:00:00,Active
5022,Nestle Shampoo,Nestle,Personal Care,Shampoo,9,561.5,651.84,12,365,85,148,3.22,pcs,2023-06-27 00:00:00,Active
5023,Surf Excel Moong Dal,Surf Excel,Grocery,Moong Dal,288,193.93,268.75,5,180,66,88,7.66,ml,2022-07-09 00:00:00,Active
5024,ITC Garbage Bags,ITC,Household,Garbage Bags,212,973.42,1185.2,12,60,99,284,5.81,kg,2024-01-07 00:00:00,Active
5025,Patanjali Pet Shampoo,Patanjali,Pet Care,Pet Shampoo,278,1381.61,1601.61,0,180,65,68,9.69,pcs,2025-12-13 00:00:00,Active
5026,Godrej Mineral Water,Godrej,Beverages,Mineral Water,108,1626.65,2082.33,18,90,24,114,7.28,pcs,2023-03-05 00:00:00,Active
5027,Britannia Biscuits,Britannia,Snacks,Biscuits,300,1202.5,1636.85,12,30,44,455,1.09,kg,2021-05-31 00:00:00,Active
5028,Pedigree Garbage Bags,Pedigree,Household,Garbage Bags,293,1523.52,2191.49,5,90,28,361,6.98,kg,2023-06-29 00:00:00,Active
5029,Patanjali Dishwash Liquid,Patanjali,Household,Dishwash Liquid,280,691.66,788.36,0,30,102,290,7.69,g,2024-12-03 00:00:00,Active
5030,HUL Poha,HUL,Grocery,Poha,276,284.81,362.48,5,180,29,498,2.94,pcs,2024-08-27 00:00:00,Active
5031,Colgate Chips,Colgate,Snacks,Chips,440,618.21,775.21,0,30,32,492,9.49,L,2026-07-13 00:00:00,Active
5032,Dabur Diapers,Dabur,Baby Care,Diapers,121,692.21,810.46,18,30,42,112,3.81,pcs,2023-09-02 00:00:00,Active
5033,Britannia Toothpaste,Britannia,Personal Care,Toothpaste,322,1558.72,1988.75,18,180,48,95,2.07,kg,2024-02-18 00:00:00,Active
5034,Dabur Juice,Dabur,Beverages,Juice,342,568.9,699.58,18,180,109,248,1.37,pcs,2020-09-28 00:00:00,Active
5035,Dabur Energy Drink,Dabur,Beverages,Energy Drink,142,154.71,188.38,12,30,117,246,0.12,L,2021-02-17 00:00:00,Active
5036,Amul Curd,Amul,Dairy,Curd,141,627.63,968.88,12,90,77,240,2.28,g,2024-03-17 00:00:00,Active
5037,Lizol Rice,Lizol,Grocery,Rice,104,543.77,634.51,5,90,50,158,9.61,g,2023-12-13 00:00:00,Active
5038,Dettol Soap,Dettol,Personal Care,Soap,345,640.01,854.8,0,180,104,229,3.93,pcs,2022-05-18 00:00:00,Active
5039,Surf Excel Dishwash Liquid,Surf Excel,Household,Dishwash Liquid,286,1332.24,1782.13,18,30,38,151,8.93,L,2022-02-07 00:00:00,Active
5040,Amul Pet Shampoo,Amul,Pet Care,Pet Shampoo,416,1661.68,1864.32,5,30,109,427,6,ml,2020-11-17 00:00:00,Active
5041,Aashirvaad Hair Oil,Aashirvaad,Personal Care,Hair Oil,199,704.66,1030.12,18,180,76,149,1.07,g,2023-05-27 00:00:00,Active
5042,Surf Excel Baby Powder,Surf Excel,Baby Care,Baby Powder,296,722.8,873.02,18,90,59,300,0.33,kg,2023-05-02 00:00:00,Active
5043,Tata Shampoo,Tata,Personal Care,Shampoo,98,1100.09,1609.85,5,365,53,132,9,g,2026-04-30 00:00:00,Active
5044,Surf Excel Chocolate,Surf Excel,Snacks,Chocolate,214,229.92,292.23,12,365,117,463,3.88,L,2026-06-27 00:00:00,Active
5045,Fortune Lunch Box,Fortune,Kitchen,Lunch Box,10,559.48,738.43,18,90,89,90,2.14,L,2023-07-26 00:00:00,Active
5046,Mamaearth Chocolate,Mamaearth,Snacks,Chocolate,382,1432.19,1769.18,12,60,49,216,7.77,ml,2023-02-19 00:00:00,Active
5047,Mamaearth Shampoo,Mamaearth,Personal Care,Shampoo,342,457.29,669.36,18,30,70,408,1.54,ml,2025-05-01 00:00:00,Active
5048,Pedigree Biscuits,Pedigree,Snacks,Biscuits,152,210.72,248.45,18,365,107,386,4.76,L,2026-04-24 00:00:00,Active
5049,Amul Tissue Paper,Amul,Household,Tissue Paper,333,1550.01,2178.41,18,365,69,234,5.87,ml,2022-04-22 00:00:00,Active
5050,Nestle Hair Oil,Nestle,Personal Care,Hair Oil,329,1478.22,1767.85,18,90,61,195,5.24,g,2022-07-28 00:00:00,Active
5051,Tata Cheese,Tata,Dairy,Cheese,63,1093.65,1672.44,12,30,112,166,4.05,L,2024-12-10 00:00:00,Active
5052,Mamaearth Dog Food,Mamaearth,Pet Care,Dog Food,146,187.19,253.31,12,30,113,445,1.25,L,2022-07-25 00:00:00,Active
5053,Dabur Tea,Dabur,Grocery,Tea,303,1742.75,2017.85,18,30,80,382,1.52,pcs,2023-10-24 00:00:00,Active
5054,Godrej Chocolate,Godrej,Snacks,Chocolate,88,1242.37,1880.34,18,30,101,462,5.12,kg,2024-01-22 00:00:00,Active
5055,ITC Garbage Bags,ITC,Household,Garbage Bags,444,1757.8,2668.86,12,30,40,105,6.4,ml,2021-10-14 00:00:00,Active
5056,Tata Face Wash,Tata,Personal Care,Face Wash,381,1724.84,2488.44,5,180,63,113,8.54,g,2021-09-30 00:00:00,Active
5057,Fortune Dog Food,Fortune,Pet Care,Dog Food,99,833.81,1188.11,18,30,103,402,1.71,kg,2024-07-10 00:00:00,Active
5058,Nestle Knife,Nestle,Kitchen,Knife,476,1322.91,1559.76,5,90,85,111,7.83,pcs,2025-01-04 00:00:00,Active
5059,Aashirvaad Pet Shampoo,Aashirvaad,Pet Care,Pet Shampoo,461,163.09,238.31,18,60,109,185,3.81,L,2025-05-11 00:00:00,Active
5060,Mamaearth Garbage Bags,Mamaearth,Household,Garbage Bags,392,846.63,1033.04,12,365,28,454,9.23,pcs,2026-01-18 00:00:00,Active
5061,Tata Bottle,Tata,Kitchen,Bottle,80,294.46,351.26,18,180,120,67,1.9,pcs,2023-01-31 00:00:00,Active
5062,Nivea Toothpaste,Nivea,Personal Care,Toothpaste,432,1458.68,2206.55,12,60,40,480,0.48,L,2023-06-13 00:00:00,Active
5063,Dabur Lunch Box,Dabur,Kitchen,Lunch Box,296,1514.63,2261.92,0,60,96,308,6.6,pcs,2026-03-15 00:00:00,Active
5064,Tata Soft Drink,Tata,Beverages,Soft Drink,234,1221.94,1729.45,0,180,115,160,1.55,kg,2023-05-01 00:00:00,Active
5065,ITC Butter,ITC,Dairy,Butter,182,1101.02,1640.06,12,180,75,146,1.41,L,2020-08-02 00:00:00,Active
5066,Colgate Butter,Colgate,Dairy,Butter,354,240.38,359.73,18,180,54,457,5.62,ml,2023-05-30 00:00:00,Active
5067,Britannia Face Wash,Britannia,Personal Care,Face Wash,212,437.63,493.21,18,60,86,268,6.71,kg,2021-06-12 00:00:00,Active
5068,Nestle Lunch Box,Nestle,Kitchen,Lunch Box,258,1230.29,1554.39,12,30,62,165,9.68,kg,2022-08-17 00:00:00,Active
5069,Aashirvaad Lunch Box,Aashirvaad,Kitchen,Lunch Box,260,989.96,1186.44,18,180,113,113,4.52,ml,2026-02-10 00:00:00,Active
5070,Amul Baby Lotion,Amul,Baby Care,Baby Lotion,1,453.94,565.82,12,365,91,138,8.06,ml,2021-03-31 00:00:00,Active
5071,ITC Mineral Water,ITC,Beverages,Mineral Water,138,866.07,1189.3,18,90,63,57,8.47,kg,2023-01-15 00:00:00,Active
5072,Godrej Chana Dal,Godrej,Grocery,Chana Dal,26,1708.24,2645.56,18,30,101,138,6.84,g,2025-06-05 00:00:00,Active
5073,Nestle Baby Lotion,Nestle,Baby Care,Baby Lotion,321,594.87,882.76,12,60,53,372,0.4,g,2024-09-08 00:00:00,Active
5074,Britannia Knife,Britannia,Kitchen,Knife,59,217.68,295.51,5,30,85,383,8.95,pcs,2021-01-09 00:00:00,Active
5075,Colgate Milk,Colgate,Dairy,Milk,352,1153.18,1451.87,0,90,36,125,8.86,g,2023-12-02 00:00:00,Active
5076,Mamaearth Tea,Mamaearth,Grocery,Tea,478,769.38,1089.1,18,30,114,489,2.25,ml,2023-02-04 00:00:00,Active
5077,Nivea Dog Food,Nivea,Pet Care,Dog Food,6,1577.05,2026.73,18,30,63,417,8.77,ml,2024-10-25 00:00:00,Active
5078,ITC Detergent,ITC,Household,Detergent,374,979.6,1172.13,12,30,109,431,1.06,L,2021-06-10 00:00:00,Active
5079,Pedigree Cooking Oil,Pedigree,Grocery,Cooking Oil,265,51.2,61.79,5,90,48,101,4.6,g,2022-02-04 00:00:00,Active
5080,Tata Baby Lotion,Tata,Baby Care,Baby Lotion,80,1625.5,2071,12,30,28,177,9.32,kg,2022-04-15 00:00:00,Active
5081,Parle Pressure Cooker,Parle,Kitchen,Pressure Cooker,69,755.43,1024.47,18,90,89,406,2.27,g,2020-11-29 00:00:00,Active
5082,Pedigree Knife,Pedigree,Kitchen,Knife,166,746.81,997.18,18,30,111,259,9.7,pcs,2023-04-05 00:00:00,Active
5083,Dettol Baby Soap,Dettol,Baby Care,Baby Soap,111,107.18,148.02,0,365,67,301,5.72,pcs,2023-09-07 00:00:00,Active
5084,HUL Curd,HUL,Dairy,Curd,132,1075.96,1322.08,12,365,47,52,4.68,pcs,2024-01-24 00:00:00,Active
5085,Godrej Pet Shampoo,Godrej,Pet Care,Pet Shampoo,32,462.05,646.84,5,60,27,295,8.18,ml,2021-08-27 00:00:00,Active
5086,Aashirvaad Face Wash,Aashirvaad,Personal Care,Face Wash,346,1658.38,1879.93,5,365,74,56,8.41,kg,2025-09-03 00:00:00,Active
5087,Pedigree Cat Food,Pedigree,Pet Care,Cat Food,38,1799.5,2039.87,0,60,80,320,0.64,kg,2025-03-05 00:00:00,Active
5088,Surf Excel Dog Food,Surf Excel,Pet Care,Dog Food,358,1183.53,1461.79,12,90,60,488,8.78,g,2020-11-17 00:00:00,Active
5089,ITC Dog Food,ITC,Pet Care,Dog Food,33,1752.22,2648.42,12,30,31,53,5.73,L,2024-01-14 00:00:00,Active
5090,Tata Namkeen,Tata,Snacks,Namkeen,480,1618.63,2178.51,5,30,72,224,3.63,L,2024-10-11 00:00:00,Active
5091,Amul Chips,Amul,Snacks,Chips,278,27.28,42.28,18,180,58,431,7.89,L,2024-02-29 00:00:00,Active
5092,Dabur Dog Food,Dabur,Pet Care,Dog Food,483,334.07,427.12,18,365,112,400,1.98,L,2022-01-08 00:00:00,Active
5093,Nivea Dishwash Liquid,Nivea,Household,Dishwash Liquid,370,1012,1447.73,18,60,38,287,4.22,kg,2025-12-12 00:00:00,Active
5094,Dettol Salt,Dettol,Grocery,Salt,46,1724.01,2265.46,0,30,41,468,8.35,g,2026-03-11 00:00:00,Active
5095,HUL Garbage Bags,HUL,Household,Garbage Bags,161,387.03,589.8,0,90,105,84,6.3,pcs,2021-05-08 00:00:00,Active
5096,Godrej Cooking Oil,Godrej,Grocery,Cooking Oil,436,1662.13,2170.04,18,60,49,350,4.64,pcs,2021-08-15 00:00:00,Active
5097,ITC Frying Pan,ITC,Kitchen,Frying Pan,74,200.82,308.54,0,30,76,243,8.57,kg,2023-12-23 00:00:00,Active
5098,Nivea Dishwash Liquid,Nivea,Household,Dishwash Liquid,238,1190.03,1684.33,0,90,38,238,2.31,ml,2024-06-03 00:00:00,Active
5099,Lizol Diapers,Lizol,Baby Care,Diapers,192,1291.75,1519.51,12,365,70,245,0.4,ml,2025-04-17 00:00:00,Active
5100,Lizol Chocolate,Lizol,Snacks,Chocolate,254,398.26,574.93,5,60,90,64,3.67,kg,2026-07-06 00:00:00,Discontinued
5101,Colgate Butter,Colgate,Dairy,Butter,460,336.09,431.98,18,365,100,443,6.91,ml,2023-06-25 00:00:00,Active
5102,Mamaearth Chocolate,Mamaearth,Snacks,Chocolate,136,1566.47,2194.78,5,180,89,216,7.41,L,2021-04-25 00:00:00,Active
5103,Sunfeast Poha,Sunfeast,Grocery,Poha,170,1795.29,2417.63,5,60,29,369,0.86,g,2026-01-09 00:00:00,Active
5104,Fortune Toor Dal,Fortune,Grocery,Toor Dal,167,240.76,319.18,5,90,108,322,7.81,ml,2021-08-01 00:00:00,Active
5105,Fortune Detergent,Fortune,Household,Detergent,13,572.26,682.36,12,90,32,257,9.32,kg,2025-09-08 00:00:00,Active
5106,Nestle Baby Soap,Nestle,Baby Care,Baby Soap,114,884.14,1010.44,5,180,95,58,2.65,ml,2025-12-14 00:00:00,Active
5107,Parle Chips,Parle,Snacks,Chips,412,1351.15,1536.01,18,30,67,496,6.77,pcs,2024-11-16 00:00:00,Active
5108,Colgate Bottle,Colgate,Kitchen,Bottle,68,1074.38,1206.28,0,180,26,306,8.81,pcs,2023-11-10 00:00:00,Active
5109,Parle Cookies,Parle,Snacks,Cookies,121,1712.44,2269.44,0,365,108,277,8.73,g,2024-04-21 00:00:00,Active
5110,Dettol Diapers,Dettol,Baby Care,Diapers,456,417.87,579.29,18,30,31,427,3.31,kg,2023-07-11 00:00:00,Active
5111,Aashirvaad Garbage Bags,Aashirvaad,Household,Garbage Bags,365,1369.57,1872.73,12,180,64,84,4.42,ml,2021-09-02 00:00:00,Active
5112,Parle Chips,Parle,Snacks,Chips,489,802.44,1147,12,60,71,97,4.88,pcs,2026-04-24 00:00:00,Active
5113,Mamaearth Poha,Mamaearth,Grocery,Poha,358,783.1,957.99,18,60,23,84,7.74,L,2020-10-17 00:00:00,Active
5114,Dettol Dishwash Liquid,Dettol,Household,Dishwash Liquid,341,154.64,187.74,12,365,31,408,5.89,ml,2021-07-17 00:00:00,Active
5115,HUL Pressure Cooker,HUL,Kitchen,Pressure Cooker,349,47.36,53.77,5,180,38,240,6.45,ml,2024-07-10 00:00:00,Active
5116,Pedigree Floor Cleaner,Pedigree,Household,Floor Cleaner,176,1555.95,1902.95,0,365,83,404,3.86,L,2023-02-04 00:00:00,Active
5117,ITC Diapers,ITC,Baby Care,Diapers,223,64.48,73.98,0,365,64,430,5.12,kg,2024-02-26 00:00:00,Active
5118,Pedigree Cheese,Pedigree,Dairy,Cheese,357,376.83,446.11,18,90,44,269,9.91,kg,2024-07-30 00:00:00,Active
5119,ITC Poha,ITC,Grocery,Poha,287,1002.86,1365.31,12,30,49,467,4.69,g,2025-05-29 00:00:00,Active
5120,Aashirvaad Curd,Aashirvaad,Dairy,Curd,339,132.1,157.38,18,30,87,358,6.8,g,2025-11-18 00:00:00,Active
5121,ITC Floor Cleaner,ITC,Household,Floor Cleaner,405,292.68,427.76,5,60,89,282,2.15,kg,2026-04-23 00:00:00,Active
5122,Dabur Salt,Dabur,Grocery,Salt,302,1472.92,2155.84,18,365,120,405,3.65,ml,2025-04-18 00:00:00,Active
5123,Colgate Cat Food,Colgate,Pet Care,Cat Food,478,1710.72,2463.16,12,30,22,331,5.94,L,2023-10-17 00:00:00,Active
5124,Parle Cooking Oil,Parle,Grocery,Cooking Oil,140,1743.66,2205.95,0,60,83,247,2.7,L,2026-07-26 00:00:00,Active
5125,Amul Soft Drink,Amul,Beverages,Soft Drink,454,1683.27,2256.24,12,90,66,129,7.17,g,2024-02-21 00:00:00,Active
5126,Pedigree Dishwash Liquid,Pedigree,Household,Dishwash Liquid,87,1276.01,1873.15,12,30,53,96,8.94,ml,2023-11-26 00:00:00,Active
5127,Aashirvaad Cookies,Aashirvaad,Snacks,Cookies,56,957.32,1249.69,5,60,114,147,9.28,g,2025-11-09 00:00:00,Active
5128,HUL Baby Lotion,HUL,Baby Care,Baby Lotion,336,207.59,243.56,5,180,37,155,7,ml,2022-09-16 00:00:00,Active
5129,Dabur Tea,Dabur,Grocery,Tea,109,1340.3,1573.01,12,60,114,127,0.86,kg,2024-05-31 00:00:00,Active
5130,Amul Frying Pan,Amul,Kitchen,Frying Pan,340,1701.07,2306.97,0,365,81,349,5.74,g,2022-09-17 00:00:00,Active
5131,Surf Excel Curd,Surf Excel,Dairy,Curd,323,1452.69,2004.76,18,30,40,59,8.6,pcs,2024-08-27 00:00:00,Active
5132,Nivea Baby Lotion,Nivea,Baby Care,Baby Lotion,392,227.78,278.25,12,365,73,141,9.84,g,2025-02-18 00:00:00,Active
5133,Nivea Garbage Bags,Nivea,Household,Garbage Bags,269,29.94,46.13,18,180,104,469,5.97,pcs,2021-07-10 00:00:00,Active
5134,Mamaearth Diapers,Mamaearth,Baby Care,Diapers,215,106.88,132.55,12,90,40,152,6.6,pcs,2025-08-20 00:00:00,Active
5135,Surf Excel Baby Soap,Surf Excel,Baby Care,Baby Soap,485,502.92,712.61,5,180,23,500,1.54,kg,2022-12-22 00:00:00,Active
5136,Parle Dishwash Liquid,Parle,Household,Dishwash Liquid,475,1435.98,2181.66,12,365,94,332,0.47,L,2024-12-04 00:00:00,Active
5137,Nivea Frying Pan,Nivea,Kitchen,Frying Pan,423,1399.21,2057.41,18,60,102,394,6.11,kg,2024-09-29 00:00:00,Active
5138,Surf Excel Baby Soap,Surf Excel,Baby Care,Baby Soap,369,684.71,966.24,0,90,26,449,2.54,L,2024-06-22 00:00:00,Active
5139,Godrej Toothpaste,Godrej,Personal Care,Toothpaste,291,593.99,772.9,5,60,73,147,2.26,L,2024-08-31 00:00:00,Active
5140,ITC Tea,ITC,Grocery,Tea,427,142.95,189.24,18,180,31,410,2.98,ml,2022-09-23 00:00:00,Active
5141,Mamaearth Bottle,Mamaearth,Kitchen,Bottle,411,119.69,169.75,12,180,35,75,4.89,ml,2021-07-03 00:00:00,Active
5142,Dabur Soap,Dabur,Personal Care,Soap,328,312.65,378.95,12,365,73,55,3.83,L,2021-07-07 00:00:00,Active
5143,Dabur Floor Cleaner,Dabur,Household,Floor Cleaner,411,1600.56,2196.81,12,30,96,393,3.08,g,2024-03-18 00:00:00,Active
5144,Surf Excel Hair Oil,Surf Excel,Personal Care,Hair Oil,337,1464.02,1820.83,18,30,88,105,5.01,L,2025-08-20 00:00:00,Active
5145,Sunfeast Tissue Paper,Sunfeast,Household,Tissue Paper,334,949.02,1115.95,5,180,96,407,6.82,kg,2021-01-12 00:00:00,Active
5146,Britannia Dog Food,Britannia,Pet Care,Dog Food,316,409.04,520.6,0,180,79,190,4.3,L,2021-07-07 00:00:00,Active
5147,Mamaearth Soap,Mamaearth,Personal Care,Soap,165,1276.76,1680.59,12,90,23,106,6.98,g,2021-02-01 00:00:00,Active
5148,ITC Shampoo,ITC,Personal Care,Shampoo,69,1767.36,2336.57,18,90,99,266,6.99,kg,2020-12-23 00:00:00,Active
5149,HUL Bottle,HUL,Kitchen,Bottle,75,1344.81,1517.9,18,30,106,74,1.31,pcs,2021-05-14 00:00:00,Active
5150,Patanjali Namkeen,Patanjali,Snacks,Namkeen,43,1626.58,1967.27,0,180,109,454,5.25,L,2022-07-09 00:00:00,Active
5151,Fortune Frying Pan,Fortune,Kitchen,Frying Pan,191,762.56,1170.92,12,60,22,433,7,kg,2023-12-19 00:00:00,Active
5152,Lizol Baby Powder,Lizol,Baby Care,Baby Powder,156,309,376.22,0,30,119,310,5.5,L,2023-04-03 00:00:00,Active
5153,Godrej Pet Shampoo,Godrej,Pet Care,Pet Shampoo,421,207.91,314.3,5,180,30,381,3.62,kg,2026-06-22 00:00:00,Active
5154,Godrej Cheese,Godrej,Dairy,Cheese,287,953.4,1371.21,5,180,73,407,2.27,g,2023-08-04 00:00:00,Active
5155,HUL Face Wash,HUL,Personal Care,Face Wash,273,677.46,972.51,18,365,117,150,3.24,L,2021-02-26 00:00:00,Active
5156,Fortune Energy Drink,Fortune,Beverages,Energy Drink,428,609.2,711.39,18,60,77,185,9.41,ml,2023-06-28 00:00:00,Active
5157,Pedigree Juice,Pedigree,Beverages,Juice,66,978.77,1282.33,5,60,74,276,5.18,g,2021-01-23 00:00:00,Active
5158,Godrej Dishwash Liquid,Godrej,Household,Dishwash Liquid,426,1687.85,2444.27,5,180,51,351,6.87,ml,2025-08-08 00:00:00,Active
5159,Nestle Toor Dal,Nestle,Grocery,Toor Dal,470,462.12,656.82,18,30,47,252,2.77,g,2023-05-13 00:00:00,Active
5160,HUL Chana Dal,HUL,Grocery,Chana Dal,232,242.76,324.68,12,90,53,418,9.94,L,2025-04-10 00:00:00,Active
5161,Parle Toor Dal,Parle,Grocery,Toor Dal,487,136.09,152.64,18,365,109,316,5.23,ml,2023-07-09 00:00:00,Active
5162,Mamaearth Atta,Mamaearth,Grocery,Atta,338,739.69,961.32,18,180,93,154,8.24,pcs,2021-10-13 00:00:00,Active
5163,Patanjali Pet Shampoo,Patanjali,Pet Care,Pet Shampoo,445,708.67,1011.5,18,365,86,355,0.51,pcs,2024-11-23 00:00:00,Active
5164,Dabur Frying Pan,Dabur,Kitchen,Frying Pan,464,1466.49,1957.68,5,60,86,86,8.81,kg,2026-06-02 00:00:00,Active
5165,Parle Energy Drink,Parle,Beverages,Energy Drink,98,515.65,689.97,0,365,62,454,6.83,ml,2026-02-24 00:00:00,Active
5166,Fortune Diapers,Fortune,Baby Care,Diapers,211,1576.58,2393.66,5,60,38,379,9.16,L,2021-09-18 00:00:00,Active
5167,Dettol Face Wash,Dettol,Personal Care,Face Wash,425,1329.81,1983.72,12,365,91,481,8.39,kg,2024-09-07 00:00:00,Active
5168,Aashirvaad Garbage Bags,Aashirvaad,Household,Garbage Bags,4,482.79,600.27,0,60,88,341,7.38,g,2022-01-06 00:00:00,Active
5169,Nestle Energy Drink,Nestle,Beverages,Energy Drink,436,1744.09,2601.73,12,60,106,307,6.63,kg,2023-04-04 00:00:00,Active
5170,Dabur Energy Drink,Dabur,Beverages,Energy Drink,275,1193.1,1647.96,12,30,120,427,7.96,ml,2024-04-19 00:00:00,Active
5171,Lizol Baby Soap,Lizol,Baby Care,Baby Soap,173,412.85,584.37,5,180,60,480,9.4,g,2025-09-17 00:00:00,Active
5172,Parle Cooking Oil,Parle,Grocery,Cooking Oil,408,168.28,250.35,0,90,69,52,1.86,g,2021-06-21 00:00:00,Active
5173,Britannia Pet Shampoo,Britannia,Pet Care,Pet Shampoo,354,427.19,596.18,0,60,120,482,7.32,g,2024-07-21 00:00:00,Active
5174,Sunfeast Rice,Sunfeast,Grocery,Rice,352,974.31,1095.53,18,90,38,343,8.23,pcs,2024-09-16 00:00:00,Active
5175,Tata Dishwash Liquid,Tata,Household,Dishwash Liquid,97,85.17,118.36,5,30,24,402,7.11,pcs,2025-01-15 00:00:00,Active
5176,Godrej Cookies,Godrej,Snacks,Cookies,63,1231.32,1759.51,5,30,100,246,8.45,kg,2020-08-07 00:00:00,Active
5177,Britannia Tissue Paper,Britannia,Household,Tissue Paper,209,513.73,703.23,12,30,116,245,2.81,kg,2021-11-10 00:00:00,Active
5178,Surf Excel Milk,Surf Excel,Dairy,Milk,58,258.64,308.6,5,60,115,425,5.81,kg,2020-10-01 00:00:00,Active
5179,Dabur Biscuits,Dabur,Snacks,Biscuits,370,362.54,521.32,0,60,92,345,6.41,g,2022-09-16 00:00:00,Active
5180,Surf Excel Bottle,Surf Excel,Kitchen,Bottle,96,1610.83,2000.24,18,60,60,68,1.8,kg,2023-01-29 00:00:00,Active
5181,ITC Butter,ITC,Dairy,Butter,308,108.55,157.06,12,60,107,122,9.64,kg,2024-08-23 00:00:00,Active
5182,Fortune Pet Shampoo,Fortune,Pet Care,Pet Shampoo,417,1799.96,2627.75,0,90,103,492,2.54,L,2023-03-22 00:00:00,Active
5183,Pedigree Soap,Pedigree,Personal Care,Soap,311,1547.02,2044.2,0,180,72,173,0.31,kg,2024-08-08 00:00:00,Active
5184,Tata Milk,Tata,Dairy,Milk,375,508.3,770.71,0,180,108,278,9.99,kg,2025-02-07 00:00:00,Active
5185,Fortune Milk,Fortune,Dairy,Milk,287,1218.56,1837.43,5,30,72,184,6.68,ml,2024-10-30 00:00:00,Active
5186,Amul Poha,Amul,Grocery,Poha,91,1114.84,1338.94,18,60,75,442,3.74,pcs,2022-04-13 00:00:00,Discontinued
5187,Tata Dog Food,Tata,Pet Care,Dog Food,65,1775.32,2545.32,0,90,68,229,4.18,ml,2024-03-03 00:00:00,Active
5188,Dettol Butter,Dettol,Dairy,Butter,73,1703.83,1960.85,18,365,59,461,2.78,kg,2023-10-01 00:00:00,Active
5189,Mamaearth Moong Dal,Mamaearth,Grocery,Moong Dal,104,819.21,1030.65,5,60,59,445,6.34,ml,2021-11-28 00:00:00,Active
5190,Patanjali Pet Shampoo,Patanjali,Pet Care,Pet Shampoo,444,44.18,60.05,18,365,75,473,1.25,g,2024-06-03 00:00:00,Active
5191,Parle Suji,Parle,Grocery,Suji,360,1477.33,1744.17,12,90,25,187,0.24,ml,2024-10-26 00:00:00,Active
5192,Surf Excel Diapers,Surf Excel,Baby Care,Diapers,32,1187,1492.61,0,90,75,433,6.56,g,2020-10-08 00:00:00,Active
5193,Surf Excel Bottle,Surf Excel,Kitchen,Bottle,209,220.32,318.42,0,90,62,474,6.48,pcs,2023-07-24 00:00:00,Active
5194,ITC Pet Shampoo,ITC,Pet Care,Pet Shampoo,19,520.52,689.02,12,180,58,363,7.78,kg,2022-01-04 00:00:00,Active
5195,Nestle Chocolate,Nestle,Snacks,Chocolate,49,318.9,434.42,12,60,48,188,9.55,L,2025-11-05 00:00:00,Active
5196,Patanjali Bottle,Patanjali,Kitchen,Bottle,214,52.34,72.95,18,365,85,383,2.05,kg,2021-08-03 00:00:00,Active
5197,Surf Excel Chips,Surf Excel,Snacks,Chips,330,623.41,739.17,12,180,53,223,6.18,kg,2021-05-09 00:00:00,Discontinued
5198,Britannia Toothpaste,Britannia,Personal Care,Toothpaste,224,623.14,914.33,12,365,66,90,5.88,ml,2021-05-11 00:00:00,Active
5199,Britannia Mineral Water,Britannia,Beverages,Mineral Water,386,463.2,693.18,12,365,113,456,1.49,kg,2022-07-05 00:00:00,Active
5200,Tata Toothpaste,Tata,Personal Care,Toothpaste,94,497.62,686.27,5,30,32,462,4.58,pcs,2023-07-22 00:00:00,Active
5201,Parle Toothpaste,Parle,Personal Care,Toothpaste,73,342.98,459.89,12,365,78,497,3.03,ml,2022-04-21 00:00:00,Active
5202,Amul Baby Powder,Amul,Baby Care,Baby Powder,165,1536.1,2126.74,12,30,92,455,8.71,ml,2024-04-03 00:00:00,Active
5203,ITC Baby Soap,ITC,Baby Care,Baby Soap,284,1588.64,1914.01,5,365,105,82,0.23,L,2024-05-31 00:00:00,Active
5204,Nestle Cookies,Nestle,Snacks,Cookies,466,308.01,360.89,12,180,40,175,9.84,kg,2022-11-15 00:00:00,Active
5205,Tata Baby Soap,Tata,Baby Care,Baby Soap,219,711.5,1069.47,5,30,26,398,3.02,g,2023-06-13 00:00:00,Active
5206,Tata Atta,Tata,Grocery,Atta,235,722.64,901.12,12,90,111,256,5.71,kg,2022-05-06 00:00:00,Active
5207,Patanjali Diapers,Patanjali,Baby Care,Diapers,75,622.27,952.47,5,365,69,465,1.57,ml,2025-10-21 00:00:00,Active
5208,Sunfeast Soap,Sunfeast,Personal Care,Soap,217,233.75,344.14,12,180,107,251,7.54,ml,2024-03-17 00:00:00,Active
5209,Patanjali Chana Dal,Patanjali,Grocery,Chana Dal,261,449.85,573,18,30,77,109,0.93,ml,2024-10-19 00:00:00,Active
5210,Mamaearth Diapers,Mamaearth,Baby Care,Diapers,454,711.41,865.75,5,90,94,379,4.13,g,2023-09-06 00:00:00,Active
5211,Colgate Shampoo,Colgate,Personal Care,Shampoo,466,1087.08,1298,12,30,64,262,1.94,pcs,2020-12-04 00:00:00,Active
5212,Fortune Pet Shampoo,Fortune,Pet Care,Pet Shampoo,36,807.5,1123.44,18,60,48,408,2.55,kg,2020-11-06 00:00:00,Active
5213,Colgate Pet Shampoo,Colgate,Pet Care,Pet Shampoo,24,867.99,1260.47,12,60,56,432,9.98,kg,2024-02-21 00:00:00,Active
5214,Colgate Pressure Cooker,Colgate,Kitchen,Pressure Cooker,340,1215.36,1783.12,12,90,98,419,8.88,kg,2022-10-11 00:00:00,Active
5215,Surf Excel Baby Lotion,Surf Excel,Baby Care,Baby Lotion,284,1525.21,1958.82,18,180,20,317,6.72,L,2023-05-05 00:00:00,Active
5216,Colgate Baby Soap,Colgate,Baby Care,Baby Soap,437,1441.46,1630.33,18,60,104,136,8.83,g,2020-10-24 00:00:00,Active
5217,Dabur Diapers,Dabur,Baby Care,Diapers,319,271.41,315.47,5,30,78,164,4.16,L,2021-11-24 00:00:00,Discontinued
5218,HUL Diapers,HUL,Baby Care,Diapers,468,1800,2059.25,0,180,40,304,6.84,g,2021-08-29 00:00:00,Active
5219,Tata Energy Drink,Tata,Beverages,Energy Drink,483,1286.8,1669.26,12,180,109,271,4.17,ml,2021-09-14 00:00:00,Active
5220,Amul Baby Soap,Amul,Baby Care,Baby Soap,57,1617.77,1921.67,5,60,52,490,9.16,L,2024-11-07 00:00:00,Active
5221,Dabur Tissue Paper,Dabur,Household,Tissue Paper,45,491,605.35,18,180,54,325,7.21,g,2026-07-04 00:00:00,Active
5222,ITC Hair Oil,ITC,Personal Care,Hair Oil,472,61.04,83.99,12,180,85,463,0.8,pcs,2023-02-02 00:00:00,Active
5223,Lizol Pressure Cooker,Lizol,Kitchen,Pressure Cooker,123,1790.89,2176.06,0,90,70,441,4.24,ml,2023-12-12 00:00:00,Active
5224,Britannia Soft Drink,Britannia,Beverages,Soft Drink,307,966.04,1218.29,5,365,106,247,0.67,pcs,2022-12-06 00:00:00,Active
5225,Pedigree Cookies,Pedigree,Snacks,Cookies,214,992.31,1369.48,0,30,25,481,2.02,pcs,2022-06-19 00:00:00,Active
5226,Surf Excel Cat Food,Surf Excel,Pet Care,Cat Food,336,702.06,953.95,0,90,27,463,3.04,L,2023-04-20 00:00:00,Active
5227,Sunfeast Baby Lotion,Sunfeast,Baby Care,Baby Lotion,346,739.3,1032.21,0,60,20,253,2.09,L,2025-03-24 00:00:00,Active
5228,ITC Energy Drink,ITC,Beverages,Energy Drink,432,1138.53,1643.38,0,90,120,313,7.89,pcs,2021-01-25 00:00:00,Active
5229,Lizol Moong Dal,Lizol,Grocery,Moong Dal,349,1612.19,2495.76,18,90,87,412,9.95,kg,2026-03-11 00:00:00,Active
5230,ITC Energy Drink,ITC,Beverages,Energy Drink,307,1490.87,2014.97,5,180,92,402,2.38,L,2024-10-05 00:00:00,Active
5231,Aashirvaad Toothpaste,Aashirvaad,Personal Care,Toothpaste,384,1420.58,1921.78,0,90,114,274,9.08,g,2025-04-23 00:00:00,Active
5232,Pedigree Cheese,Pedigree,Dairy,Cheese,393,590.45,761.8,12,90,106,277,6.44,g,2023-11-03 00:00:00,Active
5233,Colgate Tissue Paper,Colgate,Household,Tissue Paper,184,422.54,512.17,0,60,86,92,4.17,ml,2022-07-31 00:00:00,Active
5234,ITC Baby Powder,ITC,Baby Care,Baby Powder,387,1752.57,2145.51,5,365,65,252,5.55,g,2025-11-10 00:00:00,Active
5235,Britannia Tissue Paper,Britannia,Household,Tissue Paper,31,1320.98,1838.9,0,90,106,67,8.43,g,2024-07-06 00:00:00,Active
5236,Parle Butter,Parle,Dairy,Butter,165,1102.8,1330.53,18,60,35,486,2.46,g,2024-07-15 00:00:00,Active
5237,Dabur Dog Food,Dabur,Pet Care,Dog Food,250,44.6,68.84,12,365,36,469,0.78,pcs,2026-03-11 00:00:00,Active
5238,Surf Excel Baby Powder,Surf Excel,Baby Care,Baby Powder,404,1106.25,1603.62,18,30,38,179,3.76,L,2023-10-24 00:00:00,Active
5239,Nestle Floor Cleaner,Nestle,Household,Floor Cleaner,204,1221.05,1393.89,0,180,23,57,7.68,pcs,2021-10-05 00:00:00,Active
5240,Colgate Frying Pan,Colgate,Kitchen,Frying Pan,330,844.79,1042.02,12,365,118,165,2.85,ml,2022-10-17 00:00:00,Active
5241,Tata Baby Lotion,Tata,Baby Care,Baby Lotion,218,1583.44,2211.34,5,60,69,59,4.14,kg,2020-11-18 00:00:00,Active
5242,Dabur Curd,Dabur,Dairy,Curd,12,395.3,473.3,5,180,83,131,4.33,L,2026-01-02 00:00:00,Active
5243,ITC Tea,ITC,Grocery,Tea,102,748.77,1153.71,12,30,46,420,7.49,g,2023-11-14 00:00:00,Active
5244,Pedigree Chocolate,Pedigree,Snacks,Chocolate,5,628.01,845.75,12,60,57,333,3.37,kg,2022-09-26 00:00:00,Active
5245,Mamaearth Baby Powder,Mamaearth,Baby Care,Baby Powder,450,300.6,441.8,12,60,101,243,5.01,L,2025-06-08 00:00:00,Active
5246,Godrej Soft Drink,Godrej,Beverages,Soft Drink,498,705.29,1073.98,18,180,114,254,5.36,pcs,2021-04-12 00:00:00,Active
5247,Lizol Suji,Lizol,Grocery,Suji,462,387.65,436.61,18,180,57,483,4.38,L,2024-12-12 00:00:00,Active
5248,Surf Excel Detergent,Surf Excel,Household,Detergent,345,940.01,1120.34,18,30,56,186,9.01,L,2022-01-31 00:00:00,Active
5249,Nivea Shampoo,Nivea,Personal Care,Shampoo,277,453.64,631.69,18,90,42,99,0.57,L,2025-04-25 00:00:00,Active
5250,Tata Pressure Cooker,Tata,Kitchen,Pressure Cooker,234,1400.42,1981.59,12,365,95,311,2.4,kg,2022-08-07 00:00:00,Active
5251,Nivea Baby Lotion,Nivea,Baby Care,Baby Lotion,189,66.15,94.44,5,365,49,387,7.06,pcs,2023-04-06 00:00:00,Active
5252,Dettol Tissue Paper,Dettol,Household,Tissue Paper,402,1376.28,2106.6,0,30,116,410,2.6,ml,2021-03-18 00:00:00,Active
5253,Pedigree Knife,Pedigree,Kitchen,Knife,172,1764.92,2546.07,12,365,100,349,8.91,L,2022-05-23 00:00:00,Active
5254,Tata Juice,Tata,Beverages,Juice,119,402.52,606.24,12,180,100,90,9.36,ml,2021-01-04 00:00:00,Active
5255,Dettol Toor Dal,Dettol,Grocery,Toor Dal,284,1178.68,1727.33,0,90,100,400,8.05,L,2023-11-28 00:00:00,Active
5256,Dabur Chocolate,Dabur,Snacks,Chocolate,135,676.59,812.01,0,90,89,53,5.63,L,2024-08-06 00:00:00,Active
5257,Surf Excel Chips,Surf Excel,Snacks,Chips,365,1037.96,1206.15,0,90,86,296,3.95,pcs,2024-10-14 00:00:00,Active
5258,ITC Face Wash,ITC,Personal Care,Face Wash,43,996.36,1235.71,18,90,113,305,0.72,kg,2020-12-24 00:00:00,Active
5259,Fortune Lunch Box,Fortune,Kitchen,Lunch Box,367,1737.25,2521.75,0,30,61,255,4.17,g,2024-11-21 00:00:00,Active
5260,Colgate Cookies,Colgate,Snacks,Cookies,93,404.33,613.48,12,180,89,427,4.2,g,2023-01-17 00:00:00,Active
5261,Colgate Lunch Box,Colgate,Kitchen,Lunch Box,219,713.09,1075.09,0,60,38,493,1.05,g,2024-08-26 00:00:00,Active
5262,ITC Lunch Box,ITC,Kitchen,Lunch Box,313,653.93,809.65,12,90,108,413,1.1,L,2025-02-24 00:00:00,Active
5263,Dabur Baby Powder,Dabur,Baby Care,Baby Powder,73,873.33,1135.47,0,365,38,162,4.9,kg,2023-11-01 00:00:00,Active
5264,Dabur Baby Lotion,Dabur,Baby Care,Baby Lotion,261,367.24,520.3,0,90,77,412,9.93,g,2021-11-30 00:00:00,Active
5265,Godrej Biscuits,Godrej,Snacks,Biscuits,251,354.36,535.51,12,365,115,415,7.21,kg,2020-08-24 00:00:00,Active
5266,Sunfeast Garbage Bags,Sunfeast,Household,Garbage Bags,382,1655.39,2291.33,18,30,84,238,0.8,L,2022-05-06 00:00:00,Active
5267,Dettol Cat Food,Dettol,Pet Care,Cat Food,60,1504.37,1933.19,12,365,45,318,0.6,ml,2025-10-09 00:00:00,Active
5268,Sunfeast Pet Shampoo,Sunfeast,Pet Care,Pet Shampoo,266,1586.67,1853,0,365,41,335,2.38,L,2020-12-05 00:00:00,Active
5269,Parle Soap,Parle,Personal Care,Soap,24,789.15,1125.96,5,90,104,334,8.99,pcs,2021-05-18 00:00:00,Active
5270,Patanjali Cat Food,Patanjali,Pet Care,Cat Food,436,683.85,855.71,12,365,57,131,8.49,L,2024-12-11 00:00:00,Active
5271,Pedigree Dishwash Liquid,Pedigree,Household,Dishwash Liquid,475,334.85,446.36,18,90,75,281,3.23,pcs,2024-05-18 00:00:00,Active
5272,ITC Frying Pan,ITC,Kitchen,Frying Pan,331,571.7,724.51,5,365,36,394,3.14,kg,2024-05-12 00:00:00,Discontinued
5273,Lizol Soft Drink,Lizol,Beverages,Soft Drink,494,378.64,554.81,18,90,26,316,1.06,L,2023-12-13 00:00:00,Active
5274,Britannia Frying Pan,Britannia,Kitchen,Frying Pan,267,1385.76,1638.95,12,60,79,169,3.63,pcs,2023-08-21 00:00:00,Active
5275,Aashirvaad Chips,Aashirvaad,Snacks,Chips,220,865.57,1218.08,12,90,111,321,8.29,g,2022-08-09 00:00:00,Active
5276,Dabur Baby Lotion,Dabur,Baby Care,Baby Lotion,76,37.49,57.49,18,30,24,111,5.79,ml,2026-05-03 00:00:00,Active
5277,Tata Face Wash,Tata,Personal Care,Face Wash,322,286.66,443.31,5,60,65,257,1.62,L,2026-03-11 00:00:00,Active
5278,Pedigree Baby Powder,Pedigree,Baby Care,Baby Powder,470,1715.28,2454.5,0,180,73,229,2.68,ml,2025-07-18 00:00:00,Active
5279,Britannia Diapers,Britannia,Baby Care,Diapers,25,1661.36,2175.33,18,30,28,472,0.61,L,2023-08-12 00:00:00,Discontinued
5280,Tata Tissue Paper,Tata,Household,Tissue Paper,271,432.05,578.21,5,90,119,408,4.59,L,2023-11-03 00:00:00,Active
5281,Nestle Dog Food,Nestle,Pet Care,Dog Food,432,863.9,1253.78,12,180,99,104,6.91,ml,2021-06-16 00:00:00,Active
5282,Surf Excel Pressure Cooker,Surf Excel,Kitchen,Pressure Cooker,470,1015.03,1486.75,0,90,90,351,7.91,pcs,2020-10-22 00:00:00,Active
5283,HUL Baby Powder,HUL,Baby Care,Baby Powder,137,1089.61,1438.93,0,365,102,287,0.77,L,2025-12-23 00:00:00,Active
5284,Dabur Tissue Paper,Dabur,Household,Tissue Paper,26,1374.4,1544.98,0,90,82,411,7.87,pcs,2020-09-11 00:00:00,Active
5285,Aashirvaad Chana Dal,Aashirvaad,Grocery,Chana Dal,412,1613.91,2165.61,0,30,44,277,9.22,pcs,2021-04-20 00:00:00,Active
5286,Colgate Paneer,Colgate,Dairy,Paneer,28,1526.42,2096.23,5,180,101,200,1.82,ml,2024-12-20 00:00:00,Active
5287,Dettol Knife,Dettol,Kitchen,Knife,462,1773.94,2309.9,5,30,112,494,8.98,ml,2025-03-17 00:00:00,Active
5288,Sunfeast Curd,Sunfeast,Dairy,Curd,453,1238.46,1785.19,18,60,99,115,4.09,pcs,2023-04-27 00:00:00,Active
5289,Parle Energy Drink,Parle,Beverages,Energy Drink,119,108.18,125.53,12,60,33,178,7.18,ml,2020-12-08 00:00:00,Active
5290,Mamaearth Sugar,Mamaearth,Grocery,Sugar,258,908.44,1407.93,0,30,90,59,2.1,pcs,2025-01-04 00:00:00,Active
5291,Aashirvaad Frying Pan,Aashirvaad,Kitchen,Frying Pan,99,357.89,491.62,12,365,43,394,4.34,ml,2026-04-10 00:00:00,Active
5292,Surf Excel Face Wash,Surf Excel,Personal Care,Face Wash,272,1654.54,2466.11,5,90,62,400,6.23,kg,2021-05-25 00:00:00,Active
5293,Nestle Pet Shampoo,Nestle,Pet Care,Pet Shampoo,62,1306.94,1583.67,18,60,45,440,1.39,pcs,2020-09-03 00:00:00,Active
5294,Dettol Soft Drink,Dettol,Beverages,Soft Drink,105,585.55,679.15,18,30,67,213,2.93,L,2025-07-02 00:00:00,Active
5295,Lizol Dishwash Liquid,Lizol,Household,Dishwash Liquid,152,591.49,711.34,0,60,73,477,6.23,ml,2022-08-15 00:00:00,Active
5296,Mamaearth Cookies,Mamaearth,Snacks,Cookies,346,1111.1,1300.47,0,30,108,290,8.66,ml,2024-11-16 00:00:00,Active
5297,Mamaearth Pet Shampoo,Mamaearth,Pet Care,Pet Shampoo,379,765.96,1105.18,5,180,21,50,2.83,L,2023-07-19 00:00:00,Active
5298,Lizol Toothpaste,Lizol,Personal Care,Toothpaste,442,1097.8,1295.48,12,60,79,159,4.6,g,2022-02-13 00:00:00,Active
5299,Dettol Floor Cleaner,Dettol,Household,Floor Cleaner,292,277.81,348.46,18,30,40,131,3.84,pcs,2023-04-24 00:00:00,Active
5300,HUL Paneer,HUL,Dairy,Paneer,449,758.17,902.03,0,30,94,99,7.79,L,2023-03-27 00:00:00,Active
5301,HUL Bottle,HUL,Kitchen,Bottle,27,1556.58,2241.66,5,365,82,58,5.13,pcs,2023-04-29 00:00:00,Active
5302,Lizol Frying Pan,Lizol,Kitchen,Frying Pan,134,54.4,71.11,0,30,46,491,4.99,pcs,2022-12-07 00:00:00,Active
5303,Parle Pet Shampoo,Parle,Pet Care,Pet Shampoo,252,779.8,948.03,18,365,36,184,4.04,kg,2023-03-25 00:00:00,Active
5304,Nivea Juice,Nivea,Beverages,Juice,154,1635.54,2038.94,18,365,56,63,3.34,L,2020-09-09 00:00:00,Active
5305,Godrej Garbage Bags,Godrej,Household,Garbage Bags,32,1095.04,1419.1,5,90,73,374,7.86,g,2024-11-13 00:00:00,Active
5306,ITC Chana Dal,ITC,Grocery,Chana Dal,30,46.66,59.52,0,180,33,367,6.32,g,2021-07-23 00:00:00,Active
5307,Dettol Pressure Cooker,Dettol,Kitchen,Pressure Cooker,4,877.03,1263.65,12,180,93,276,3.7,g,2021-06-04 00:00:00,Active
5308,Fortune Paneer,Fortune,Dairy,Paneer,33,590.43,911.87,18,90,47,431,2.52,pcs,2024-07-27 00:00:00,Active
5309,HUL Frying Pan,HUL,Kitchen,Frying Pan,237,703.55,1026.93,0,30,95,283,2.6,kg,2020-08-23 00:00:00,Active
5310,Colgate Frying Pan,Colgate,Kitchen,Frying Pan,283,999.32,1178.24,18,90,82,99,5.92,pcs,2024-09-04 00:00:00,Active
5311,Britannia Biscuits,Britannia,Snacks,Biscuits,474,1241.03,1571.92,12,180,90,258,8.28,kg,2022-04-05 00:00:00,Active
5312,Nestle Bottle,Nestle,Kitchen,Bottle,4,1341.75,1616.15,0,365,46,132,1.72,ml,2024-08-09 00:00:00,Active
5313,Colgate Chips,Colgate,Snacks,Chips,316,1176.96,1565.23,5,180,119,93,5.96,L,2026-01-22 00:00:00,Active
5314,Surf Excel Sugar,Surf Excel,Grocery,Sugar,91,1267.1,1799.5,18,60,112,434,5.16,kg,2025-11-02 00:00:00,Active
5315,Parle Hair Oil,Parle,Personal Care,Hair Oil,28,1502.45,2177.59,5,30,64,104,6.32,g,2022-10-16 00:00:00,Active
5316,Surf Excel Baby Soap,Surf Excel,Baby Care,Baby Soap,237,166.98,243.29,5,365,102,380,1.93,ml,2021-10-03 00:00:00,Active
5317,Colgate Baby Powder,Colgate,Baby Care,Baby Powder,9,963.22,1131.59,12,60,39,481,3.34,ml,2023-03-09 00:00:00,Active
5318,Nivea Milk,Nivea,Dairy,Milk,470,1155.06,1735,5,30,81,158,5.3,pcs,2025-08-23 00:00:00,Active
5319,Dabur Curd,Dabur,Dairy,Curd,102,170.84,210.73,18,90,36,471,1.04,kg,2023-02-27 00:00:00,Active
5320,Dabur Toothpaste,Dabur,Personal Care,Toothpaste,179,1635.62,1865.02,0,30,95,345,0.89,pcs,2024-09-01 00:00:00,Active
5321,Aashirvaad Dog Food,Aashirvaad,Pet Care,Dog Food,191,915.44,1226.3,0,30,108,82,8.39,L,2025-07-25 00:00:00,Active
5322,Dabur Soap,Dabur,Personal Care,Soap,176,1489.91,2133.44,0,30,34,135,9.06,ml,2024-07-04 00:00:00,Active
5323,Surf Excel Detergent,Surf Excel,Household,Detergent,22,339.34,448.28,5,365,27,351,4.9,pcs,2022-09-16 00:00:00,Active
5324,Pedigree Paneer,Pedigree,Dairy,Paneer,458,1718.64,2289.1,0,365,31,66,2.83,kg,2025-05-13 00:00:00,Active
5325,Nivea Face Wash,Nivea,Personal Care,Face Wash,404,910.51,1411.12,18,90,116,259,0.74,pcs,2026-05-29 00:00:00,Active
5326,Nivea Mineral Water,Nivea,Beverages,Mineral Water,306,1305.18,1652.23,0,60,79,221,8.77,ml,2026-03-19 00:00:00,Active
5327,Pedigree Face Wash,Pedigree,Personal Care,Face Wash,182,1765.28,2541.33,5,60,107,148,9.42,L,2020-12-16 00:00:00,Active
5328,ITC Coffee,ITC,Grocery,Coffee,183,1610.29,2184.81,18,60,102,243,9.31,L,2021-11-18 00:00:00,Active
5329,Aashirvaad Garbage Bags,Aashirvaad,Household,Garbage Bags,280,918.2,1057.23,12,90,77,293,0.94,kg,2022-03-12 00:00:00,Active
5330,Lizol Cat Food,Lizol,Pet Care,Cat Food,466,775.81,1168.14,5,180,29,79,8.52,ml,2022-09-01 00:00:00,Active
5331,Dabur Toor Dal,Dabur,Grocery,Toor Dal,11,1403.95,1592.34,18,60,110,425,3.55,pcs,2023-07-30 00:00:00,Active
5332,ITC Chocolate,ITC,Snacks,Chocolate,240,589.56,870.61,0,30,112,289,9.32,pcs,2025-07-13 00:00:00,Active
5333,Pedigree Butter,Pedigree,Dairy,Butter,163,16.2,23.87,5,90,111,288,3.34,kg,2025-04-26 00:00:00,Active
5334,Nestle Hair Oil,Nestle,Personal Care,Hair Oil,122,476.46,723.44,12,90,72,431,6.06,ml,2023-12-09 00:00:00,Active
5335,Pedigree Baby Powder,Pedigree,Baby Care,Baby Powder,494,1610.48,1870.06,0,60,88,500,9.24,g,2021-11-20 00:00:00,Active
5336,Aashirvaad Soap,Aashirvaad,Personal Care,Soap,294,1650.04,2487.87,5,180,79,291,9.94,ml,2025-09-08 00:00:00,Active
5337,Pedigree Garbage Bags,Pedigree,Household,Garbage Bags,211,1094.53,1615.11,0,180,22,79,0.9,kg,2025-11-13 00:00:00,Active
5338,Dettol Pet Shampoo,Dettol,Pet Care,Pet Shampoo,242,135.49,206.71,18,365,102,483,5.83,pcs,2022-09-19 00:00:00,Active
5339,Britannia Coffee,Britannia,Grocery,Coffee,242,1661.93,2183.43,5,90,90,202,0.58,kg,2022-07-10 00:00:00,Active
5340,Dabur Chana Dal,Dabur,Grocery,Chana Dal,395,1145.61,1295.87,12,180,110,246,6.7,kg,2024-12-03 00:00:00,Active
5341,Surf Excel Chana Dal,Surf Excel,Grocery,Chana Dal,460,1027.19,1563.97,5,90,114,239,7.37,pcs,2026-03-01 00:00:00,Active
5342,Dettol Dog Food,Dettol,Pet Care,Dog Food,227,1154.2,1423.39,0,90,34,347,0.37,L,2022-06-24 00:00:00,Active
5343,Lizol Baby Lotion,Lizol,Baby Care,Baby Lotion,484,814.3,959.88,18,365,101,275,7.64,kg,2021-12-29 00:00:00,Active
5344,HUL Moong Dal,HUL,Grocery,Moong Dal,29,1460.63,1758.19,0,365,40,218,1.33,pcs,2026-03-18 00:00:00,Discontinued
5345,Amul Face Wash,Amul,Personal Care,Face Wash,398,476.2,609.66,12,30,41,154,0.92,ml,2024-02-25 00:00:00,Discontinued
5346,Lizol Toothpaste,Lizol,Personal Care,Toothpaste,194,229.66,291.24,12,30,47,470,4.79,L,2024-06-14 00:00:00,Active
5347,Lizol Rice,Lizol,Grocery,Rice,457,473.12,634.65,5,180,88,124,8.28,kg,2021-03-17 00:00:00,Active
5348,Aashirvaad Chips,Aashirvaad,Snacks,Chips,439,1455.69,1883.59,5,30,81,387,9.23,ml,2023-12-02 00:00:00,Active
5349,Aashirvaad Tissue Paper,Aashirvaad,Household,Tissue Paper,388,1227.54,1429.73,18,365,120,279,1.49,kg,2024-06-17 00:00:00,Active
5350,HUL Diapers,HUL,Baby Care,Diapers,264,771.51,1175.33,18,365,53,351,6.99,g,2022-11-06 00:00:00,Active
5351,Nestle Detergent,Nestle,Household,Detergent,325,29.26,44.4,0,180,85,151,0.88,g,2020-10-23 00:00:00,Active
5352,Pedigree Dog Food,Pedigree,Pet Care,Dog Food,355,119.93,169.84,18,180,112,106,4.89,ml,2021-07-15 00:00:00,Active
5353,Surf Excel Pressure Cooker,Surf Excel,Kitchen,Pressure Cooker,420,1411.88,2119.4,5,180,68,61,4.27,ml,2026-07-04 00:00:00,Active
5354,Britannia Dishwash Liquid,Britannia,Household,Dishwash Liquid,136,1607.32,2038.09,5,365,34,461,6.73,pcs,2025-09-21 00:00:00,Active
5355,Britannia Baby Soap,Britannia,Baby Care,Baby Soap,139,1414.64,2166.29,12,90,46,190,0.71,pcs,2024-04-16 00:00:00,Active
5356,Pedigree Garbage Bags,Pedigree,Household,Garbage Bags,234,1728.65,1978.06,18,30,82,210,8.31,ml,2024-05-01 00:00:00,Active
5357,Lizol Mineral Water,Lizol,Beverages,Mineral Water,425,1053.57,1561.78,0,365,74,439,5.25,g,2025-10-29 00:00:00,Active
5358,Patanjali Pet Shampoo,Patanjali,Pet Care,Pet Shampoo,169,1003.08,1418.87,12,60,76,51,1.14,g,2023-07-11 00:00:00,Active
5359,Pedigree Chocolate,Pedigree,Snacks,Chocolate,135,834.36,983.42,18,180,31,362,7.82,g,2023-05-27 00:00:00,Active
5360,Lizol Lunch Box,Lizol,Kitchen,Lunch Box,50,1163.83,1494.45,5,30,22,415,6.29,ml,2020-09-17 00:00:00,Active
5361,ITC Floor Cleaner,ITC,Household,Floor Cleaner,387,1653.94,2502.43,18,30,89,121,7.74,L,2021-12-27 00:00:00,Active
5362,Amul Dog Food,Amul,Pet Care,Dog Food,217,733.38,903.34,18,90,73,237,5.46,kg,2023-12-14 00:00:00,Active
5363,Patanjali Milk,Patanjali,Dairy,Milk,482,1488.6,1838.16,18,60,74,203,3.69,ml,2024-01-05 00:00:00,Discontinued
5364,Dabur Chips,Dabur,Snacks,Chips,436,549.42,745.83,18,180,101,204,0.84,L,2023-12-14 00:00:00,Active
5365,HUL Chips,HUL,Snacks,Chips,357,1724.71,2655.73,0,60,94,243,5.3,g,2025-01-03 00:00:00,Active
5366,Surf Excel Sugar,Surf Excel,Grocery,Sugar,249,300.29,394.59,5,60,119,58,5,kg,2021-04-23 00:00:00,Active
5367,Tata Curd,Tata,Dairy,Curd,117,64.47,90,5,180,72,315,7.54,pcs,2025-06-29 00:00:00,Active
5368,Parle Hair Oil,Parle,Personal Care,Hair Oil,244,897.82,1084.92,18,90,57,301,1.96,L,2022-02-16 00:00:00,Active
5369,Aashirvaad Cheese,Aashirvaad,Dairy,Cheese,290,1714.73,2190.06,18,365,52,293,1.66,ml,2026-02-19 00:00:00,Active
5370,ITC Toor Dal,ITC,Grocery,Toor Dal,279,1656.76,1979.57,0,180,83,106,4.91,ml,2024-10-20 00:00:00,Discontinued
5371,Fortune Toothpaste,Fortune,Personal Care,Toothpaste,97,345.73,527.79,18,60,42,189,4.98,kg,2026-01-14 00:00:00,Active
5372,Godrej Dishwash Liquid,Godrej,Household,Dishwash Liquid,60,1784.36,2358.65,5,30,24,275,2.4,kg,2025-02-07 00:00:00,Active
5373,Britannia Tea,Britannia,Grocery,Tea,139,694.45,945.2,5,60,99,374,6.04,ml,2026-03-01 00:00:00,Active
5374,Patanjali Cat Food,Patanjali,Pet Care,Cat Food,291,241.99,335.96,5,365,32,332,4.86,L,2026-07-09 00:00:00,Active
5375,Surf Excel Moong Dal,Surf Excel,Grocery,Moong Dal,299,960.03,1463.85,12,365,43,191,4.23,L,2023-12-14 00:00:00,Active
5376,Surf Excel Milk,Surf Excel,Dairy,Milk,372,946.59,1402.51,12,180,77,73,7.05,ml,2025-12-07 00:00:00,Active
5377,Nivea Baby Powder,Nivea,Baby Care,Baby Powder,262,1431.4,1905.02,0,30,117,403,4.02,ml,2020-09-02 00:00:00,Active
5378,ITC Dog Food,ITC,Pet Care,Dog Food,66,1018.29,1156.52,5,180,28,254,2.56,kg,2024-01-27 00:00:00,Active
5379,Pedigree Baby Soap,Pedigree,Baby Care,Baby Soap,315,920.62,1160.44,0,30,80,227,9.75,L,2020-12-09 00:00:00,Active
5380,Dettol Atta,Dettol,Grocery,Atta,304,668.49,755.77,5,90,77,330,1.24,kg,2022-10-25 00:00:00,Active
5381,Amul Cat Food,Amul,Pet Care,Cat Food,185,150.13,219.45,5,60,86,303,6.02,g,2025-12-28 00:00:00,Active
5382,Pedigree Soft Drink,Pedigree,Beverages,Soft Drink,124,236.93,281.06,0,30,103,333,9.59,L,2022-11-24 00:00:00,Active
5383,Lizol Rice,Lizol,Grocery,Rice,198,464.87,671.33,5,365,113,372,2.6,g,2021-06-06 00:00:00,Active
5384,Britannia Cat Food,Britannia,Pet Care,Cat Food,110,1723.5,2398.13,12,180,80,120,5.97,L,2024-01-23 00:00:00,Active
5385,Dabur Face Wash,Dabur,Personal Care,Face Wash,217,1546.18,1836.26,12,180,39,306,8.66,g,2026-06-27 00:00:00,Active
5386,Sunfeast Soft Drink,Sunfeast,Beverages,Soft Drink,352,93.54,140.4,5,60,37,126,6.62,L,2021-06-18 00:00:00,Active
5387,Tata Pet Shampoo,Tata,Pet Care,Pet Shampoo,140,956.89,1197.3,0,180,48,62,6.27,pcs,2024-01-29 00:00:00,Active
5388,ITC Cheese,ITC,Dairy,Cheese,480,1297.22,1773.24,5,90,113,492,6.63,L,2024-03-08 00:00:00,Active
5389,Colgate Chocolate,Colgate,Snacks,Chocolate,309,1766.4,2248.92,18,90,40,120,5.18,pcs,2022-11-14 00:00:00,Active
5390,HUL Coffee,HUL,Grocery,Coffee,317,1065.79,1545.8,0,30,120,360,1.84,g,2021-10-07 00:00:00,Active
5391,Tata Pet Shampoo,Tata,Pet Care,Pet Shampoo,179,1497.26,1854.36,12,90,118,426,5.98,L,2025-02-04 00:00:00,Active
5392,Pedigree Shampoo,Pedigree,Personal Care,Shampoo,114,1628.29,2148.05,18,60,74,337,1.96,g,2020-11-24 00:00:00,Active
5393,Patanjali Hair Oil,Patanjali,Personal Care,Hair Oil,191,377.01,531.42,18,60,83,327,3.47,g,2024-03-10 00:00:00,Active
5394,Nestle Juice,Nestle,Beverages,Juice,169,1559.01,2399.49,5,30,38,490,9.18,L,2022-03-28 00:00:00,Active
5395,Dettol Diapers,Dettol,Baby Care,Diapers,18,1640.05,2428.72,12,180,33,470,8.69,kg,2022-09-20 00:00:00,Active
5396,HUL Cheese,HUL,Dairy,Cheese,116,1636.25,2387.92,5,90,70,135,7.75,L,2026-01-12 00:00:00,Active
5397,Aashirvaad Curd,Aashirvaad,Dairy,Curd,390,1375.57,1721.09,0,60,113,183,0.92,g,2023-10-27 00:00:00,Active
5398,Parle Chips,Parle,Snacks,Chips,483,251.15,290.25,18,60,89,139,8.52,ml,2021-06-21 00:00:00,Active
5399,Nivea Chana Dal,Nivea,Grocery,Chana Dal,285,718.05,1106.52,18,180,49,50,7.53,kg,2024-09-13 00:00:00,Active
5400,Nivea Baby Soap,Nivea,Baby Care,Baby Soap,117,1731.61,2242.86,18,90,74,337,9.47,pcs,2020-08-15 00:00:00,Active
5401,ITC Garbage Bags,ITC,Household,Garbage Bags,317,169.25,190.87,12,365,103,156,5.31,g,2022-07-04 00:00:00,Active
5402,Dettol Soft Drink,Dettol,Beverages,Soft Drink,369,673.85,791.95,18,365,57,484,5.06,ml,2023-12-24 00:00:00,Active
5403,ITC Chips,ITC,Snacks,Chips,388,1521.15,2178.39,0,180,61,449,2.05,g,2021-01-17 00:00:00,Active
5404,Nestle Baby Lotion,Nestle,Baby Care,Baby Lotion,159,1195.54,1532.95,0,30,63,97,9.95,ml,2021-07-10 00:00:00,Active
5405,Aashirvaad Face Wash,Aashirvaad,Personal Care,Face Wash,319,1095.04,1295.78,18,90,96,291,5.66,ml,2022-01-09 00:00:00,Active
5406,Amul Tea,Amul,Grocery,Tea,102,21.36,28.11,5,60,73,70,7.45,pcs,2022-01-23 00:00:00,Active
5407,Patanjali Bottle,Patanjali,Kitchen,Bottle,356,1644.12,1898.59,12,365,78,175,1.27,kg,2024-05-27 00:00:00,Active
5408,Nestle Soft Drink,Nestle,Beverages,Soft Drink,5,1376.14,1910.02,12,90,40,307,8.78,g,2022-01-03 00:00:00,Active
5409,Colgate Baby Lotion,Colgate,Baby Care,Baby Lotion,340,74.36,86.02,18,60,115,480,5.63,g,2024-11-19 00:00:00,Active
5410,Parle Chips,Parle,Snacks,Chips,49,1525.48,2244.83,0,30,66,437,1.09,ml,2023-09-11 00:00:00,Discontinued
5411,Fortune Pet Shampoo,Fortune,Pet Care,Pet Shampoo,145,1020.62,1439.9,5,30,94,274,6.76,ml,2020-10-04 00:00:00,Active
5412,HUL Diapers,HUL,Baby Care,Diapers,309,198.07,224.66,12,90,45,89,6.01,L,2024-04-25 00:00:00,Active
5413,Aashirvaad Energy Drink,Aashirvaad,Beverages,Energy Drink,243,1342.18,1640.82,0,90,81,447,6.97,L,2025-03-09 00:00:00,Active
5414,Patanjali Baby Powder,Patanjali,Baby Care,Baby Powder,399,422.31,496.12,18,90,25,347,6.66,L,2023-06-02 00:00:00,Active
5415,HUL Hair Oil,HUL,Personal Care,Hair Oil,400,163.46,248.72,12,365,47,262,0.19,kg,2024-04-16 00:00:00,Active
5416,Sunfeast Diapers,Sunfeast,Baby Care,Diapers,249,413.94,469.12,5,180,40,127,8.42,L,2024-08-12 00:00:00,Active
5417,Surf Excel Bottle,Surf Excel,Kitchen,Bottle,61,445.18,538.52,18,30,33,471,2.2,pcs,2022-07-03 00:00:00,Active
5418,Amul Pressure Cooker,Amul,Kitchen,Pressure Cooker,227,271.32,341.36,5,60,106,156,9.33,g,2021-10-21 00:00:00,Active
5419,Colgate Garbage Bags,Colgate,Household,Garbage Bags,443,258.26,319.63,5,60,49,472,2.99,g,2024-04-01 00:00:00,Active
5420,Amul Soap,Amul,Personal Care,Soap,488,232.08,323.39,5,60,20,235,3.87,ml,2023-09-27 00:00:00,Active
5421,Colgate Cat Food,Colgate,Pet Care,Cat Food,56,37.43,54.23,5,90,35,298,2.66,L,2025-11-23 00:00:00,Active
5422,Fortune Tea,Fortune,Grocery,Tea,427,433.59,600.69,5,365,23,177,7.08,ml,2023-08-12 00:00:00,Active
5423,Colgate Face Wash,Colgate,Personal Care,Face Wash,488,1705.13,1917.37,5,180,105,492,7.34,ml,2024-11-17 00:00:00,Active
5424,Nestle Bottle,Nestle,Kitchen,Bottle,424,1139.22,1326.25,18,180,34,125,2.88,ml,2024-12-27 00:00:00,Active
5425,Mamaearth Bottle,Mamaearth,Kitchen,Bottle,402,829.22,1080.54,18,365,40,271,3.74,kg,2023-06-22 00:00:00,Active
5426,Dettol Namkeen,Dettol,Snacks,Namkeen,500,1261.44,1635.52,12,365,43,220,7.17,L,2022-03-06 00:00:00,Active
5427,Fortune Mineral Water,Fortune,Beverages,Mineral Water,88,1463.35,2059.3,0,30,33,148,4.95,ml,2023-09-19 00:00:00,Active
5428,Surf Excel Floor Cleaner,Surf Excel,Household,Floor Cleaner,346,153.04,203.33,12,60,116,73,9.49,ml,2024-07-23 00:00:00,Active
5429,Dabur Mineral Water,Dabur,Beverages,Mineral Water,32,133.71,178.07,12,180,37,243,7.97,ml,2020-08-10 00:00:00,Active
5430,Britannia Juice,Britannia,Beverages,Juice,99,273.87,394.68,0,90,44,152,0.58,ml,2022-11-28 00:00:00,Active
5431,Amul Suji,Amul,Grocery,Suji,46,1151.58,1354.23,12,60,43,176,5.08,L,2024-02-13 00:00:00,Active
5432,Aashirvaad Dishwash Liquid,Aashirvaad,Household,Dishwash Liquid,427,32.5,47.6,5,180,35,335,1.32,ml,2026-01-05 00:00:00,Active
5433,Fortune Bottle,Fortune,Kitchen,Bottle,222,507.13,686.45,18,180,113,245,2.78,ml,2025-12-23 00:00:00,Active
5434,Colgate Poha,Colgate,Grocery,Poha,44,590.8,763.07,5,180,60,495,8.7,ml,2022-01-08 00:00:00,Active
5435,Godrej Dog Food,Godrej,Pet Care,Dog Food,403,308.25,431.43,12,30,66,123,2.43,ml,2022-10-25 00:00:00,Active
5436,Britannia Lunch Box,Britannia,Kitchen,Lunch Box,272,1384.44,1554.29,12,90,64,78,4.13,pcs,2024-05-08 00:00:00,Active
5437,Sunfeast Tissue Paper,Sunfeast,Household,Tissue Paper,442,443.75,536.49,0,60,44,215,8.33,g,2021-01-05 00:00:00,Active
5438,Britannia Energy Drink,Britannia,Beverages,Energy Drink,106,1735.33,2058.91,18,180,27,116,6.42,kg,2025-03-22 00:00:00,Active
5439,HUL Cooking Oil,HUL,Grocery,Cooking Oil,215,853.63,1286.56,0,60,31,272,8.36,ml,2023-12-16 00:00:00,Active
5440,Pedigree Pet Shampoo,Pedigree,Pet Care,Pet Shampoo,330,40.19,60.51,18,30,25,222,3.42,g,2023-08-29 00:00:00,Active
5441,Patanjali Hair Oil,Patanjali,Personal Care,Hair Oil,364,1762.78,2177.68,0,180,30,236,6.21,g,2023-12-29 00:00:00,Active
5442,Nivea Pet Shampoo,Nivea,Pet Care,Pet Shampoo,89,1588.68,2063.85,5,90,63,220,4.51,L,2025-01-01 00:00:00,Active
5443,Godrej Cheese,Godrej,Dairy,Cheese,491,1298.54,2011.19,0,365,101,363,0.48,ml,2025-10-04 00:00:00,Active
5444,Godrej Baby Powder,Godrej,Baby Care,Baby Powder,364,38.57,53.9,18,30,73,339,2.26,g,2024-01-27 00:00:00,Active
5445,Sunfeast Soft Drink,Sunfeast,Beverages,Soft Drink,408,373.3,469.92,5,365,23,187,6.69,g,2026-05-03 00:00:00,Active
5446,Godrej Baby Soap,Godrej,Baby Care,Baby Soap,262,491.37,629.46,0,180,58,349,9.74,ml,2024-09-02 00:00:00,Active
5447,Surf Excel Floor Cleaner,Surf Excel,Household,Floor Cleaner,500,747.04,873.11,0,90,72,288,3.09,kg,2023-07-24 00:00:00,Active
5448,Nestle Hair Oil,Nestle,Personal Care,Hair Oil,313,798.38,1132.51,0,180,22,392,7.36,pcs,2022-09-29 00:00:00,Discontinued
5449,Tata Curd,Tata,Dairy,Curd,16,799.78,917.1,5,365,87,419,1.74,g,2021-09-20 00:00:00,Active
5450,Dettol Frying Pan,Dettol,Kitchen,Frying Pan,210,134.47,178.13,18,90,97,250,8.18,kg,2022-01-20 00:00:00,Discontinued
5451,Amul Poha,Amul,Grocery,Poha,292,340.88,398.37,18,365,77,445,7.57,ml,2025-09-10 00:00:00,Active
5452,Fortune Dog Food,Fortune,Pet Care,Dog Food,15,1245.92,1614.89,0,180,63,253,0.79,L,2025-01-24 00:00:00,Active
5453,Colgate Cookies,Colgate,Snacks,Cookies,73,1795.7,2278.98,12,30,74,455,8.03,g,2025-10-03 00:00:00,Active
5454,Sunfeast Sugar,Sunfeast,Grocery,Sugar,418,1634.23,2383.19,12,60,39,466,5.31,L,2025-11-06 00:00:00,Active
5455,Surf Excel Diapers,Surf Excel,Baby Care,Diapers,217,628.72,737.24,0,365,55,447,5.44,L,2026-04-19 00:00:00,Active
5456,Aashirvaad Baby Powder,Aashirvaad,Baby Care,Baby Powder,420,1239.09,1899.9,0,60,120,280,9.55,g,2021-06-14 00:00:00,Active
5457,Godrej Dog Food,Godrej,Pet Care,Dog Food,497,237.02,279.11,5,365,25,227,5.27,pcs,2021-11-27 00:00:00,Active
5458,Dabur Energy Drink,Dabur,Beverages,Energy Drink,357,684.5,1018.3,5,30,119,163,9.91,L,2026-06-22 00:00:00,Active
5459,Dettol Baby Lotion,Dettol,Baby Care,Baby Lotion,82,929.16,1328.17,12,60,33,351,6.66,pcs,2026-02-06 00:00:00,Active
5460,Dabur Biscuits,Dabur,Snacks,Biscuits,488,1664.62,2020.59,0,90,43,484,2.33,kg,2024-01-25 00:00:00,Active
5461,Mamaearth Face Wash,Mamaearth,Personal Care,Face Wash,447,1249.42,1737.77,0,90,99,424,6.3,pcs,2025-12-05 00:00:00,Active
5462,ITC Knife,ITC,Kitchen,Knife,90,1426.05,2033.12,0,180,104,68,3.21,g,2024-07-12 00:00:00,Active
5463,Dabur Shampoo,Dabur,Personal Care,Shampoo,431,1629.63,2019.2,0,60,96,390,7.61,g,2026-02-24 00:00:00,Active
5464,Godrej Frying Pan,Godrej,Kitchen,Frying Pan,150,375.34,420.92,0,90,87,280,4.2,L,2023-10-08 00:00:00,Active
5465,Amul Juice,Amul,Beverages,Juice,386,1059.15,1210,0,365,91,499,4.91,ml,2022-10-02 00:00:00,Active
5466,Parle Knife,Parle,Kitchen,Knife,140,1355.07,1603.78,0,30,34,243,1.81,pcs,2024-03-17 00:00:00,Active
5467,Nivea Butter,Nivea,Dairy,Butter,238,1434.12,2184.12,5,60,86,103,8.17,ml,2021-03-10 00:00:00,Active
5468,Lizol Cooking Oil,Lizol,Grocery,Cooking Oil,426,283.3,378.64,0,180,73,229,6.47,L,2024-05-12 00:00:00,Active
5469,Godrej Floor Cleaner,Godrej,Household,Floor Cleaner,26,1755.98,2667.06,5,180,107,302,0.92,kg,2021-01-16 00:00:00,Active
5470,Aashirvaad Cat Food,Aashirvaad,Pet Care,Cat Food,290,432.74,598.3,12,90,46,397,1.03,ml,2026-02-24 00:00:00,Active
5471,Colgate Cheese,Colgate,Dairy,Cheese,143,1069.05,1248.34,5,30,84,239,5.81,pcs,2023-05-05 00:00:00,Active
5472,Fortune Rice,Fortune,Grocery,Rice,75,1221.72,1512.54,5,365,54,261,7.99,pcs,2024-04-17 00:00:00,Active
5473,Colgate Baby Lotion,Colgate,Baby Care,Baby Lotion,60,1482.63,2155.24,12,180,24,431,0.59,kg,2024-08-02 00:00:00,Active
5474,Lizol Chips,Lizol,Snacks,Chips,358,427.18,579.76,18,180,61,233,6.72,ml,2025-04-10 00:00:00,Active
5475,Lizol Dishwash Liquid,Lizol,Household,Dishwash Liquid,136,309.76,352.64,0,60,89,264,8.14,kg,2022-12-19 00:00:00,Active
5476,HUL Pet Shampoo,HUL,Pet Care,Pet Shampoo,249,1172.88,1388.59,5,90,95,458,7.17,ml,2024-03-17 00:00:00,Active
5477,HUL Garbage Bags,HUL,Household,Garbage Bags,358,230.94,335.3,12,30,104,73,0.4,pcs,2026-07-09 00:00:00,Discontinued
5478,Pedigree Curd,Pedigree,Dairy,Curd,373,1552.75,2090.98,12,365,75,98,2.26,kg,2021-03-10 00:00:00,Active
5479,Surf Excel Mineral Water,Surf Excel,Beverages,Mineral Water,353,61.87,81.67,0,30,95,97,1.74,L,2022-10-31 00:00:00,Active
5480,Pedigree Energy Drink,Pedigree,Beverages,Energy Drink,193,657.56,994.37,5,365,104,204,3.29,L,2021-03-02 00:00:00,Active
5481,Pedigree Baby Lotion,Pedigree,Baby Care,Baby Lotion,99,759.96,907.69,0,30,44,494,4.49,ml,2025-02-05 00:00:00,Active
5482,Britannia Tissue Paper,Britannia,Household,Tissue Paper,356,939.86,1186.5,0,180,83,499,8.77,g,2020-11-25 00:00:00,Active
5483,Colgate Baby Powder,Colgate,Baby Care,Baby Powder,366,128.89,182.75,12,180,53,446,8.36,L,2021-05-19 00:00:00,Active
5484,Britannia Juice,Britannia,Beverages,Juice,211,1604.34,2440.95,18,365,97,410,4.49,g,2022-12-24 00:00:00,Active
5485,Godrej Dog Food,Godrej,Pet Care,Dog Food,91,949.24,1456.03,12,90,36,367,1.07,ml,2020-09-28 00:00:00,Active
5486,Godrej Pet Shampoo,Godrej,Pet Care,Pet Shampoo,34,506.93,622.58,12,365,102,261,8.21,ml,2022-05-30 00:00:00,Active
5487,Dabur Hair Oil,Dabur,Personal Care,Hair Oil,132,808.64,961.21,12,60,87,146,8.41,g,2022-12-06 00:00:00,Active
5488,Britannia Biscuits,Britannia,Snacks,Biscuits,464,1757.34,2523.33,0,60,40,431,5.85,g,2025-05-07 00:00:00,Active
5489,Britannia Paneer,Britannia,Dairy,Paneer,454,206.09,243.98,5,365,58,109,3.16,g,2021-02-10 00:00:00,Active
5490,Mamaearth Rice,Mamaearth,Grocery,Rice,424,555.22,650.87,18,90,99,374,9.08,pcs,2021-10-30 00:00:00,Active
5491,Parle Knife,Parle,Kitchen,Knife,50,542.9,694.45,0,30,95,416,4.32,ml,2024-03-18 00:00:00,Active
5492,Pedigree Cookies,Pedigree,Snacks,Cookies,296,129.08,186.35,5,90,112,284,6.47,ml,2024-02-28 00:00:00,Active
5493,Lizol Chocolate,Lizol,Snacks,Chocolate,226,502.21,760.08,5,30,108,286,1.55,ml,2021-08-27 00:00:00,Active
5494,Mamaearth Chips,Mamaearth,Snacks,Chips,248,1265.82,1930.96,0,30,71,429,5.18,L,2021-06-22 00:00:00,Active
5495,Dabur Baby Soap,Dabur,Baby Care,Baby Soap,155,966.33,1476.87,12,180,69,147,6.79,L,2023-02-13 00:00:00,Active
5496,Nestle Dog Food,Nestle,Pet Care,Dog Food,188,170.81,255.25,12,365,43,210,5.66,ml,2023-06-07 00:00:00,Active
5497,Fortune Baby Soap,Fortune,Baby Care,Baby Soap,84,1799.5,2108.2,0,90,69,89,2.11,pcs,2022-05-20 00:00:00,Active
5498,Pedigree Soft Drink,Pedigree,Beverages,Soft Drink,221,1283.53,1828.57,0,365,57,247,6.86,ml,2023-01-30 00:00:00,Discontinued
5499,Parle Cooking Oil,Parle,Grocery,Cooking Oil,477,528.69,768.73,0,30,85,294,6.28,pcs,2026-02-04 00:00:00,Active
5500,Amul Pet Shampoo,Amul,Pet Care,Pet Shampoo,42,980.17,1204.87,12,60,82,281,6.99,kg,2022-02-11 00:00:00,Active
5501,Aashirvaad Namkeen,Aashirvaad,Snacks,Namkeen,376,1268.59,1674.9,5,180,30,485,10,g,2021-11-10 00:00:00,Active
5502,Sunfeast Soap,Sunfeast,Personal Care,Soap,430,1516.61,2203.84,5,60,69,138,6.46,kg,2020-12-05 00:00:00,Active
5503,Pedigree Pet Shampoo,Pedigree,Pet Care,Pet Shampoo,54,1686.02,1946.03,0,60,23,293,2.37,ml,2025-10-12 00:00:00,Active
5504,Nestle Diapers,Nestle,Baby Care,Diapers,493,1047.42,1438.77,18,365,76,318,0.77,g,2024-02-29 00:00:00,Active
5505,Godrej Dog Food,Godrej,Pet Care,Dog Food,89,129.44,189.22,18,90,94,302,0.51,ml,2021-04-30 00:00:00,Active
5506,Parle Chips,Parle,Snacks,Chips,473,821.88,1156.51,5,30,65,113,7.75,ml,2023-10-21 00:00:00,Active
5507,Sunfeast Coffee,Sunfeast,Grocery,Coffee,56,1361.95,1794.02,18,180,46,475,2.6,pcs,2026-03-16 00:00:00,Active
5508,Parle Bottle,Parle,Kitchen,Bottle,377,784.92,1054.48,0,180,84,482,2.87,L,2022-03-06 00:00:00,Active
5509,Parle Detergent,Parle,Household,Detergent,378,45.84,53.43,18,365,80,498,2.56,kg,2021-06-26 00:00:00,Active
5510,Surf Excel Hair Oil,Surf Excel,Personal Care,Hair Oil,359,829.37,965,12,365,102,489,9.61,g,2022-03-09 00:00:00,Active
5511,Nestle Pet Shampoo,Nestle,Pet Care,Pet Shampoo,184,1751.06,2070.58,5,60,111,338,6.88,kg,2024-10-06 00:00:00,Active
5512,Surf Excel Energy Drink,Surf Excel,Beverages,Energy Drink,82,765.72,1127.37,0,90,28,91,9.11,g,2025-08-04 00:00:00,Active
5513,Amul Baby Lotion,Amul,Baby Care,Baby Lotion,70,1064.06,1222.05,5,180,82,211,3.84,L,2022-01-07 00:00:00,Active
5514,Lizol Knife,Lizol,Kitchen,Knife,240,778.74,1081.97,5,60,73,436,8.47,L,2021-11-14 00:00:00,Discontinued
5515,Colgate Namkeen,Colgate,Snacks,Namkeen,15,1391.84,1823.77,0,90,37,469,2.1,g,2020-11-08 00:00:00,Active
5516,Fortune Shampoo,Fortune,Personal Care,Shampoo,38,81.78,124.14,18,60,118,421,4.9,ml,2024-06-07 00:00:00,Active
5517,Surf Excel Bottle,Surf Excel,Kitchen,Bottle,197,790.14,1102.69,12,30,49,90,7.11,ml,2023-08-14 00:00:00,Active
5518,Parle Suji,Parle,Grocery,Suji,74,1109.06,1652.63,12,90,35,153,9.82,L,2022-05-21 00:00:00,Active
5519,Mamaearth Coffee,Mamaearth,Grocery,Coffee,408,108.01,151.5,0,180,90,86,0.68,ml,2024-11-29 00:00:00,Active
5520,Patanjali Detergent,Patanjali,Household,Detergent,350,1160.22,1717.42,5,180,41,166,4.8,kg,2023-03-23 00:00:00,Active
5521,Parle Shampoo,Parle,Personal Care,Shampoo,6,1719.24,2457.81,5,180,91,190,8.99,g,2024-09-03 00:00:00,Active
5522,Surf Excel Chana Dal,Surf Excel,Grocery,Chana Dal,172,380.29,499.83,12,90,87,297,8.49,kg,2021-10-31 00:00:00,Active
5523,Lizol Juice,Lizol,Beverages,Juice,384,1154.34,1325.21,12,180,59,71,7.44,ml,2020-10-20 00:00:00,Active
5524,Tata Soap,Tata,Personal Care,Soap,163,951.68,1268.52,5,90,112,61,6.37,ml,2025-09-11 00:00:00,Active
5525,Tata Paneer,Tata,Dairy,Paneer,170,1780.21,2006.82,18,180,53,206,5.82,g,2022-02-20 00:00:00,Active
5526,Fortune Chips,Fortune,Snacks,Chips,202,1005.55,1178.11,12,60,55,416,8.92,L,2021-09-14 00:00:00,Active
5527,Fortune Baby Soap,Fortune,Baby Care,Baby Soap,39,1343.78,1550.82,18,30,26,377,1.85,g,2026-03-10 00:00:00,Active
5528,Lizol Tissue Paper,Lizol,Household,Tissue Paper,216,1579.47,2189.18,18,60,58,167,8.58,kg,2023-03-11 00:00:00,Active
5529,Fortune Pressure Cooker,Fortune,Kitchen,Pressure Cooker,276,948.35,1362.55,18,90,113,382,9.28,ml,2023-07-20 00:00:00,Active
5530,Nestle Baby Powder,Nestle,Baby Care,Baby Powder,114,1250.24,1856,18,365,79,434,3.69,L,2026-01-27 00:00:00,Discontinued
5531,Surf Excel Biscuits,Surf Excel,Snacks,Biscuits,348,860.05,1142.87,12,90,59,292,8.05,pcs,2022-10-04 00:00:00,Active
5532,HUL Soap,HUL,Personal Care,Soap,19,1613.17,1842.7,0,365,72,121,7.16,pcs,2026-06-26 00:00:00,Active
5533,Aashirvaad Mineral Water,Aashirvaad,Beverages,Mineral Water,95,1147.34,1334.85,18,30,95,161,9.25,pcs,2021-09-21 00:00:00,Active
5534,Parle Chips,Parle,Snacks,Chips,418,613.8,860.57,12,60,62,159,6.33,L,2020-12-24 00:00:00,Active
5535,Sunfeast Diapers,Sunfeast,Baby Care,Diapers,24,1258.89,1927.46,18,365,61,250,4.18,kg,2024-12-13 00:00:00,Active
5536,Parle Suji,Parle,Grocery,Suji,156,934.32,1179.51,0,30,29,416,1.28,g,2021-07-20 00:00:00,Active
5537,Parle Detergent,Parle,Household,Detergent,442,1410.27,2111.68,12,90,52,418,1.6,ml,2022-10-23 00:00:00,Active
5538,ITC Paneer,ITC,Dairy,Paneer,184,1609.25,2017.98,5,365,88,291,4.12,ml,2022-03-24 00:00:00,Active
5539,Pedigree Pressure Cooker,Pedigree,Kitchen,Pressure Cooker,476,60.19,85.08,12,60,68,64,3.42,kg,2026-06-11 00:00:00,Active
5540,Fortune Bottle,Fortune,Kitchen,Bottle,49,1324.67,1702.64,5,180,38,467,7.69,kg,2021-12-27 00:00:00,Active
5541,ITC Biscuits,ITC,Snacks,Biscuits,208,555.75,755.93,5,180,74,308,0.43,pcs,2021-07-10 00:00:00,Active
5542,Aashirvaad Hair Oil,Aashirvaad,Personal Care,Hair Oil,361,1363.33,2091.18,18,90,43,488,4.18,ml,2021-09-28 00:00:00,Active
5543,Colgate Moong Dal,Colgate,Grocery,Moong Dal,146,264.03,375.15,5,60,99,378,0.42,pcs,2023-05-28 00:00:00,Active
5544,Britannia Butter,Britannia,Dairy,Butter,211,1287.82,1772.07,5,365,107,176,5.7,L,2021-05-16 00:00:00,Active
5545,Patanjali Baby Lotion,Patanjali,Baby Care,Baby Lotion,53,697.08,877.92,0,30,46,303,2.65,pcs,2021-10-11 00:00:00,Active
5546,Amul Curd,Amul,Dairy,Curd,474,1120.9,1702.96,18,30,26,405,7.19,ml,2026-02-08 00:00:00,Active
5547,ITC Tissue Paper,ITC,Household,Tissue Paper,170,660.84,963.54,18,60,108,146,5.79,L,2024-08-14 00:00:00,Active
5548,Pedigree Face Wash,Pedigree,Personal Care,Face Wash,173,127.37,158.1,18,365,67,367,8.31,kg,2024-10-18 00:00:00,Active
5549,Nivea Cheese,Nivea,Dairy,Cheese,161,1663.3,1883.6,0,90,68,59,8.54,g,2025-05-09 00:00:00,Active
5550,Aashirvaad Baby Powder,Aashirvaad,Baby Care,Baby Powder,50,1323.76,1513.77,12,60,23,310,4.73,kg,2022-12-22 00:00:00,Active
5551,Godrej Sugar,Godrej,Grocery,Sugar,215,747.36,1134.25,18,365,103,334,9.22,ml,2022-09-04 00:00:00,Active
5552,ITC Baby Soap,ITC,Baby Care,Baby Soap,319,116.09,132.69,0,30,80,385,1.65,pcs,2021-09-18 00:00:00,Active
5553,Dabur Diapers,Dabur,Baby Care,Diapers,270,329.1,477.54,12,90,34,224,8.46,ml,2024-06-27 00:00:00,Active
5554,Patanjali Mineral Water,Patanjali,Beverages,Mineral Water,48,1779.03,2599.13,18,30,104,75,0.62,L,2021-08-01 00:00:00,Active
5555,Nivea Moong Dal,Nivea,Grocery,Moong Dal,478,420.1,510.12,12,365,55,175,6.3,L,2021-08-25 00:00:00,Active
5556,Patanjali Chana Dal,Patanjali,Grocery,Chana Dal,173,733,997,5,365,99,490,9.03,g,2021-02-03 00:00:00,Active
5557,Mamaearth Energy Drink,Mamaearth,Beverages,Energy Drink,120,1179.27,1785.09,12,30,28,463,3.7,L,2021-08-20 00:00:00,Active
5558,Tata Butter,Tata,Dairy,Butter,432,1689.6,2205.83,12,60,110,166,8.34,kg,2021-05-12 00:00:00,Active
5559,Sunfeast Suji,Sunfeast,Grocery,Suji,142,1032.4,1320.43,5,180,91,140,4.62,L,2025-05-02 00:00:00,Active
5560,Britannia Soft Drink,Britannia,Beverages,Soft Drink,76,126.47,185.55,5,90,119,87,1,ml,2022-12-02 00:00:00,Active
5561,Colgate Floor Cleaner,Colgate,Household,Floor Cleaner,363,1691.77,2070.93,18,90,40,452,0.75,L,2026-03-31 00:00:00,Active
5562,Pedigree Namkeen,Pedigree,Snacks,Namkeen,296,1595.41,2074.87,18,30,80,147,8.67,pcs,2026-03-30 00:00:00,Active
5563,ITC Curd,ITC,Dairy,Curd,435,56.98,69.71,18,365,86,444,4.35,L,2021-03-12 00:00:00,Active
5564,HUL Curd,HUL,Dairy,Curd,445,32.07,46.9,12,180,117,280,3.09,g,2023-05-25 00:00:00,Active
5565,Pedigree Dog Food,Pedigree,Pet Care,Dog Food,70,720.78,1115.83,12,180,46,310,7.78,kg,2021-08-25 00:00:00,Active
5566,Parle Juice,Parle,Beverages,Juice,42,128.57,178.23,12,90,36,427,2,kg,2024-03-02 00:00:00,Active
5567,HUL Soap,HUL,Personal Care,Soap,53,261.34,373,12,90,75,178,1.91,L,2024-03-17 00:00:00,Active
5568,Lizol Biscuits,Lizol,Snacks,Biscuits,500,147.09,204.19,0,180,58,190,0.87,kg,2021-02-13 00:00:00,Active
5569,Dabur Lunch Box,Dabur,Kitchen,Lunch Box,250,1100.65,1549.63,5,60,101,308,8.88,L,2023-11-11 00:00:00,Active
5570,Mamaearth Curd,Mamaearth,Dairy,Curd,223,1334.83,2014.99,18,30,54,406,0.22,kg,2025-08-29 00:00:00,Active
5571,HUL Frying Pan,HUL,Kitchen,Frying Pan,230,1326.5,1794.84,0,30,80,124,0.85,L,2021-02-15 00:00:00,Active
5572,Dettol Bottle,Dettol,Kitchen,Bottle,408,1733.63,2152.65,0,30,27,212,2.61,g,2026-05-21 00:00:00,Active
5573,Dabur Biscuits,Dabur,Snacks,Biscuits,299,1287.13,1672.64,5,60,39,276,1.74,L,2024-08-10 00:00:00,Active
5574,HUL Detergent,HUL,Household,Detergent,156,914.04,1376.7,18,180,103,193,9.59,pcs,2024-08-23 00:00:00,Active
5575,Aashirvaad Soft Drink,Aashirvaad,Beverages,Soft Drink,331,370.64,490.49,12,60,40,377,4.17,ml,2025-05-25 00:00:00,Active
5576,Godrej Hair Oil,Godrej,Personal Care,Hair Oil,147,445.73,565.15,12,90,112,394,4.11,ml,2025-05-05 00:00:00,Active
5577,Surf Excel Floor Cleaner,Surf Excel,Household,Floor Cleaner,180,1711.04,2573.61,12,365,95,100,7.37,pcs,2020-10-07 00:00:00,Active
5578,Godrej Salt,Godrej,Grocery,Salt,130,857.05,1211.99,12,365,93,228,7.88,pcs,2025-10-02 00:00:00,Active
5579,ITC Milk,ITC,Dairy,Milk,273,413.25,472.55,5,60,114,478,9.2,g,2022-12-09 00:00:00,Active
5580,Dettol Baby Lotion,Dettol,Baby Care,Baby Lotion,47,763.95,972.72,18,60,106,101,6.43,g,2024-08-23 00:00:00,Active
5581,Patanjali Knife,Patanjali,Kitchen,Knife,167,1770.78,2092.53,5,365,32,50,9.93,ml,2026-07-24 00:00:00,Active
5582,Nivea Frying Pan,Nivea,Kitchen,Frying Pan,183,870.32,1311.46,12,365,57,68,2.81,g,2024-04-05 00:00:00,Active
5583,Britannia Pressure Cooker,Britannia,Kitchen,Pressure Cooker,211,982.07,1260.61,12,365,103,89,3.21,g,2026-04-11 00:00:00,Active
5584,Parle Baby Powder,Parle,Baby Care,Baby Powder,124,1578.76,1932.24,5,180,55,446,4.35,L,2025-03-19 00:00:00,Active
5585,Tata Face Wash,Tata,Personal Care,Face Wash,464,1256.26,1894.26,5,30,66,203,5.28,pcs,2023-09-29 00:00:00,Active
5586,Parle Dog Food,Parle,Pet Care,Dog Food,210,672.27,926.73,5,365,107,79,8.7,ml,2022-12-18 00:00:00,Active
5587,Dabur Cookies,Dabur,Snacks,Cookies,309,389.87,458.34,18,180,38,281,9.84,g,2021-03-19 00:00:00,Active
5588,Amul Cooking Oil,Amul,Grocery,Cooking Oil,7,138.81,201.59,12,30,80,237,9.37,pcs,2021-11-10 00:00:00,Active
5589,Lizol Biscuits,Lizol,Snacks,Biscuits,165,241.73,303.21,5,30,83,313,8.79,pcs,2025-01-18 00:00:00,Active
5590,Godrej Dog Food,Godrej,Pet Care,Dog Food,277,109.81,139.57,18,180,108,256,4.45,kg,2022-12-25 00:00:00,Active
5591,Patanjali Pet Shampoo,Patanjali,Pet Care,Pet Shampoo,480,804.44,1183.56,18,60,91,475,0.49,ml,2023-06-28 00:00:00,Active
5592,Mamaearth Cheese,Mamaearth,Dairy,Cheese,380,1044.07,1476.59,12,30,31,145,2.01,L,2024-12-23 00:00:00,Active
5593,Patanjali Biscuits,Patanjali,Snacks,Biscuits,459,1157.12,1431.21,18,30,89,162,3.13,ml,2021-04-05 00:00:00,Active
5594,Tata Chocolate,Tata,Snacks,Chocolate,159,1221.66,1576.52,0,90,88,487,4.79,ml,2026-01-30 00:00:00,Active
5595,Mamaearth Toothpaste,Mamaearth,Personal Care,Toothpaste,257,1322.3,1637.67,5,180,85,437,7.25,pcs,2025-05-30 00:00:00,Active
5596,Britannia Frying Pan,Britannia,Kitchen,Frying Pan,11,1061.24,1276.68,18,365,69,195,2.99,pcs,2024-10-31 00:00:00,Active
5597,Tata Butter,Tata,Dairy,Butter,67,1712.33,2179.14,12,60,96,83,6.3,L,2024-08-27 00:00:00,Active
5598,Amul Detergent,Amul,Household,Detergent,279,1370.09,1647.88,18,60,113,293,8.7,kg,2022-01-16 00:00:00,Active
5599,Lizol Pet Shampoo,Lizol,Pet Care,Pet Shampoo,443,115.15,138.82,5,60,34,479,6.48,pcs,2021-02-15 00:00:00,Active
5600,Britannia Baby Powder,Britannia,Baby Care,Baby Powder,65,366.83,547.62,12,365,114,493,4.35,L,2020-12-30 00:00:00,Active
5601,Fortune Baby Lotion,Fortune,Baby Care,Baby Lotion,267,914.39,1267.64,5,60,70,120,7.38,kg,2022-10-01 00:00:00,Active
5602,Aashirvaad Pet Shampoo,Aashirvaad,Pet Care,Pet Shampoo,21,26.45,40.28,12,180,28,323,8.05,pcs,2022-10-13 00:00:00,Active
5603,ITC Baby Soap,ITC,Baby Care,Baby Soap,300,1525.45,1860.96,0,90,40,339,4.12,g,2026-04-05 00:00:00,Active
5604,Sunfeast Cat Food,Sunfeast,Pet Care,Cat Food,200,1443.47,1957,5,365,68,201,3.95,kg,2024-04-01 00:00:00,Active
5605,Nestle Pet Shampoo,Nestle,Pet Care,Pet Shampoo,308,321.65,423.44,12,365,35,291,4.3,L,2022-01-13 00:00:00,Active
5606,Parle Frying Pan,Parle,Kitchen,Frying Pan,210,408.09,562.26,5,180,24,200,6.29,L,2024-11-19 00:00:00,Active
5607,Tata Cheese,Tata,Dairy,Cheese,122,757.82,890.42,5,365,106,171,1.19,ml,2020-12-15 00:00:00,Active
5608,HUL Rice,HUL,Grocery,Rice,349,822.35,1246.69,12,180,27,428,6.65,L,2025-11-29 00:00:00,Active
5609,Patanjali Detergent,Patanjali,Household,Detergent,188,108.54,135.45,5,365,24,375,0.18,L,2024-03-10 00:00:00,Active
5610,Tata Chips,Tata,Snacks,Chips,447,1636.99,2288.57,0,365,45,347,6.85,g,2023-07-14 00:00:00,Active
5611,Britannia Salt,Britannia,Grocery,Salt,120,901.58,1341.55,18,30,102,259,7.89,g,2021-09-25 00:00:00,Active
5612,Nestle Face Wash,Nestle,Personal Care,Face Wash,331,276.51,418.38,18,365,88,389,6.64,g,2023-09-26 00:00:00,Active
5613,Amul Butter,Amul,Dairy,Butter,366,1489.39,1701.1,5,90,71,173,8.94,kg,2026-06-11 00:00:00,Discontinued
5614,Dabur Soap,Dabur,Personal Care,Soap,26,1312.53,1667.41,0,90,27,132,4.64,ml,2023-08-02 00:00:00,Active
5615,Nestle Pet Shampoo,Nestle,Pet Care,Pet Shampoo,263,316.17,448.04,5,60,36,162,2.83,L,2023-02-19 00:00:00,Active
5616,ITC Biscuits,ITC,Snacks,Biscuits,265,1349.79,1906.67,0,180,42,459,1.21,L,2020-11-09 00:00:00,Active
5617,Tata Cat Food,Tata,Pet Care,Cat Food,426,1177.82,1490.65,0,180,74,127,0.77,L,2022-10-11 00:00:00,Active
5618,Aashirvaad Baby Powder,Aashirvaad,Baby Care,Baby Powder,146,113.21,133.57,5,30,22,243,6.55,kg,2022-03-30 00:00:00,Active
5619,Sunfeast Milk,Sunfeast,Dairy,Milk,487,1725.57,2171.27,5,30,23,399,5.77,kg,2020-07-27 00:00:00,Active
5620,Tata Toothpaste,Tata,Personal Care,Toothpaste,306,237.11,275.44,12,180,62,176,7.85,kg,2022-07-21 00:00:00,Active
5621,Pedigree Energy Drink,Pedigree,Beverages,Energy Drink,412,1460.68,2152.26,5,60,41,435,7.38,g,2023-09-21 00:00:00,Active
5622,Amul Cat Food,Amul,Pet Care,Cat Food,190,1081.62,1475.72,5,90,38,231,6.96,kg,2022-11-14 00:00:00,Active
5623,Aashirvaad Curd,Aashirvaad,Dairy,Curd,348,908.56,1351.16,5,30,67,241,9.23,L,2025-07-02 00:00:00,Discontinued
5624,Mamaearth Hair Oil,Mamaearth,Personal Care,Hair Oil,449,1119.75,1668.69,18,30,46,56,7.62,ml,2025-03-03 00:00:00,Active
5625,Amul Frying Pan,Amul,Kitchen,Frying Pan,425,566.06,863.5,0,30,109,142,8.88,kg,2025-05-21 00:00:00,Active
5626,Britannia Baby Lotion,Britannia,Baby Care,Baby Lotion,3,1068.6,1517.78,18,30,26,412,7.9,pcs,2023-12-11 00:00:00,Active
5627,Godrej Diapers,Godrej,Baby Care,Diapers,305,1693.5,2523.07,18,180,85,62,2.02,pcs,2021-12-21 00:00:00,Active
5628,HUL Butter,HUL,Dairy,Butter,357,1303.4,2007.27,12,365,50,237,3.7,L,2025-04-22 00:00:00,Active
5629,Dettol Bottle,Dettol,Kitchen,Bottle,43,550.06,826.07,18,180,33,213,3.41,L,2020-10-07 00:00:00,Active
5630,HUL Baby Soap,HUL,Baby Care,Baby Soap,399,287.37,410,18,365,69,169,1.16,pcs,2026-03-17 00:00:00,Active
5631,Nivea Paneer,Nivea,Dairy,Paneer,301,1077.62,1401.77,5,60,69,153,2.59,kg,2024-03-03 00:00:00,Active
5632,Amul Baby Powder,Amul,Baby Care,Baby Powder,129,1466.03,1964.97,0,30,64,124,0.8,g,2023-06-22 00:00:00,Active
5633,Surf Excel Atta,Surf Excel,Grocery,Atta,123,1478.76,2276.43,5,60,56,454,4.82,L,2021-06-18 00:00:00,Active
5634,Mamaearth Garbage Bags,Mamaearth,Household,Garbage Bags,359,1114.01,1686.6,18,180,49,364,0.7,kg,2024-11-14 00:00:00,Active
5635,Surf Excel Dog Food,Surf Excel,Pet Care,Dog Food,398,197.44,266.93,12,365,52,69,4.62,L,2021-05-06 00:00:00,Active
5636,Nivea Poha,Nivea,Grocery,Poha,109,648.01,850.6,12,180,99,437,9.37,pcs,2023-06-04 00:00:00,Active
5637,Aashirvaad Diapers,Aashirvaad,Baby Care,Diapers,243,1237.35,1819.92,0,30,62,416,6.96,L,2020-08-11 00:00:00,Active
5638,Britannia Namkeen,Britannia,Snacks,Namkeen,439,1122.47,1694.94,12,90,80,283,8.79,g,2021-06-10 00:00:00,Active
5639,Aashirvaad Suji,Aashirvaad,Grocery,Suji,282,1255.26,1629.9,0,365,93,271,2.81,L,2022-10-17 00:00:00,Active
5640,Britannia Soft Drink,Britannia,Beverages,Soft Drink,212,197.67,261.25,18,30,40,497,7.87,L,2022-10-23 00:00:00,Active
5641,ITC Soap,ITC,Personal Care,Soap,496,675.88,940.56,0,60,109,302,7.28,ml,2023-10-09 00:00:00,Active
5642,Dabur Diapers,Dabur,Baby Care,Diapers,331,107.21,164.61,5,180,36,182,9.58,L,2023-05-05 00:00:00,Active
5643,Mamaearth Coffee,Mamaearth,Grocery,Coffee,241,1719.55,2629.27,12,90,21,282,0.74,g,2021-02-13 00:00:00,Active
5644,Parle Cookies,Parle,Snacks,Cookies,414,791.48,1004.65,12,90,108,373,4.5,L,2025-12-27 00:00:00,Active
5645,Nestle Baby Lotion,Nestle,Baby Care,Baby Lotion,4,305.41,454.04,0,90,73,479,3.27,L,2023-03-19 00:00:00,Active
5646,Godrej Juice,Godrej,Beverages,Juice,143,51.43,75.25,5,365,46,321,4.64,ml,2022-01-14 00:00:00,Active
5647,Tata Pet Shampoo,Tata,Pet Care,Pet Shampoo,181,1096.7,1329.51,5,90,41,149,5.63,L,2026-03-09 00:00:00,Active
5648,Parle Biscuits,Parle,Snacks,Biscuits,381,987.4,1111.23,18,30,24,253,2.09,pcs,2020-10-03 00:00:00,Active
5649,Colgate Cheese,Colgate,Dairy,Cheese,125,947.05,1300.1,5,365,107,410,8.45,L,2025-08-24 00:00:00,Active
5650,Aashirvaad Mineral Water,Aashirvaad,Beverages,Mineral Water,354,1695.19,2262.48,0,60,91,195,0.65,g,2024-10-22 00:00:00,Active
5651,Tata Soap,Tata,Personal Care,Soap,401,1001.52,1349.87,0,90,98,426,9.62,kg,2024-11-23 00:00:00,Active
5652,Dettol Cheese,Dettol,Dairy,Cheese,99,406.21,495.68,12,30,92,218,0.61,ml,2025-05-20 00:00:00,Active
5653,Fortune Soft Drink,Fortune,Beverages,Soft Drink,496,502.94,709.28,5,365,113,365,5.49,g,2026-04-22 00:00:00,Active
5654,Surf Excel Energy Drink,Surf Excel,Beverages,Energy Drink,118,883.68,1243.76,12,365,27,217,8.34,pcs,2022-12-17 00:00:00,Active
5655,Aashirvaad Frying Pan,Aashirvaad,Kitchen,Frying Pan,145,1029.75,1376.39,0,90,98,221,0.76,L,2022-08-11 00:00:00,Active
5656,Fortune Face Wash,Fortune,Personal Care,Face Wash,94,253.03,391.49,18,60,26,69,4.21,ml,2024-10-09 00:00:00,Active
5657,Surf Excel Toor Dal,Surf Excel,Grocery,Toor Dal,72,869.77,1084,0,90,105,326,8.99,pcs,2025-09-16 00:00:00,Active
5658,Fortune Chocolate,Fortune,Snacks,Chocolate,217,1627.89,2012.31,5,60,101,387,4.61,pcs,2022-06-04 00:00:00,Active
5659,Godrej Juice,Godrej,Beverages,Juice,59,1406.94,2050.28,5,30,45,282,4.36,kg,2020-12-08 00:00:00,Active
5660,Nestle Cheese,Nestle,Dairy,Cheese,240,1331.2,1831.42,0,90,78,346,8.96,ml,2024-09-16 00:00:00,Active
5661,Britannia Tea,Britannia,Grocery,Tea,36,1321.06,1756.79,5,180,41,470,8.67,L,2021-06-28 00:00:00,Active
5662,ITC Bottle,ITC,Kitchen,Bottle,77,1798.89,2021.92,5,60,29,109,2.28,pcs,2022-10-31 00:00:00,Active
5663,Sunfeast Cheese,Sunfeast,Dairy,Cheese,242,788.57,893.45,0,365,59,90,6.94,pcs,2026-06-23 00:00:00,Active
5664,Godrej Dog Food,Godrej,Pet Care,Dog Food,175,173.37,224.82,12,90,109,457,2.17,ml,2024-10-23 00:00:00,Active
5665,Britannia Pressure Cooker,Britannia,Kitchen,Pressure Cooker,374,1749.59,2222.32,12,30,66,163,3.01,L,2025-09-05 00:00:00,Active
5666,Nivea Juice,Nivea,Beverages,Juice,372,132.82,151.63,5,90,65,257,3.64,g,2022-05-09 00:00:00,Active
5667,Dabur Cooking Oil,Dabur,Grocery,Cooking Oil,437,707.92,1045.59,12,60,113,165,6.19,g,2024-01-10 00:00:00,Active
5668,Nivea Butter,Nivea,Dairy,Butter,462,1518.85,2127.81,5,180,32,212,1.94,g,2022-10-09 00:00:00,Active
5669,Dabur Pet Shampoo,Dabur,Pet Care,Pet Shampoo,103,1318.93,1993.73,18,30,79,106,3.87,kg,2022-06-27 00:00:00,Active
5670,Aashirvaad Knife,Aashirvaad,Kitchen,Knife,260,953.06,1389.74,0,30,119,233,1.62,L,2024-06-28 00:00:00,Active
5671,Nivea Tissue Paper,Nivea,Household,Tissue Paper,37,392.73,492.32,0,60,103,449,6.34,ml,2021-06-19 00:00:00,Active
5672,Fortune Baby Lotion,Fortune,Baby Care,Baby Lotion,31,1731.82,2160.63,12,180,94,341,4.93,pcs,2025-06-28 00:00:00,Active
5673,Dabur Paneer,Dabur,Dairy,Paneer,319,305.41,435.41,0,30,21,397,4.72,ml,2023-08-16 00:00:00,Active
5674,Tata Chana Dal,Tata,Grocery,Chana Dal,92,1377.51,1683.01,0,30,74,325,7.51,L,2021-12-10 00:00:00,Active
5675,Britannia Soft Drink,Britannia,Beverages,Soft Drink,329,556.3,822.44,12,60,38,192,4.7,kg,2021-06-23 00:00:00,Active
5676,Surf Excel Bottle,Surf Excel,Kitchen,Bottle,39,1767.29,2016.28,5,180,81,120,3.03,kg,2025-07-07 00:00:00,Active
5677,Britannia Soft Drink,Britannia,Beverages,Soft Drink,459,1525.17,2054.39,18,90,38,83,8.82,g,2023-02-18 00:00:00,Active
5678,Sunfeast Toothpaste,Sunfeast,Personal Care,Toothpaste,65,561.93,653.29,0,60,23,338,4.94,L,2021-05-09 00:00:00,Active
5679,Lizol Mineral Water,Lizol,Beverages,Mineral Water,494,218.61,310.83,18,365,117,266,1.45,pcs,2024-09-05 00:00:00,Active
5680,Mamaearth Namkeen,Mamaearth,Snacks,Namkeen,129,1044.73,1446.84,5,60,92,179,5.24,ml,2021-02-18 00:00:00,Active
5681,Nestle Baby Lotion,Nestle,Baby Care,Baby Lotion,239,813.56,932.52,18,90,55,281,8.48,kg,2025-05-30 00:00:00,Active
5682,Surf Excel Butter,Surf Excel,Dairy,Butter,219,233.76,307.82,18,90,112,57,6.73,pcs,2025-02-24 00:00:00,Active
5683,Nestle Pressure Cooker,Nestle,Kitchen,Pressure Cooker,290,328.43,370.51,0,365,103,112,7.05,ml,2026-06-06 00:00:00,Active
5684,Sunfeast Face Wash,Sunfeast,Personal Care,Face Wash,152,619.57,859.76,12,30,91,326,5.61,L,2023-04-08 00:00:00,Active
5685,Dabur Energy Drink,Dabur,Beverages,Energy Drink,105,135.48,198.27,0,90,31,334,7.9,pcs,2024-02-18 00:00:00,Active
5686,Mamaearth Knife,Mamaearth,Kitchen,Knife,365,1389.72,1566.72,12,180,40,78,8.14,pcs,2024-05-29 00:00:00,Active
5687,HUL Bottle,HUL,Kitchen,Bottle,392,262.82,305.63,18,60,57,151,9.82,ml,2023-12-24 00:00:00,Active
5688,Tata Knife,Tata,Kitchen,Knife,49,244.15,299.06,12,90,80,207,9.16,g,2025-11-12 00:00:00,Active
5689,Dettol Dishwash Liquid,Dettol,Household,Dishwash Liquid,432,646.56,790.28,5,90,23,273,9.11,L,2024-11-06 00:00:00,Active
5690,Godrej Cooking Oil,Godrej,Grocery,Cooking Oil,293,1570.99,1927.28,18,365,36,403,7.74,g,2024-05-01 00:00:00,Active
5691,Nestle Biscuits,Nestle,Snacks,Biscuits,382,1393.63,1701.66,18,30,104,167,1.65,g,2024-05-10 00:00:00,Active
5692,Lizol Frying Pan,Lizol,Kitchen,Frying Pan,346,1434.81,2025.36,18,30,27,375,3.59,kg,2021-03-23 00:00:00,Active
5693,Surf Excel Milk,Surf Excel,Dairy,Milk,415,527.73,790.5,18,365,104,403,5.01,ml,2024-12-01 00:00:00,Active
5694,Nivea Biscuits,Nivea,Snacks,Biscuits,248,716.26,1006.9,18,60,71,424,3.03,kg,2026-03-04 00:00:00,Active
5695,Dabur Tissue Paper,Dabur,Household,Tissue Paper,341,1547.25,2075.44,0,90,110,406,2.31,pcs,2021-09-23 00:00:00,Active
5696,Patanjali Shampoo,Patanjali,Personal Care,Shampoo,488,1004.52,1147.96,18,365,31,347,9.89,pcs,2023-01-06 00:00:00,Active
5697,Lizol Pressure Cooker,Lizol,Kitchen,Pressure Cooker,68,549.45,693.14,18,90,101,151,5.01,kg,2023-08-22 00:00:00,Active
5698,Britannia Soap,Britannia,Personal Care,Soap,434,324.31,391.19,18,60,91,243,2.94,kg,2022-01-10 00:00:00,Active
5699,Lizol Namkeen,Lizol,Snacks,Namkeen,283,1178.73,1443.83,5,30,105,164,9.52,ml,2022-12-08 00:00:00,Active
5700,Colgate Salt,Colgate,Grocery,Salt,217,1285.79,1689.14,18,60,95,383,2.29,pcs,2022-05-14 00:00:00,Active
5701,Nivea Atta,Nivea,Grocery,Atta,6,637.37,810.48,12,180,116,182,2.94,ml,2024-11-02 00:00:00,Active
5702,Lizol Juice,Lizol,Beverages,Juice,248,189.05,278.08,12,365,22,457,8.37,ml,2020-08-25 00:00:00,Active
5703,Surf Excel Soft Drink,Surf Excel,Beverages,Soft Drink,248,675.51,824.75,5,180,38,151,0.34,L,2023-12-16 00:00:00,Active
5704,Britannia Baby Powder,Britannia,Baby Care,Baby Powder,198,1269.85,1674.54,18,365,51,112,8.82,L,2025-08-26 00:00:00,Active
5705,Nestle Floor Cleaner,Nestle,Household,Floor Cleaner,190,1693.22,2213.41,5,365,65,249,2.22,L,2025-06-23 00:00:00,Active
5706,Fortune Lunch Box,Fortune,Kitchen,Lunch Box,374,346.8,426.34,12,365,27,352,8.34,g,2021-02-04 00:00:00,Active
5707,Mamaearth Namkeen,Mamaearth,Snacks,Namkeen,449,1398.53,1812.47,12,90,58,337,2.18,L,2025-07-30 00:00:00,Active
5708,Fortune Moong Dal,Fortune,Grocery,Moong Dal,467,617.06,920.86,18,30,28,354,2.33,ml,2023-09-12 00:00:00,Active
5709,Sunfeast Chocolate,Sunfeast,Snacks,Chocolate,387,1779.56,2235.65,18,180,114,325,10,ml,2022-02-16 00:00:00,Active
5710,Nestle Tissue Paper,Nestle,Household,Tissue Paper,263,56.61,65.95,0,180,65,215,8.48,g,2022-08-19 00:00:00,Active
5711,Parle Dog Food,Parle,Pet Care,Dog Food,212,375,462.16,12,60,25,127,0.23,ml,2023-07-02 00:00:00,Active
5712,Colgate Pet Shampoo,Colgate,Pet Care,Pet Shampoo,179,1724.28,2491.66,0,60,58,166,7.68,L,2022-11-20 00:00:00,Active
5713,Sunfeast Pet Shampoo,Sunfeast,Pet Care,Pet Shampoo,362,1348.05,1644.23,18,180,106,176,4.52,ml,2021-09-05 00:00:00,Active
5714,Tata Toor Dal,Tata,Grocery,Toor Dal,397,1773.01,2362.1,18,180,112,378,9.7,L,2024-02-01 00:00:00,Active
5715,Sunfeast Detergent,Sunfeast,Household,Detergent,307,1422.26,2158.07,5,90,30,433,9.43,kg,2023-12-04 00:00:00,Active
5716,Aashirvaad Tissue Paper,Aashirvaad,Household,Tissue Paper,91,1747.34,2559.58,5,180,105,334,1.33,g,2024-02-13 00:00:00,Active
5717,Amul Hair Oil,Amul,Personal Care,Hair Oil,247,1393.15,1719.82,18,365,48,151,5.61,pcs,2021-05-17 00:00:00,Active
5718,Dettol Sugar,Dettol,Grocery,Sugar,489,1015.31,1556.68,5,180,45,483,6.79,kg,2025-10-17 00:00:00,Active
5719,Aashirvaad Curd,Aashirvaad,Dairy,Curd,353,1341.99,1522.68,18,365,60,91,3.07,kg,2021-09-18 00:00:00,Active
5720,Mamaearth Milk,Mamaearth,Dairy,Milk,250,58.57,78.03,5,180,89,213,1.83,g,2021-08-12 00:00:00,Active
5721,Colgate Face Wash,Colgate,Personal Care,Face Wash,273,232.83,294.23,12,365,105,439,4.83,g,2021-10-15 00:00:00,Active
5722,Amul Soap,Amul,Personal Care,Soap,32,942.07,1085.49,12,60,31,135,2.72,ml,2020-10-11 00:00:00,Active
5723,Surf Excel Diapers,Surf Excel,Baby Care,Diapers,315,690.05,1006.62,18,180,57,230,2.1,pcs,2024-09-24 00:00:00,Active
5724,Nestle Soft Drink,Nestle,Beverages,Soft Drink,323,96.58,126.4,12,180,71,62,9.86,kg,2022-05-02 00:00:00,Active
5725,Patanjali Cat Food,Patanjali,Pet Care,Cat Food,296,1166.71,1430.39,18,90,30,188,9.05,kg,2021-01-07 00:00:00,Active
5726,Mamaearth Tissue Paper,Mamaearth,Household,Tissue Paper,235,971.58,1093.96,5,30,98,361,8.48,g,2022-08-31 00:00:00,Active
5727,Parle Detergent,Parle,Household,Detergent,233,16.67,23.1,12,90,59,432,4.06,kg,2025-03-26 00:00:00,Active
5728,Nivea Cat Food,Nivea,Pet Care,Cat Food,51,835.32,1230.09,5,365,22,337,4.64,g,2021-11-27 00:00:00,Active
5729,Patanjali Butter,Patanjali,Dairy,Butter,47,976.79,1125.05,0,365,45,77,1.12,g,2024-06-17 00:00:00,Active
5730,Nivea Namkeen,Nivea,Snacks,Namkeen,168,54.11,79.37,18,30,85,322,4.14,pcs,2026-04-01 00:00:00,Active
5731,Pedigree Soap,Pedigree,Personal Care,Soap,279,1726.78,2038.16,12,30,96,183,2.7,L,2026-03-13 00:00:00,Active
5732,Tata Suji,Tata,Grocery,Suji,87,899.6,1071.89,0,365,45,342,3.29,ml,2025-04-22 00:00:00,Active
5733,Surf Excel Floor Cleaner,Surf Excel,Household,Floor Cleaner,193,1096.84,1317.9,5,90,34,361,3.53,ml,2024-11-04 00:00:00,Active
5734,HUL Lunch Box,HUL,Kitchen,Lunch Box,473,192.02,268.76,5,180,86,244,6.23,pcs,2025-07-06 00:00:00,Active
5735,Mamaearth Diapers,Mamaearth,Baby Care,Diapers,360,701.06,994.32,5,180,108,355,7.31,pcs,2023-10-14 00:00:00,Active
5736,Britannia Frying Pan,Britannia,Kitchen,Frying Pan,379,1319.2,1771.23,18,180,64,123,1.27,ml,2026-01-26 00:00:00,Active
5737,Surf Excel Mineral Water,Surf Excel,Beverages,Mineral Water,194,864.64,1336.68,12,365,23,113,0.61,kg,2021-01-29 00:00:00,Active
5738,Parle Bottle,Parle,Kitchen,Bottle,473,1195.68,1752.76,12,30,114,52,1.65,kg,2024-04-30 00:00:00,Active
5739,Mamaearth Mineral Water,Mamaearth,Beverages,Mineral Water,244,1511.96,1903.45,0,365,48,227,1.43,g,2022-04-13 00:00:00,Active
5740,Nivea Dog Food,Nivea,Pet Care,Dog Food,424,336.69,434.49,0,180,110,405,4.61,ml,2023-10-28 00:00:00,Active
5741,ITC Coffee,ITC,Grocery,Coffee,335,1576.77,2085.58,5,180,32,98,6.22,pcs,2023-09-26 00:00:00,Active
5742,Aashirvaad Coffee,Aashirvaad,Grocery,Coffee,404,1642.1,2335.55,18,365,98,171,7.28,g,2025-09-24 00:00:00,Active
5743,Lizol Energy Drink,Lizol,Beverages,Energy Drink,357,1252.34,1531.97,12,90,112,74,0.91,pcs,2020-12-04 00:00:00,Discontinued
5744,Nestle Dog Food,Nestle,Pet Care,Dog Food,12,139.47,202.38,5,180,41,141,1.22,g,2021-08-25 00:00:00,Active
5745,Nestle Cat Food,Nestle,Pet Care,Cat Food,281,1118.78,1662.65,5,180,51,164,9.87,kg,2025-06-08 00:00:00,Active
5746,Sunfeast Garbage Bags,Sunfeast,Household,Garbage Bags,300,451.27,561.82,5,60,120,121,3.9,ml,2023-01-10 00:00:00,Active
5747,Mamaearth Chocolate,Mamaearth,Snacks,Chocolate,457,1782.8,2565.89,18,60,95,58,8.7,ml,2021-04-27 00:00:00,Active
5748,Patanjali Diapers,Patanjali,Baby Care,Diapers,320,391.38,594.3,0,60,38,320,8.79,kg,2025-02-12 00:00:00,Active
5749,Britannia Energy Drink,Britannia,Beverages,Energy Drink,348,1143.75,1687.92,18,30,99,462,9.78,g,2022-11-13 00:00:00,Active
5750,HUL Butter,HUL,Dairy,Butter,58,1247.3,1530.48,5,60,95,161,2.1,kg,2021-03-13 00:00:00,Active
5751,Godrej Toothpaste,Godrej,Personal Care,Toothpaste,477,1206.89,1818.3,18,90,30,402,7.84,L,2021-10-25 00:00:00,Active
5752,Nivea Bottle,Nivea,Kitchen,Bottle,11,1041.26,1233.81,18,180,111,88,2.32,g,2026-02-04 00:00:00,Active
5753,Amul Energy Drink,Amul,Beverages,Energy Drink,54,1049.16,1573.83,5,90,70,209,2.99,g,2021-02-02 00:00:00,Active
5754,HUL Paneer,HUL,Dairy,Paneer,287,410.49,617.37,5,60,108,118,8.15,ml,2024-04-14 00:00:00,Active
5755,Dabur Atta,Dabur,Grocery,Atta,158,1799.38,2069.92,5,180,58,220,6.05,kg,2023-09-30 00:00:00,Active
5756,Sunfeast Rice,Sunfeast,Grocery,Rice,401,846.36,1280.3,0,60,56,259,5.63,kg,2025-07-31 00:00:00,Active
5757,Tata Chana Dal,Tata,Grocery,Chana Dal,345,721,852.39,18,90,80,121,9.98,ml,2024-12-28 00:00:00,Active
5758,Colgate Soap,Colgate,Personal Care,Soap,226,977.89,1481.49,18,60,81,446,8.78,g,2025-02-13 00:00:00,Active
5759,Britannia Diapers,Britannia,Baby Care,Diapers,374,1775.9,2147.96,12,60,33,325,9.03,kg,2024-11-01 00:00:00,Active
5760,Patanjali Frying Pan,Patanjali,Kitchen,Frying Pan,310,208.95,316.8,5,60,112,305,5.81,pcs,2023-04-30 00:00:00,Active
5761,Parle Mineral Water,Parle,Beverages,Mineral Water,169,1228.57,1862.94,18,180,84,61,9.63,g,2023-01-20 00:00:00,Active
5762,Dettol Namkeen,Dettol,Snacks,Namkeen,452,581.16,747.99,5,365,116,397,7.06,kg,2022-07-06 00:00:00,Active
5763,Sunfeast Salt,Sunfeast,Grocery,Salt,457,226.45,332.81,12,180,100,60,8.28,L,2023-05-25 00:00:00,Active
5764,Mamaearth Atta,Mamaearth,Grocery,Atta,24,1297.57,1643.85,18,60,70,188,8.73,g,2021-10-19 00:00:00,Active
5765,Tata Diapers,Tata,Baby Care,Diapers,185,1443.6,2143.14,5,90,53,90,3.76,ml,2022-05-26 00:00:00,Active
5766,Godrej Energy Drink,Godrej,Beverages,Energy Drink,145,345.33,504.82,5,90,89,351,1.05,pcs,2021-08-28 00:00:00,Active
5767,Colgate Cat Food,Colgate,Pet Care,Cat Food,273,1784.91,2067.88,12,180,107,471,3.81,g,2025-07-12 00:00:00,Active
5768,Amul Butter,Amul,Dairy,Butter,288,1431.16,1716.59,12,365,93,297,5.62,pcs,2020-10-17 00:00:00,Active
5769,Colgate Dog Food,Colgate,Pet Care,Dog Food,183,1380.74,1957.14,5,365,90,120,8.78,pcs,2022-12-23 00:00:00,Active
5770,Patanjali Knife,Patanjali,Kitchen,Knife,340,188.87,227.17,0,60,64,126,0.49,g,2022-04-16 00:00:00,Active
5771,Amul Frying Pan,Amul,Kitchen,Frying Pan,294,532.44,749.78,0,365,81,328,1.82,L,2020-11-02 00:00:00,Active
5772,Amul Diapers,Amul,Baby Care,Diapers,452,1061.99,1625.4,12,30,116,272,0.8,kg,2021-04-25 00:00:00,Active
5773,Dettol Chips,Dettol,Snacks,Chips,370,1667.55,2250.47,0,180,102,144,3.98,ml,2023-04-30 00:00:00,Active
5774,Parle Cat Food,Parle,Pet Care,Cat Food,472,300.97,367.68,5,365,56,205,9.73,ml,2021-05-04 00:00:00,Active
5775,Aashirvaad Pet Shampoo,Aashirvaad,Pet Care,Pet Shampoo,473,553.88,793.49,18,30,107,471,0.92,kg,2021-12-23 00:00:00,Active
5776,ITC Toothpaste,ITC,Personal Care,Toothpaste,63,663.68,798.23,12,90,29,401,6.68,pcs,2024-10-11 00:00:00,Active
5777,HUL Juice,HUL,Beverages,Juice,270,284.76,421.54,0,180,80,463,0.49,pcs,2025-11-23 00:00:00,Active
5778,Nestle Tissue Paper,Nestle,Household,Tissue Paper,250,34.95,40.02,5,180,27,288,9.41,pcs,2021-10-04 00:00:00,Active
5779,Colgate Detergent,Colgate,Household,Detergent,381,1581.02,1968.66,0,180,56,67,9.98,kg,2023-06-19 00:00:00,Active
5780,Tata Toothpaste,Tata,Personal Care,Toothpaste,258,198.91,291.4,5,180,120,121,6.26,g,2026-01-15 00:00:00,Active
5781,Nestle Pressure Cooker,Nestle,Kitchen,Pressure Cooker,222,1522.73,2321.25,12,365,80,133,6.74,pcs,2025-01-08 00:00:00,Active
5782,Pedigree Cookies,Pedigree,Snacks,Cookies,283,589.14,735.85,12,365,33,435,9.65,g,2020-09-09 00:00:00,Active
5783,Mamaearth Cat Food,Mamaearth,Pet Care,Cat Food,131,1047.8,1262.87,12,365,43,449,9.73,pcs,2024-08-03 00:00:00,Active
5784,Nestle Lunch Box,Nestle,Kitchen,Lunch Box,382,724.19,889.81,18,90,75,337,8.88,pcs,2023-04-26 00:00:00,Active
5785,Dabur Chocolate,Dabur,Snacks,Chocolate,209,568.25,831.6,0,180,37,218,4.74,pcs,2022-03-27 00:00:00,Active
5786,ITC Curd,ITC,Dairy,Curd,97,592.89,735.05,18,180,103,266,9.56,kg,2024-11-04 00:00:00,Active
5787,Colgate Baby Lotion,Colgate,Baby Care,Baby Lotion,363,278.37,345.91,12,90,79,371,9.51,ml,2020-10-24 00:00:00,Active
5788,Lizol Dishwash Liquid,Lizol,Household,Dishwash Liquid,274,710.78,975.57,18,90,28,103,6.28,pcs,2024-03-04 00:00:00,Active
5789,HUL Soft Drink,HUL,Beverages,Soft Drink,108,724.51,1088.2,18,30,28,209,9.42,ml,2025-04-08 00:00:00,Active
5790,ITC Cat Food,ITC,Pet Care,Cat Food,140,1042.06,1582.5,12,365,66,406,6.21,kg,2025-06-18 00:00:00,Active
5791,Fortune Cat Food,Fortune,Pet Care,Cat Food,53,165.35,221.33,5,180,52,471,0.39,g,2026-01-02 00:00:00,Active
5792,HUL Chocolate,HUL,Snacks,Chocolate,237,1519.17,1789.58,18,365,109,298,1.99,kg,2022-06-08 00:00:00,Active
5793,Nestle Dog Food,Nestle,Pet Care,Dog Food,418,925.51,1147.61,5,60,104,272,1.01,ml,2023-01-05 00:00:00,Active
5794,Mamaearth Cat Food,Mamaearth,Pet Care,Cat Food,313,1023.33,1427.42,12,90,102,133,1.74,pcs,2021-01-20 00:00:00,Active
5795,Tata Pressure Cooker,Tata,Kitchen,Pressure Cooker,252,575.62,710.05,0,30,110,490,4.22,pcs,2023-02-25 00:00:00,Active
5796,Parle Juice,Parle,Beverages,Juice,67,1462.18,1900.05,0,90,114,259,6.51,g,2024-11-23 00:00:00,Active
5797,Mamaearth Soap,Mamaearth,Personal Care,Soap,279,822.64,973.22,5,180,30,388,1.68,pcs,2021-05-01 00:00:00,Active
5798,Nestle Baby Powder,Nestle,Baby Care,Baby Powder,386,50.04,68.27,18,60,67,203,0.56,ml,2022-06-12 00:00:00,Active
5799,Surf Excel Hair Oil,Surf Excel,Personal Care,Hair Oil,493,1304.83,1935.33,18,365,39,55,2.86,g,2024-05-15 00:00:00,Active
5800,Dettol Curd,Dettol,Dairy,Curd,234,881.33,1029.96,18,90,106,498,8.21,g,2025-05-27 00:00:00,Active
5801,Godrej Frying Pan,Godrej,Kitchen,Frying Pan,286,352.94,477.95,18,60,54,120,4.67,pcs,2023-07-24 00:00:00,Active
5802,Sunfeast Soap,Sunfeast,Personal Care,Soap,170,599.9,686.68,0,365,101,239,2.22,ml,2023-03-02 00:00:00,Active
5803,Tata Dog Food,Tata,Pet Care,Dog Food,282,1105.46,1539.14,18,90,44,409,2.78,ml,2024-06-26 00:00:00,Active
5804,Nivea Soft Drink,Nivea,Beverages,Soft Drink,423,1149.7,1458.17,5,60,37,481,9.93,kg,2026-06-18 00:00:00,Active
5805,Britannia Dog Food,Britannia,Pet Care,Dog Food,425,994.31,1174.78,0,365,54,78,2.22,L,2021-10-05 00:00:00,Active
5806,Tata Cat Food,Tata,Pet Care,Cat Food,406,1775.97,2471.72,5,60,69,276,7.81,g,2023-11-13 00:00:00,Active
5807,Aashirvaad Bottle,Aashirvaad,Kitchen,Bottle,279,503.92,571.4,18,180,101,492,5.3,g,2024-11-13 00:00:00,Active
5808,Nestle Biscuits,Nestle,Snacks,Biscuits,314,1563.04,2239.73,18,180,119,414,4.03,L,2026-04-14 00:00:00,Active
5809,HUL Knife,HUL,Kitchen,Knife,266,650.65,834.85,5,365,41,142,4.52,ml,2022-12-03 00:00:00,Active
5810,Dettol Cat Food,Dettol,Pet Care,Cat Food,417,882.01,1000.43,12,60,94,452,5.11,kg,2026-05-24 00:00:00,Active
5811,Parle Dog Food,Parle,Pet Care,Dog Food,345,393.88,532.46,0,90,74,451,2.39,g,2024-08-27 00:00:00,Active
5812,Tata Atta,Tata,Grocery,Atta,67,1467.51,1880.64,0,90,113,350,8.48,kg,2020-08-04 00:00:00,Active
5813,Colgate Chocolate,Colgate,Snacks,Chocolate,340,1223.04,1469.35,12,30,101,385,5.81,L,2023-12-05 00:00:00,Active
5814,Aashirvaad Namkeen,Aashirvaad,Snacks,Namkeen,170,1227.44,1437.07,0,60,20,142,6.53,kg,2024-11-01 00:00:00,Active
5815,Nivea Chips,Nivea,Snacks,Chips,36,38.35,58.39,5,90,98,129,0.71,kg,2023-09-29 00:00:00,Active
5816,Aashirvaad Shampoo,Aashirvaad,Personal Care,Shampoo,402,1325.77,1823.9,5,30,118,367,5.26,ml,2025-04-15 00:00:00,Active
5817,Patanjali Namkeen,Patanjali,Snacks,Namkeen,358,942.65,1097.68,12,365,59,485,3.68,g,2024-07-12 00:00:00,Active
5818,Fortune Toothpaste,Fortune,Personal Care,Toothpaste,116,1341.56,1928.21,18,30,71,217,4.28,kg,2023-03-03 00:00:00,Active
5819,Pedigree Soap,Pedigree,Personal Care,Soap,351,944.25,1373.23,5,30,77,410,4.78,pcs,2022-06-22 00:00:00,Active
5820,Dabur Chocolate,Dabur,Snacks,Chocolate,383,419.9,592.5,18,180,33,326,3.08,ml,2022-11-19 00:00:00,Active
5821,Parle Dog Food,Parle,Pet Care,Dog Food,338,822.84,1007.63,18,180,112,393,6.34,ml,2026-07-15 00:00:00,Active
5822,Amul Soap,Amul,Personal Care,Soap,480,192.66,258.78,12,180,105,496,6.51,ml,2025-12-05 00:00:00,Active
5823,Tata Floor Cleaner,Tata,Household,Floor Cleaner,492,1035.74,1170.49,0,60,55,482,0.63,L,2020-12-10 00:00:00,Active
5824,Parle Baby Soap,Parle,Baby Care,Baby Soap,178,1583.09,2295.09,18,60,43,401,3.05,ml,2024-07-06 00:00:00,Active
5825,Surf Excel Salt,Surf Excel,Grocery,Salt,322,957.21,1101.02,12,60,78,102,0.7,L,2023-06-26 00:00:00,Active
5826,Dabur Garbage Bags,Dabur,Household,Garbage Bags,382,693.02,952.53,0,30,113,282,3.22,ml,2023-07-03 00:00:00,Active
5827,Parle Cat Food,Parle,Pet Care,Cat Food,260,302.26,348.15,0,180,72,302,4.49,L,2024-10-22 00:00:00,Active
5828,Mamaearth Cheese,Mamaearth,Dairy,Cheese,321,1763.56,1983.77,0,180,45,403,6.72,ml,2024-10-26 00:00:00,Active
5829,Colgate Shampoo,Colgate,Personal Care,Shampoo,475,1584.62,2450.94,5,180,30,330,8.58,kg,2021-08-14 00:00:00,Discontinued
5830,Pedigree Dishwash Liquid,Pedigree,Household,Dishwash Liquid,187,1611.03,2304.89,18,60,79,124,5.54,pcs,2023-10-25 00:00:00,Active
5831,Nestle Bottle,Nestle,Kitchen,Bottle,195,1306.94,1944.47,5,60,85,68,1.66,ml,2023-05-28 00:00:00,Active
5832,ITC Face Wash,ITC,Personal Care,Face Wash,248,1009.57,1331.38,0,180,117,192,0.82,kg,2022-02-27 00:00:00,Active
5833,Godrej Baby Lotion,Godrej,Baby Care,Baby Lotion,297,1592.82,2245.04,0,60,95,388,9.1,ml,2021-01-13 00:00:00,Active
5834,Surf Excel Biscuits,Surf Excel,Snacks,Biscuits,86,67.7,97.28,18,365,85,52,7.87,kg,2026-01-05 00:00:00,Active
5835,Parle Face Wash,Parle,Personal Care,Face Wash,290,1349.32,1535.8,18,180,51,325,7.29,ml,2025-09-22 00:00:00,Active
5836,Pedigree Detergent,Pedigree,Household,Detergent,419,784.51,949.43,18,180,23,174,8.74,g,2025-11-28 00:00:00,Active
5837,HUL Paneer,HUL,Dairy,Paneer,489,1691.55,2066.81,18,90,20,225,8.91,kg,2020-10-13 00:00:00,Active
5838,Sunfeast Soft Drink,Sunfeast,Beverages,Soft Drink,19,1374.5,2056.01,0,90,74,477,8.35,kg,2021-11-25 00:00:00,Active
5839,Nivea Cheese,Nivea,Dairy,Cheese,95,936.45,1408.42,18,30,50,131,7.44,g,2026-05-29 00:00:00,Active
5840,ITC Frying Pan,ITC,Kitchen,Frying Pan,455,437.45,497.28,5,180,54,226,3.75,ml,2021-08-10 00:00:00,Active
5841,Amul Mineral Water,Amul,Beverages,Mineral Water,67,971.99,1327.3,18,90,84,452,8.48,pcs,2021-06-25 00:00:00,Active
5842,Tata Cat Food,Tata,Pet Care,Cat Food,232,1073.25,1619.12,5,60,79,393,8.85,kg,2023-06-14 00:00:00,Active
5843,Sunfeast Cookies,Sunfeast,Snacks,Cookies,248,842.01,1164.73,18,60,51,292,1.29,kg,2026-04-28 00:00:00,Active
5844,Dettol Detergent,Dettol,Household,Detergent,466,69.8,94.75,0,180,60,77,5.33,kg,2021-06-24 00:00:00,Active
5845,Sunfeast Energy Drink,Sunfeast,Beverages,Energy Drink,148,136.89,172.57,5,365,33,269,5.85,L,2022-04-21 00:00:00,Active
5846,Aashirvaad Bottle,Aashirvaad,Kitchen,Bottle,325,627.75,746.87,18,60,55,189,6.43,ml,2024-02-18 00:00:00,Active
5847,Mamaearth Energy Drink,Mamaearth,Beverages,Energy Drink,18,1243.97,1464.35,0,90,86,125,9.96,pcs,2024-05-19 00:00:00,Active
5848,Dabur Pet Shampoo,Dabur,Pet Care,Pet Shampoo,449,670.39,915.93,18,365,72,391,3.28,ml,2024-09-01 00:00:00,Active
5849,Sunfeast Milk,Sunfeast,Dairy,Milk,482,631.5,850.14,18,90,32,91,3.53,kg,2026-01-30 00:00:00,Active
5850,Nivea Dishwash Liquid,Nivea,Household,Dishwash Liquid,347,198.71,295.23,0,30,73,254,6.58,L,2021-04-14 00:00:00,Active
5851,Dabur Cat Food,Dabur,Pet Care,Cat Food,224,1156.58,1388.77,0,30,88,456,2.81,g,2023-04-23 00:00:00,Active
5852,Colgate Suji,Colgate,Grocery,Suji,309,1757.37,2512.86,5,180,87,120,7.81,g,2023-09-16 00:00:00,Active
5853,Pedigree Milk,Pedigree,Dairy,Milk,256,1227.51,1757.68,18,60,28,345,1.09,ml,2021-01-29 00:00:00,Active
5854,Pedigree Suji,Pedigree,Grocery,Suji,47,1595.38,2083.21,18,365,25,65,2.77,ml,2021-10-30 00:00:00,Active
5855,Aashirvaad Floor Cleaner,Aashirvaad,Household,Floor Cleaner,11,857.09,1205.37,5,90,85,280,8.78,ml,2024-04-04 00:00:00,Active
5856,Britannia Chips,Britannia,Snacks,Chips,168,1193.59,1517.15,12,30,103,105,7.52,ml,2021-01-12 00:00:00,Active
5857,Aashirvaad Rice,Aashirvaad,Grocery,Rice,393,1675.78,2301.59,12,60,48,117,3.62,L,2023-09-22 00:00:00,Active
5858,Godrej Soft Drink,Godrej,Beverages,Soft Drink,108,1102.35,1559.94,5,30,42,396,3.09,kg,2023-10-01 00:00:00,Active
5859,HUL Knife,HUL,Kitchen,Knife,323,1250.9,1518.29,0,60,37,121,9.82,ml,2022-08-28 00:00:00,Active
5860,Lizol Toor Dal,Lizol,Grocery,Toor Dal,255,1706.87,2105.2,5,30,97,374,7.24,kg,2023-01-22 00:00:00,Active
5861,Dettol Suji,Dettol,Grocery,Suji,7,1638.27,2342.89,18,180,68,296,5.32,L,2024-12-17 00:00:00,Active
5862,Patanjali Mineral Water,Patanjali,Beverages,Mineral Water,398,1316.49,1672.97,18,365,58,162,4.61,kg,2023-11-06 00:00:00,Active
5863,Patanjali Pressure Cooker,Patanjali,Kitchen,Pressure Cooker,445,368.06,567.86,0,60,70,158,4.86,L,2025-06-01 00:00:00,Active
5864,Britannia Moong Dal,Britannia,Grocery,Moong Dal,476,408.94,626.32,12,30,120,457,1.22,g,2024-05-21 00:00:00,Active
5865,Fortune Pet Shampoo,Fortune,Pet Care,Pet Shampoo,471,1765.14,2245.56,18,60,72,465,8.71,L,2026-06-22 00:00:00,Active
5866,HUL Juice,HUL,Beverages,Juice,414,492.29,689,18,30,41,275,8.37,g,2023-07-20 00:00:00,Active
5867,Dettol Baby Powder,Dettol,Baby Care,Baby Powder,14,255.9,343.56,5,60,97,204,7.48,kg,2024-07-04 00:00:00,Active
5868,ITC Cat Food,ITC,Pet Care,Cat Food,399,1526.6,1755.57,5,365,50,359,6.34,L,2024-05-07 00:00:00,Discontinued
5869,Colgate Baby Soap,Colgate,Baby Care,Baby Soap,291,850.11,1258.92,12,180,55,429,3.61,pcs,2025-10-28 00:00:00,Active
5870,Patanjali Dog Food,Patanjali,Pet Care,Dog Food,83,1579.18,1794.29,5,365,57,202,1.82,g,2020-10-20 00:00:00,Active
5871,Patanjali Bottle,Patanjali,Kitchen,Bottle,125,403.36,467.95,5,30,27,381,0.6,g,2024-11-23 00:00:00,Active
5872,Patanjali Baby Lotion,Patanjali,Baby Care,Baby Lotion,102,66.56,78.24,0,365,63,495,5.09,g,2020-12-05 00:00:00,Active
5873,Tata Cooking Oil,Tata,Grocery,Cooking Oil,356,288.46,325.54,5,90,65,251,5.98,kg,2025-09-24 00:00:00,Active
5874,Colgate Baby Lotion,Colgate,Baby Care,Baby Lotion,327,1275.79,1551.12,0,90,50,319,4.85,L,2025-12-24 00:00:00,Active
5875,Tata Juice,Tata,Beverages,Juice,215,421.93,536.45,5,180,72,170,0.24,pcs,2025-11-12 00:00:00,Discontinued
5876,HUL Cat Food,HUL,Pet Care,Cat Food,167,1675.55,2333.82,5,180,104,175,6.11,ml,2021-03-29 00:00:00,Active
5877,Nivea Hair Oil,Nivea,Personal Care,Hair Oil,49,173.29,264.77,12,60,21,168,9.72,L,2023-12-22 00:00:00,Active
5878,Fortune Soap,Fortune,Personal Care,Soap,15,458.06,677.69,0,60,95,320,5.65,pcs,2023-10-20 00:00:00,Active
5879,Patanjali Floor Cleaner,Patanjali,Household,Floor Cleaner,264,1301.28,1715.92,12,60,88,194,0.22,pcs,2025-07-31 00:00:00,Active
5880,Tata Frying Pan,Tata,Kitchen,Frying Pan,5,749.69,911.14,5,365,119,221,1.57,g,2022-03-10 00:00:00,Active
5881,ITC Toor Dal,ITC,Grocery,Toor Dal,456,736.37,1120.26,12,30,67,230,5.72,ml,2022-06-07 00:00:00,Active
5882,Patanjali Dog Food,Patanjali,Pet Care,Dog Food,62,1567.67,1847.08,18,30,50,364,3.73,kg,2025-02-20 00:00:00,Active
5883,Nivea Frying Pan,Nivea,Kitchen,Frying Pan,119,937.43,1116.29,12,365,53,54,1.44,kg,2021-02-03 00:00:00,Active
5884,Colgate Pressure Cooker,Colgate,Kitchen,Pressure Cooker,322,999.96,1217.77,18,60,107,414,9.71,g,2023-06-06 00:00:00,Active
5885,Dabur Face Wash,Dabur,Personal Care,Face Wash,211,1722.08,2175.73,0,90,105,301,6.6,g,2025-09-08 00:00:00,Active
5886,Tata Mineral Water,Tata,Beverages,Mineral Water,68,1533.68,2361.33,18,90,108,331,3.04,pcs,2026-04-25 00:00:00,Active
5887,Tata Dog Food,Tata,Pet Care,Dog Food,449,1048.63,1294.14,12,180,32,280,2.31,g,2024-08-23 00:00:00,Active
5888,Fortune Baby Soap,Fortune,Baby Care,Baby Soap,217,904.73,1278.2,18,90,20,361,7.43,g,2025-07-16 00:00:00,Active
5889,Dettol Chocolate,Dettol,Snacks,Chocolate,372,1651.53,1888.49,18,30,33,63,4.35,L,2020-09-26 00:00:00,Active
5890,Parle Biscuits,Parle,Snacks,Biscuits,261,1705.19,2403.44,18,365,99,462,6.31,pcs,2021-05-08 00:00:00,Active
5891,Nivea Tea,Nivea,Grocery,Tea,146,1684,2587.62,12,365,101,359,3.18,L,2025-04-18 00:00:00,Active
5892,Godrej Curd,Godrej,Dairy,Curd,74,1791.61,2141.04,18,30,74,442,6.24,g,2023-05-01 00:00:00,Active
5893,Lizol Chips,Lizol,Snacks,Chips,320,1285.75,1850.18,12,60,108,89,5.63,ml,2025-09-19 00:00:00,Active
5894,Mamaearth Biscuits,Mamaearth,Snacks,Biscuits,369,740.72,932.52,18,180,110,239,5.89,pcs,2020-08-19 00:00:00,Active
5895,Lizol Pet Shampoo,Lizol,Pet Care,Pet Shampoo,179,1485.32,2085.2,12,365,112,277,9.26,kg,2024-03-13 00:00:00,Active
5896,Parle Pet Shampoo,Parle,Pet Care,Pet Shampoo,59,518.8,696.77,18,30,75,151,2.25,pcs,2025-12-22 00:00:00,Active
5897,Parle Face Wash,Parle,Personal Care,Face Wash,227,1279.75,1855.7,5,60,69,432,5.24,g,2025-09-26 00:00:00,Active
5898,HUL Garbage Bags,HUL,Household,Garbage Bags,355,727.1,829.17,18,60,25,407,9.75,g,2021-02-06 00:00:00,Active
5899,Amul Knife,Amul,Kitchen,Knife,301,874.67,1216.26,12,365,72,142,7.44,L,2023-08-18 00:00:00,Active
5900,Godrej Soft Drink,Godrej,Beverages,Soft Drink,56,628.24,952.36,5,60,106,469,0.82,kg,2021-08-02 00:00:00,Active
5901,Surf Excel Paneer,Surf Excel,Dairy,Paneer,131,279.52,415.25,12,30,52,162,3.13,pcs,2023-08-11 00:00:00,Active
5902,Britannia Detergent,Britannia,Household,Detergent,485,956.07,1369.64,5,30,64,85,0.69,L,2021-12-03 00:00:00,Active
5903,Mamaearth Paneer,Mamaearth,Dairy,Paneer,400,556.56,862.62,5,365,44,194,5.84,g,2025-09-08 00:00:00,Active
5904,Dettol Floor Cleaner,Dettol,Household,Floor Cleaner,247,123.36,138.74,0,90,96,476,4.84,L,2024-02-27 00:00:00,Active
5905,Lizol Baby Lotion,Lizol,Baby Care,Baby Lotion,121,1592.97,2224.64,5,90,42,143,2.34,kg,2025-05-11 00:00:00,Discontinued
5906,Parle Pet Shampoo,Parle,Pet Care,Pet Shampoo,491,1376.81,1984.57,0,180,27,68,3.71,L,2024-06-27 00:00:00,Active
5907,Pedigree Baby Lotion,Pedigree,Baby Care,Baby Lotion,242,57.9,68.81,0,180,41,480,0.48,pcs,2022-11-20 00:00:00,Active
5908,Dettol Sugar,Dettol,Grocery,Sugar,295,1398.69,1953.26,12,60,31,229,1.78,kg,2022-08-05 00:00:00,Active
5909,Lizol Dog Food,Lizol,Pet Care,Dog Food,370,1772.13,2605.52,5,90,103,255,6.98,kg,2024-07-17 00:00:00,Active
5910,Nivea Energy Drink,Nivea,Beverages,Energy Drink,343,984.07,1270.83,18,90,102,59,2.92,L,2022-01-24 00:00:00,Active
5911,Colgate Baby Lotion,Colgate,Baby Care,Baby Lotion,180,1676.1,1992.56,5,180,116,373,6.63,ml,2023-01-25 00:00:00,Active
5912,ITC Chocolate,ITC,Snacks,Chocolate,241,958.53,1468.74,0,30,108,153,9.16,ml,2023-02-03 00:00:00,Active
5913,Nestle Shampoo,Nestle,Personal Care,Shampoo,48,429.9,657.03,5,180,115,76,4.42,L,2022-06-25 00:00:00,Active
5914,Patanjali Pet Shampoo,Patanjali,Pet Care,Pet Shampoo,336,1616.18,2207.06,0,90,94,292,6.11,kg,2021-07-30 00:00:00,Active
5915,Patanjali Suji,Patanjali,Grocery,Suji,312,417.87,553.31,0,180,29,312,3.42,kg,2021-02-05 00:00:00,Active
5916,Dettol Cat Food,Dettol,Pet Care,Cat Food,145,108.45,141.46,0,365,46,438,0.39,L,2022-09-05 00:00:00,Active
5917,Fortune Baby Lotion,Fortune,Baby Care,Baby Lotion,380,1732.63,2226.05,5,180,22,72,3.51,g,2025-01-28 00:00:00,Active
5918,Lizol Mineral Water,Lizol,Beverages,Mineral Water,258,516.21,759.45,12,30,76,207,2.73,L,2021-12-01 00:00:00,Active
5919,Aashirvaad Soft Drink,Aashirvaad,Beverages,Soft Drink,126,980.64,1174.64,12,90,38,250,2.36,g,2022-04-14 00:00:00,Active
5920,Nestle Chana Dal,Nestle,Grocery,Chana Dal,263,899.11,1245.81,0,90,117,156,5.39,kg,2023-04-13 00:00:00,Active
5921,Patanjali Chana Dal,Patanjali,Grocery,Chana Dal,306,207.12,260.04,12,30,79,450,4.09,L,2022-03-14 00:00:00,Active
5922,Colgate Hair Oil,Colgate,Personal Care,Hair Oil,338,918.29,1073.03,18,365,27,296,9.4,g,2025-05-16 00:00:00,Discontinued
5923,Nestle Soft Drink,Nestle,Beverages,Soft Drink,24,116.54,139.63,0,30,55,358,7.24,pcs,2022-03-15 00:00:00,Active
5924,Amul Baby Soap,Amul,Baby Care,Baby Soap,262,1039.53,1568.2,12,180,99,148,6.18,g,2024-06-07 00:00:00,Active
5925,Pedigree Face Wash,Pedigree,Personal Care,Face Wash,325,34.94,54.13,0,30,98,268,0.45,g,2021-12-31 00:00:00,Active
5926,Patanjali Biscuits,Patanjali,Snacks,Biscuits,94,1001.53,1426.26,5,90,47,284,3.24,ml,2022-11-06 00:00:00,Discontinued
5927,Britannia Pet Shampoo,Britannia,Pet Care,Pet Shampoo,327,609.76,717.56,12,30,103,83,9.5,pcs,2023-04-11 00:00:00,Active
5928,Pedigree Chana Dal,Pedigree,Grocery,Chana Dal,424,731.55,1091.59,18,180,71,299,9.43,ml,2022-03-31 00:00:00,Active
5929,Nestle Lunch Box,Nestle,Kitchen,Lunch Box,321,353.61,397.55,12,365,46,358,5.01,kg,2021-10-11 00:00:00,Active
5930,Patanjali Diapers,Patanjali,Baby Care,Diapers,261,247.16,312.38,18,90,76,208,5.06,pcs,2021-01-12 00:00:00,Active
5931,Dettol Energy Drink,Dettol,Beverages,Energy Drink,221,1541.03,2149.36,0,365,109,484,7.5,L,2025-10-15 00:00:00,Active
5932,Fortune Juice,Fortune,Beverages,Juice,449,1171.88,1442.2,0,30,65,485,2.12,L,2020-10-06 00:00:00,Active
5933,Tata Rice,Tata,Grocery,Rice,344,1253.1,1516.62,5,90,108,327,3.28,pcs,2023-10-01 00:00:00,Active
5934,Aashirvaad Cookies,Aashirvaad,Snacks,Cookies,470,724.79,897.59,0,180,86,204,2.26,ml,2021-03-13 00:00:00,Active
5935,Patanjali Cheese,Patanjali,Dairy,Cheese,348,348.65,444.3,0,180,96,231,6.99,g,2026-04-01 00:00:00,Active
5936,Godrej Floor Cleaner,Godrej,Household,Floor Cleaner,424,1218.51,1578,5,180,26,183,7.62,g,2024-09-09 00:00:00,Active
5937,Amul Toor Dal,Amul,Grocery,Toor Dal,472,138.09,209.92,12,365,93,310,0.89,pcs,2024-05-20 00:00:00,Active
5938,Godrej Soft Drink,Godrej,Beverages,Soft Drink,404,1470.74,1841.7,12,180,111,209,8.29,L,2024-09-25 00:00:00,Active
5939,Tata Garbage Bags,Tata,Household,Garbage Bags,80,1140.14,1354.26,18,365,62,122,5.88,g,2022-11-02 00:00:00,Active
5940,Nestle Knife,Nestle,Kitchen,Knife,276,1753.68,2292.33,18,365,64,119,1.08,kg,2021-01-09 00:00:00,Active
5941,Aashirvaad Dog Food,Aashirvaad,Pet Care,Dog Food,94,1079.85,1244.9,12,180,22,380,7.66,L,2025-01-07 00:00:00,Active
5942,Surf Excel Paneer,Surf Excel,Dairy,Paneer,108,270.7,335.69,0,60,63,364,3.31,pcs,2026-04-24 00:00:00,Active
5943,Patanjali Tissue Paper,Patanjali,Household,Tissue Paper,251,1075.29,1306.11,12,60,101,254,0.17,L,2020-08-09 00:00:00,Active
5944,Dabur Namkeen,Dabur,Snacks,Namkeen,435,1373.22,1759.27,0,90,117,396,9.61,g,2023-06-01 00:00:00,Active
5945,Mamaearth Floor Cleaner,Mamaearth,Household,Floor Cleaner,412,1475.95,2254.14,12,180,97,480,1.3,g,2021-09-02 00:00:00,Active
5946,HUL Dog Food,HUL,Pet Care,Dog Food,286,792.15,1052.72,5,180,44,249,2.28,kg,2023-04-05 00:00:00,Active
5947,Lizol Namkeen,Lizol,Snacks,Namkeen,368,1758.77,2323.86,0,30,88,204,2.82,ml,2024-02-27 00:00:00,Active
5948,Parle Moong Dal,Parle,Grocery,Moong Dal,146,1040.39,1408.02,12,30,92,61,0.7,g,2024-12-05 00:00:00,Active
5949,Dettol Garbage Bags,Dettol,Household,Garbage Bags,238,926.26,1166.47,5,30,47,61,1.87,kg,2021-08-25 00:00:00,Active
5950,Tata Dog Food,Tata,Pet Care,Dog Food,188,553.15,823.46,5,60,107,398,2.6,kg,2025-02-14 00:00:00,Active
5951,Godrej Butter,Godrej,Dairy,Butter,351,1750.68,2590.97,18,365,113,234,6.68,ml,2025-07-02 00:00:00,Active
5952,Lizol Soft Drink,Lizol,Beverages,Soft Drink,181,138.28,186.75,12,30,22,116,7.13,kg,2024-01-30 00:00:00,Active
5953,Aashirvaad Face Wash,Aashirvaad,Personal Care,Face Wash,289,479.4,721.06,5,60,41,497,9.16,ml,2024-01-22 00:00:00,Active
5954,Dabur Paneer,Dabur,Dairy,Paneer,41,1236.69,1842.33,0,180,81,358,9.25,ml,2022-05-26 00:00:00,Active
5955,Dettol Toor Dal,Dettol,Grocery,Toor Dal,441,1157.07,1311.7,18,60,37,215,8.16,kg,2023-08-21 00:00:00,Active
5956,Aashirvaad Cat Food,Aashirvaad,Pet Care,Cat Food,145,1106.15,1460,0,365,42,151,8.49,g,2022-11-10 00:00:00,Active
5957,Fortune Suji,Fortune,Grocery,Suji,238,1159.65,1540.56,0,180,75,76,7.3,ml,2024-07-22 00:00:00,Active
5958,Lizol Floor Cleaner,Lizol,Household,Floor Cleaner,407,382.16,567.13,5,30,113,98,1.68,L,2021-06-26 00:00:00,Active
5959,ITC Biscuits,ITC,Snacks,Biscuits,230,934.99,1287.53,0,30,75,129,6.87,L,2023-07-18 00:00:00,Active
5960,Pedigree Butter,Pedigree,Dairy,Butter,251,1697.26,1961.05,0,60,53,65,8.27,L,2022-07-11 00:00:00,Active
5961,HUL Bottle,HUL,Kitchen,Bottle,410,232.49,331.74,5,180,101,199,2.5,g,2020-12-08 00:00:00,Active
5962,Nestle Cheese,Nestle,Dairy,Cheese,143,1235.36,1585.53,12,365,55,326,0.34,g,2024-05-19 00:00:00,Active
5963,Lizol Floor Cleaner,Lizol,Household,Floor Cleaner,325,1109.86,1481.88,18,30,77,130,3.6,pcs,2021-01-25 00:00:00,Active
5964,Parle Juice,Parle,Beverages,Juice,281,104.61,135.94,5,60,21,214,2.23,pcs,2024-02-12 00:00:00,Active
5965,Nestle Chocolate,Nestle,Snacks,Chocolate,264,383.75,524.34,12,180,60,493,1.58,g,2023-06-01 00:00:00,Active
5966,Britannia Baby Lotion,Britannia,Baby Care,Baby Lotion,61,389.52,462.3,18,60,20,441,3.26,kg,2022-10-09 00:00:00,Active
5967,ITC Dishwash Liquid,ITC,Household,Dishwash Liquid,387,447.41,670.37,18,60,97,202,1.88,ml,2022-05-26 00:00:00,Active
5968,Amul Cat Food,Amul,Pet Care,Cat Food,173,862.76,1047.44,18,60,29,232,3.66,g,2021-01-14 00:00:00,Active
5969,Nestle Shampoo,Nestle,Personal Care,Shampoo,300,727.95,1104.42,12,180,65,468,5.72,L,2020-10-02 00:00:00,Active
5970,Aashirvaad Toor Dal,Aashirvaad,Grocery,Toor Dal,223,486.61,665.2,12,90,112,492,5.02,g,2025-01-24 00:00:00,Active
5971,Pedigree Soap,Pedigree,Personal Care,Soap,219,910.69,1171.56,18,30,104,105,8.68,ml,2025-08-20 00:00:00,Active
5972,Godrej Cooking Oil,Godrej,Grocery,Cooking Oil,311,1108.98,1605.24,0,30,73,96,5.55,g,2023-07-08 00:00:00,Active
5973,Tata Juice,Tata,Beverages,Juice,237,674.81,1017.05,12,60,34,500,4.17,L,2025-09-16 00:00:00,Active
5974,Godrej Cookies,Godrej,Snacks,Cookies,463,552.66,804.53,0,180,75,215,3.13,pcs,2023-05-28 00:00:00,Discontinued
5975,Nestle Frying Pan,Nestle,Kitchen,Frying Pan,320,1438.46,2101.6,5,365,88,349,4.72,L,2021-10-10 00:00:00,Active
5976,Parle Paneer,Parle,Dairy,Paneer,11,584.63,835.2,18,90,38,131,1.23,kg,2023-03-15 00:00:00,Active
5977,Patanjali Pet Shampoo,Patanjali,Pet Care,Pet Shampoo,55,1439.59,1619.87,12,90,43,173,1.85,g,2023-04-27 00:00:00,Active
5978,Parle Paneer,Parle,Dairy,Paneer,386,1153.23,1308.4,0,180,95,158,7.21,L,2025-06-30 00:00:00,Active
5979,Amul Shampoo,Amul,Personal Care,Shampoo,262,1581.11,1818.96,12,180,75,55,6.11,g,2025-12-23 00:00:00,Active
5980,Pedigree Paneer,Pedigree,Dairy,Paneer,473,105.67,127.81,5,30,51,341,2.03,ml,2023-12-30 00:00:00,Active
5981,Parle Tissue Paper,Parle,Household,Tissue Paper,231,1320.2,1508.56,5,30,29,234,8.39,ml,2023-11-29 00:00:00,Active
5982,HUL Baby Powder,HUL,Baby Care,Baby Powder,273,912.56,1189.8,5,180,49,63,7.9,ml,2024-07-02 00:00:00,Active
5983,Patanjali Pressure Cooker,Patanjali,Kitchen,Pressure Cooker,111,76.42,111.56,18,365,117,439,2.82,ml,2023-01-23 00:00:00,Active
5984,Tata Soap,Tata,Personal Care,Soap,191,541.32,721.05,0,90,116,389,4.08,pcs,2024-12-23 00:00:00,Active
5985,Pedigree Biscuits,Pedigree,Snacks,Biscuits,415,1482.4,1706.34,0,60,84,498,6.32,pcs,2021-12-17 00:00:00,Active
5986,Lizol Butter,Lizol,Dairy,Butter,432,1260.35,1455.01,5,180,79,380,9.62,kg,2021-02-15 00:00:00,Active
5987,Lizol Tissue Paper,Lizol,Household,Tissue Paper,288,940.97,1440.12,18,180,75,112,1.63,ml,2025-06-29 00:00:00,Active
5988,Fortune Toothpaste,Fortune,Personal Care,Toothpaste,185,208.43,308.56,18,90,47,482,7.99,ml,2023-01-25 00:00:00,Active
5989,Surf Excel Garbage Bags,Surf Excel,Household,Garbage Bags,39,342.89,522.6,5,60,88,453,9.49,pcs,2023-07-16 00:00:00,Active
5990,Pedigree Curd,Pedigree,Dairy,Curd,140,1240.31,1576.75,12,90,77,146,3.31,ml,2025-02-11 00:00:00,Active
5991,Fortune Dog Food,Fortune,Pet Care,Dog Food,43,1533.38,2329.36,5,30,25,185,4.37,L,2021-08-30 00:00:00,Active
5992,Godrej Soap,Godrej,Personal Care,Soap,144,650.15,798.43,5,30,101,141,5.79,g,2025-06-11 00:00:00,Active
5993,Aashirvaad Namkeen,Aashirvaad,Snacks,Namkeen,131,192.05,277.59,18,60,93,348,1.4,g,2023-12-28 00:00:00,Active
5994,Britannia Poha,Britannia,Grocery,Poha,112,1084.31,1270.95,0,60,38,129,4.46,ml,2020-11-18 00:00:00,Active
5995,Parle Bottle,Parle,Kitchen,Bottle,466,634.65,733.84,18,90,43,130,2.46,pcs,2022-09-10 00:00:00,Active
5996,Patanjali Juice,Patanjali,Beverages,Juice,252,320.81,425.88,0,60,57,64,6.27,kg,2024-09-28 00:00:00,Active
5997,Godrej Pressure Cooker,Godrej,Kitchen,Pressure Cooker,118,1490.64,1906.32,18,60,101,446,4.45,L,2024-07-01 00:00:00,Active
5998,Dettol Cheese,Dettol,Dairy,Cheese,284,353.34,468.49,12,60,95,295,4.38,g,2025-07-08 00:00:00,Active
5999,Sunfeast Bottle,Sunfeast,Kitchen,Bottle,79,996.65,1169.5,18,30,82,403,9.3,L,2025-10-25 00:00:00,Active
6000,Dettol Baby Powder,Dettol,Baby Care,Baby Powder,337,1267.78,1574.37,0,30,48,367,8.52,ml,2026-03-08 00:00:00,Active
6001,ITC Chocolate,ITC,Snacks,Chocolate,52,208.3,242.8,18,30,58,60,2.97,ml,2023-11-13 00:00:00,Active
6002,Lizol Dog Food,Lizol,Pet Care,Dog Food,70,549.16,626.7,0,180,113,51,1.37,ml,2022-09-28 00:00:00,Active
6003,ITC Dog Food,ITC,Pet Care,Dog Food,64,757.99,923.1,18,60,94,211,5.19,kg,2021-06-09 00:00:00,Active
6004,Nestle Cat Food,Nestle,Pet Care,Cat Food,254,1053.55,1477.42,18,180,115,181,0.76,ml,2022-06-20 00:00:00,Active
6005,Godrej Chana Dal,Godrej,Grocery,Chana Dal,349,993.45,1485.98,12,90,54,390,1.45,L,2024-05-08 00:00:00,Active
6006,Surf Excel Hair Oil,Surf Excel,Personal Care,Hair Oil,182,927.38,1154.88,5,365,74,336,9.89,L,2026-06-11 00:00:00,Active
6007,Aashirvaad Namkeen,Aashirvaad,Snacks,Namkeen,213,1593.8,2123.24,18,180,50,105,3.5,g,2024-11-04 00:00:00,Active
6008,Dettol Soap,Dettol,Personal Care,Soap,466,1496.15,2314.16,5,30,30,127,3.86,pcs,2025-06-22 00:00:00,Active
6009,Surf Excel Lunch Box,Surf Excel,Kitchen,Lunch Box,201,675.83,1003.2,5,90,61,319,6.79,ml,2021-06-29 00:00:00,Active
6010,ITC Cat Food,ITC,Pet Care,Cat Food,498,17.31,22.12,18,365,115,333,1.92,g,2022-03-25 00:00:00,Active
6011,Patanjali Shampoo,Patanjali,Personal Care,Shampoo,448,656.82,787.84,18,30,22,219,1.44,kg,2025-07-01 00:00:00,Active
6012,Lizol Baby Powder,Lizol,Baby Care,Baby Powder,168,1658.67,2466.23,18,30,84,144,1.08,L,2023-03-12 00:00:00,Active
6013,Surf Excel Bottle,Surf Excel,Kitchen,Bottle,59,849.02,1007.47,12,90,79,109,8.04,kg,2025-12-04 00:00:00,Active
6014,Lizol Baby Powder,Lizol,Baby Care,Baby Powder,124,682.9,950.03,5,30,23,265,1.04,pcs,2023-09-16 00:00:00,Active
6015,Parle Baby Soap,Parle,Baby Care,Baby Soap,241,1110.27,1562.29,12,365,21,136,8.66,g,2025-09-11 00:00:00,Active
6016,HUL Floor Cleaner,HUL,Household,Floor Cleaner,130,584.48,784.45,12,365,75,170,8.04,g,2020-11-20 00:00:00,Discontinued
6017,Sunfeast Bottle,Sunfeast,Kitchen,Bottle,498,126.27,157.08,0,180,115,362,5.27,kg,2024-08-15 00:00:00,Active
6018,Nestle Tissue Paper,Nestle,Household,Tissue Paper,386,360.41,497.95,0,90,80,380,3.3,kg,2025-02-27 00:00:00,Active
6019,Dabur Toor Dal,Dabur,Grocery,Toor Dal,493,494.73,583.27,12,180,67,315,9.48,pcs,2022-03-23 00:00:00,Active
6020,Lizol Mineral Water,Lizol,Beverages,Mineral Water,281,180,273.24,12,60,84,471,8.79,L,2024-09-28 00:00:00,Active
6021,Surf Excel Soap,Surf Excel,Personal Care,Soap,232,1327.59,1641.11,18,60,80,364,9.39,g,2025-10-09 00:00:00,Active
6022,Dettol Namkeen,Dettol,Snacks,Namkeen,1,1345.01,1548.95,0,90,68,181,0.62,ml,2025-11-14 00:00:00,Active
6023,HUL Butter,HUL,Dairy,Butter,499,786.2,1052.6,12,180,115,225,1.57,L,2023-06-22 00:00:00,Active
6024,Fortune Butter,Fortune,Dairy,Butter,355,1620.16,2266.48,0,30,114,314,0.6,g,2022-08-01 00:00:00,Active
6025,Nivea Dishwash Liquid,Nivea,Household,Dishwash Liquid,43,1692.39,2127.35,0,60,34,462,6.97,pcs,2020-11-23 00:00:00,Active
6026,Patanjali Baby Powder,Patanjali,Baby Care,Baby Powder,471,456.39,532.21,18,365,105,324,2.6,ml,2022-03-16 00:00:00,Discontinued
6027,Dettol Atta,Dettol,Grocery,Atta,319,848.92,1274.59,0,90,49,150,4.73,kg,2023-12-30 00:00:00,Active
6028,HUL Energy Drink,HUL,Beverages,Energy Drink,268,1091.77,1569.3,18,90,28,182,6.44,g,2024-06-06 00:00:00,Active
6029,Mamaearth Baby Powder,Mamaearth,Baby Care,Baby Powder,29,695.14,987.52,12,90,111,224,1.88,pcs,2025-10-05 00:00:00,Active
6030,Lizol Namkeen,Lizol,Snacks,Namkeen,275,236.88,363.52,12,30,57,459,4.99,kg,2020-08-27 00:00:00,Active
6031,Dettol Juice,Dettol,Beverages,Juice,216,455.75,687.38,0,30,115,299,5.85,L,2022-11-04 00:00:00,Active
6032,Surf Excel Cat Food,Surf Excel,Pet Care,Cat Food,133,640.62,822.72,5,90,63,345,2.39,L,2022-02-06 00:00:00,Active
6033,Mamaearth Lunch Box,Mamaearth,Kitchen,Lunch Box,31,584.75,757.14,0,60,42,57,6.69,ml,2026-06-25 00:00:00,Active
6034,Patanjali Baby Soap,Patanjali,Baby Care,Baby Soap,461,137.91,197.56,12,365,63,339,4.25,ml,2021-03-31 00:00:00,Active
6035,Fortune Soft Drink,Fortune,Beverages,Soft Drink,432,1696.06,1988.67,5,365,108,173,2.95,g,2025-12-15 00:00:00,Active
6036,HUL Dog Food,HUL,Pet Care,Dog Food,445,838.37,1006.37,18,365,67,294,3.63,pcs,2023-01-02 00:00:00,Active
6037,Pedigree Curd,Pedigree,Dairy,Curd,312,484.25,657.06,5,60,36,297,3.97,kg,2026-01-22 00:00:00,Active
6038,Surf Excel Mineral Water,Surf Excel,Beverages,Mineral Water,78,200.79,235.28,5,90,35,139,8.02,ml,2024-08-22 00:00:00,Active
6039,Patanjali Paneer,Patanjali,Dairy,Paneer,27,335.57,438.31,18,60,97,313,1.17,pcs,2020-12-31 00:00:00,Active
6040,Godrej Dishwash Liquid,Godrej,Household,Dishwash Liquid,2,321.88,467.63,5,365,100,491,4.01,kg,2022-12-25 00:00:00,Active
6041,Godrej Frying Pan,Godrej,Kitchen,Frying Pan,174,1044.37,1511.17,0,180,32,299,4.59,g,2023-09-17 00:00:00,Active
6042,Dettol Chips,Dettol,Snacks,Chips,154,642.31,750.63,18,90,77,352,4.25,pcs,2021-02-24 00:00:00,Active
6043,Britannia Soft Drink,Britannia,Beverages,Soft Drink,51,260.2,320.41,18,60,106,132,5.64,L,2021-11-16 00:00:00,Active
6044,Patanjali Dishwash Liquid,Patanjali,Household,Dishwash Liquid,325,1691.3,1998,18,180,52,54,7.03,pcs,2025-06-16 00:00:00,Active
6045,Dettol Shampoo,Dettol,Personal Care,Shampoo,36,994.54,1485.1,0,365,67,320,4.72,g,2024-05-31 00:00:00,Active
6046,HUL Chana Dal,HUL,Grocery,Chana Dal,414,486.89,623.02,0,60,24,73,3.56,g,2023-04-20 00:00:00,Active
6047,Dabur Floor Cleaner,Dabur,Household,Floor Cleaner,260,822.16,1120.65,5,60,48,469,1.32,ml,2022-11-02 00:00:00,Active
6048,Mamaearth Chocolate,Mamaearth,Snacks,Chocolate,464,756.06,1154.77,0,180,119,220,3.15,kg,2022-09-15 00:00:00,Active
6049,HUL Biscuits,HUL,Snacks,Biscuits,80,629.17,948.12,0,90,71,75,1.49,g,2020-08-10 00:00:00,Active
6050,Sunfeast Cat Food,Sunfeast,Pet Care,Cat Food,486,1710.23,2302.96,18,365,36,302,0.95,L,2025-12-04 00:00:00,Active
6051,Dettol Curd,Dettol,Dairy,Curd,364,111.84,159.06,18,365,78,493,8.36,kg,2021-09-03 00:00:00,Active
6052,Nestle Bottle,Nestle,Kitchen,Bottle,458,832.44,1285.35,18,365,103,450,2.32,g,2021-08-28 00:00:00,Active
6053,Pedigree Mineral Water,Pedigree,Beverages,Mineral Water,252,1061.62,1339.33,5,30,36,76,2.14,L,2021-02-02 00:00:00,Active
6054,Nivea Toor Dal,Nivea,Grocery,Toor Dal,426,1731.59,2011.02,12,180,87,373,0.98,pcs,2026-02-27 00:00:00,Active
6055,ITC Soft Drink,ITC,Beverages,Soft Drink,351,392.8,512.65,12,365,37,160,7.95,g,2025-04-02 00:00:00,Active
6056,Nestle Energy Drink,Nestle,Beverages,Energy Drink,238,94.25,116.86,18,60,91,220,8.39,kg,2026-06-30 00:00:00,Active
6057,ITC Juice,ITC,Beverages,Juice,379,750.02,1110.63,12,30,49,364,7.02,ml,2024-02-10 00:00:00,Active
6058,Nivea Cheese,Nivea,Dairy,Cheese,142,51.21,70.86,5,365,95,90,1.17,pcs,2022-01-28 00:00:00,Active
6059,Amul Curd,Amul,Dairy,Curd,130,685.73,1007.62,12,30,87,211,7.53,kg,2020-10-08 00:00:00,Active
6060,Fortune Diapers,Fortune,Baby Care,Diapers,421,1758.92,2029.79,0,365,98,238,9.44,L,2022-10-25 00:00:00,Active
6061,HUL Milk,HUL,Dairy,Milk,115,466.07,537.42,5,365,48,481,1.03,pcs,2020-07-27 00:00:00,Active
6062,Parle Chocolate,Parle,Snacks,Chocolate,361,1405.45,1699.7,18,60,55,414,4.84,g,2022-04-04 00:00:00,Active
6063,Godrej Baby Powder,Godrej,Baby Care,Baby Powder,305,1509.15,1757.84,5,365,32,265,3.25,g,2025-08-24 00:00:00,Active
6064,Patanjali Pet Shampoo,Patanjali,Pet Care,Pet Shampoo,70,24.75,32.78,12,30,49,252,2.94,kg,2025-09-14 00:00:00,Active
6065,Fortune Cookies,Fortune,Snacks,Cookies,462,31.43,44.79,18,180,74,237,9.47,ml,2020-11-03 00:00:00,Active
6066,Aashirvaad Pet Shampoo,Aashirvaad,Pet Care,Pet Shampoo,58,1363.35,1619.02,5,60,101,246,3.31,L,2020-12-29 00:00:00,Active
6067,Godrej Soap,Godrej,Personal Care,Soap,38,1062.09,1191.56,12,365,20,161,9.29,g,2025-12-08 00:00:00,Active
6068,Britannia Salt,Britannia,Grocery,Salt,345,1057.94,1247.73,5,90,45,247,2.79,L,2022-05-22 00:00:00,Active
6069,Amul Baby Powder,Amul,Baby Care,Baby Powder,333,1074.36,1592.61,0,180,74,342,3.2,kg,2022-11-02 00:00:00,Active
6070,Godrej Hair Oil,Godrej,Personal Care,Hair Oil,209,48.74,62.79,12,90,72,485,3.75,L,2025-07-20 00:00:00,Active
6071,Mamaearth Pet Shampoo,Mamaearth,Pet Care,Pet Shampoo,26,286.69,349.67,0,60,87,307,2.11,L,2025-12-23 00:00:00,Active
6072,Godrej Chocolate,Godrej,Snacks,Chocolate,387,1453.8,1835.6,0,180,59,480,6.49,g,2022-04-02 00:00:00,Active
6073,Nivea Knife,Nivea,Kitchen,Knife,496,51.16,72.96,12,90,23,76,0.2,kg,2022-04-18 00:00:00,Active
6074,Surf Excel Tissue Paper,Surf Excel,Household,Tissue Paper,248,1785.3,2442.53,18,365,26,164,9.39,ml,2026-07-17 00:00:00,Active
6075,Fortune Baby Soap,Fortune,Baby Care,Baby Soap,428,254.81,358.74,0,180,94,258,8.32,pcs,2021-04-13 00:00:00,Active
6076,Colgate Chocolate,Colgate,Snacks,Chocolate,233,1021.31,1400.1,5,90,84,495,9.38,pcs,2026-02-05 00:00:00,Active
6077,Lizol Mineral Water,Lizol,Beverages,Mineral Water,341,238.56,349.77,5,30,60,114,7.76,ml,2022-08-24 00:00:00,Active
6078,Fortune Pet Shampoo,Fortune,Pet Care,Pet Shampoo,164,991.29,1243.66,0,30,24,89,7.5,L,2022-07-23 00:00:00,Active
6079,Dabur Detergent,Dabur,Household,Detergent,121,481.1,615.63,18,365,109,326,2.76,kg,2025-06-15 00:00:00,Active
6080,HUL Chips,HUL,Snacks,Chips,254,315.02,484.97,0,180,86,446,5.82,ml,2023-12-08 00:00:00,Active
6081,HUL Pet Shampoo,HUL,Pet Care,Pet Shampoo,421,1438.09,2020.64,5,90,105,79,6.02,kg,2025-10-12 00:00:00,Active
6082,HUL Tissue Paper,HUL,Household,Tissue Paper,95,298.41,455.03,5,60,71,68,0.99,L,2021-08-07 00:00:00,Active
6083,Dabur Baby Powder,Dabur,Baby Care,Baby Powder,295,122.74,185.2,0,60,54,126,2.16,pcs,2024-09-02 00:00:00,Active
6084,Colgate Suji,Colgate,Grocery,Suji,395,155.34,208.51,12,180,109,410,4.89,ml,2023-08-08 00:00:00,Active
6085,Amul Dog Food,Amul,Pet Care,Dog Food,108,253.83,386.52,12,365,57,295,7,kg,2024-03-09 00:00:00,Active
6086,Patanjali Dog Food,Patanjali,Pet Care,Dog Food,25,1166.12,1670.17,5,30,51,432,4.48,kg,2023-08-11 00:00:00,Active
6087,Godrej Namkeen,Godrej,Snacks,Namkeen,100,34.87,53.01,0,180,95,197,6.42,ml,2022-04-11 00:00:00,Active
6088,ITC Mineral Water,ITC,Beverages,Mineral Water,390,975.66,1139.03,12,180,103,269,8.35,L,2024-10-12 00:00:00,Discontinued
6089,Parle Detergent,Parle,Household,Detergent,134,187.72,242.64,12,365,91,121,0.95,L,2023-08-24 00:00:00,Active
6090,Colgate Butter,Colgate,Dairy,Butter,210,1370.43,1679.9,0,365,103,362,0.37,L,2022-06-18 00:00:00,Active
6091,HUL Poha,HUL,Grocery,Poha,184,1597.15,1922.54,5,90,61,218,5.94,L,2025-02-28 00:00:00,Active
6092,Amul Dog Food,Amul,Pet Care,Dog Food,385,1388.21,2141.38,12,180,22,51,6.4,L,2022-01-21 00:00:00,Active
6093,Dabur Coffee,Dabur,Grocery,Coffee,291,1536.47,2281.03,18,60,99,467,4.2,kg,2024-12-09 00:00:00,Active
6094,Sunfeast Milk,Sunfeast,Dairy,Milk,52,1275.49,1440.65,0,60,100,464,0.14,g,2026-02-18 00:00:00,Active
6095,Tata Biscuits,Tata,Snacks,Biscuits,353,1281.76,1558.91,18,90,60,156,8.2,L,2022-04-18 00:00:00,Active
6096,Lizol Namkeen,Lizol,Snacks,Namkeen,438,1273.04,1908.76,5,30,70,162,9.66,g,2022-10-28 00:00:00,Active
6097,Dabur Baby Powder,Dabur,Baby Care,Baby Powder,318,1717.17,2090.75,18,60,55,403,9.47,L,2024-03-20 00:00:00,Active
6098,Pedigree Baby Lotion,Pedigree,Baby Care,Baby Lotion,28,1626.57,2087.47,18,365,44,347,8.68,kg,2024-01-08 00:00:00,Active
6099,Amul Paneer,Amul,Dairy,Paneer,442,1338.45,1539.2,0,365,29,261,7.6,L,2024-10-15 00:00:00,Active
6100,Nivea Garbage Bags,Nivea,Household,Garbage Bags,397,661.28,928.46,12,60,100,486,1.63,pcs,2025-01-20 00:00:00,Active
6101,HUL Mineral Water,HUL,Beverages,Mineral Water,328,500.84,701.04,12,30,110,90,3.26,g,2022-10-18 00:00:00,Active
6102,Britannia Pressure Cooker,Britannia,Kitchen,Pressure Cooker,429,1313.15,1706.11,18,30,100,210,4.52,ml,2026-01-21 00:00:00,Active
6103,Godrej Soft Drink,Godrej,Beverages,Soft Drink,205,734.13,1018.52,12,365,41,317,9.2,ml,2020-08-05 00:00:00,Active
6104,Mamaearth Frying Pan,Mamaearth,Kitchen,Frying Pan,53,1045.66,1399.98,5,180,68,341,7.25,g,2023-11-16 00:00:00,Active
6105,Fortune Moong Dal,Fortune,Grocery,Moong Dal,463,811.23,1006.13,5,90,99,189,3.14,pcs,2026-05-21 00:00:00,Active
6106,Surf Excel Pressure Cooker,Surf Excel,Kitchen,Pressure Cooker,187,1605.77,1905.2,0,60,68,252,7.93,pcs,2025-12-15 00:00:00,Active
6107,Dettol Knife,Dettol,Kitchen,Knife,95,295.64,389.41,0,60,75,365,6.94,pcs,2020-11-13 00:00:00,Active
6108,Parle Sugar,Parle,Grocery,Sugar,211,1061.24,1293.02,12,30,34,414,1.89,kg,2020-12-15 00:00:00,Active
6109,Patanjali Suji,Patanjali,Grocery,Suji,455,572.1,861.86,18,180,20,390,6.76,ml,2024-04-20 00:00:00,Active
6110,Lizol Cat Food,Lizol,Pet Care,Cat Food,194,1519.41,1843.23,12,30,53,288,8.23,L,2026-02-27 00:00:00,Active
6111,Nivea Chips,Nivea,Snacks,Chips,207,1702.1,2216.52,12,180,115,321,4.24,L,2024-08-27 00:00:00,Active
6112,Amul Shampoo,Amul,Personal Care,Shampoo,77,1269.05,1462.78,5,180,97,204,1.27,g,2022-01-30 00:00:00,Active
6113,Nestle Shampoo,Nestle,Personal Care,Shampoo,7,915.4,1344.25,12,30,99,331,8.2,g,2026-06-29 00:00:00,Active
6114,Tata Baby Powder,Tata,Baby Care,Baby Powder,89,1637.68,2444.07,5,90,21,411,7.82,pcs,2021-06-21 00:00:00,Active
6115,Lizol Soap,Lizol,Personal Care,Soap,125,540.84,652.02,12,30,72,121,8.81,g,2021-11-17 00:00:00,Active
6116,Lizol Chocolate,Lizol,Snacks,Chocolate,14,508.18,774.29,5,365,34,150,2.19,g,2023-10-14 00:00:00,Active
6117,Mamaearth Salt,Mamaearth,Grocery,Salt,289,1723.51,2520.03,0,180,61,306,7.56,ml,2022-12-27 00:00:00,Active
6118,Aashirvaad Mineral Water,Aashirvaad,Beverages,Mineral Water,298,1336.42,1576.57,18,180,109,170,8.56,pcs,2022-04-16 00:00:00,Active
6119,HUL Garbage Bags,HUL,Household,Garbage Bags,232,1445.54,1624.23,18,365,23,452,6.62,ml,2020-11-25 00:00:00,Active
6120,Lizol Detergent,Lizol,Household,Detergent,56,860.7,1318.62,12,365,50,490,4.73,L,2024-10-02 00:00:00,Active
6121,Godrej Garbage Bags,Godrej,Household,Garbage Bags,483,1152.33,1573.07,12,60,44,136,6.49,g,2020-10-24 00:00:00,Discontinued
6122,Amul Mineral Water,Amul,Beverages,Mineral Water,396,716.92,1034.41,12,90,51,161,7.34,pcs,2025-03-15 00:00:00,Active
6123,Lizol Dishwash Liquid,Lizol,Household,Dishwash Liquid,91,1349.83,1897.17,18,365,20,473,7.88,ml,2021-11-05 00:00:00,Active
6124,Tata Hair Oil,Tata,Personal Care,Hair Oil,416,1782,2737.71,18,365,108,242,5.2,g,2020-08-27 00:00:00,Active
6125,Aashirvaad Bottle,Aashirvaad,Kitchen,Bottle,452,211.61,280.7,0,30,33,320,7.19,ml,2020-11-30 00:00:00,Active
6126,Amul Energy Drink,Amul,Beverages,Energy Drink,373,1418.65,1988.24,12,90,59,232,4.15,L,2020-07-31 00:00:00,Active
6127,Godrej Soap,Godrej,Personal Care,Soap,495,329.01,399.71,18,30,59,211,0.31,L,2026-02-24 00:00:00,Active
6128,Parle Knife,Parle,Kitchen,Knife,33,1444.21,2097.03,12,30,30,375,0.19,kg,2021-01-21 00:00:00,Active
6129,Britannia Moong Dal,Britannia,Grocery,Moong Dal,376,1200.34,1719.74,5,365,33,264,3.12,L,2024-02-15 00:00:00,Active
6130,Surf Excel Poha,Surf Excel,Grocery,Poha,204,209.58,291.77,5,90,65,101,5.83,g,2020-10-18 00:00:00,Active
6131,Tata Toothpaste,Tata,Personal Care,Toothpaste,283,583.39,746.7,5,90,83,263,5.62,L,2023-03-17 00:00:00,Active
6132,Mamaearth Toothpaste,Mamaearth,Personal Care,Toothpaste,190,905.41,1072.08,0,30,107,93,3.9,kg,2025-11-20 00:00:00,Discontinued
6133,Mamaearth Baby Soap,Mamaearth,Baby Care,Baby Soap,254,793.9,1045.62,18,30,94,140,0.57,pcs,2021-01-24 00:00:00,Active
6134,Dettol Baby Powder,Dettol,Baby Care,Baby Powder,185,811.83,1030.44,18,365,58,420,2.4,pcs,2021-11-08 00:00:00,Active
6135,Dettol Diapers,Dettol,Baby Care,Diapers,85,1585.42,1838.11,12,60,62,141,1.44,pcs,2021-03-17 00:00:00,Active
6136,Dabur Lunch Box,Dabur,Kitchen,Lunch Box,42,1554.27,2124.68,18,365,45,387,7.44,ml,2023-01-17 00:00:00,Active
6137,Parle Energy Drink,Parle,Beverages,Energy Drink,111,868.61,1333.25,0,90,86,429,3.86,kg,2025-04-30 00:00:00,Active
6138,Lizol Mineral Water,Lizol,Beverages,Mineral Water,284,1204.03,1852.99,12,90,101,374,0.61,pcs,2020-10-19 00:00:00,Active
6139,Pedigree Floor Cleaner,Pedigree,Household,Floor Cleaner,95,393.72,455.31,5,180,58,471,4.12,g,2022-07-28 00:00:00,Active
6140,Britannia Bottle,Britannia,Kitchen,Bottle,353,684.86,884.56,5,30,70,438,8.47,ml,2023-10-14 00:00:00,Active
6141,Amul Dishwash Liquid,Amul,Household,Dishwash Liquid,64,414.29,520.23,18,30,61,236,4.94,kg,2021-11-17 00:00:00,Active
6142,Dettol Pet Shampoo,Dettol,Pet Care,Pet Shampoo,68,1207.59,1827.7,5,180,113,431,1.85,ml,2022-12-23 00:00:00,Active
6143,Sunfeast Tissue Paper,Sunfeast,Household,Tissue Paper,223,1501.03,2015.9,12,60,99,261,3.54,pcs,2022-08-20 00:00:00,Active
6144,Aashirvaad Coffee,Aashirvaad,Grocery,Coffee,354,521.77,602.7,18,90,113,99,4.28,ml,2026-05-07 00:00:00,Active
6145,Mamaearth Hair Oil,Mamaearth,Personal Care,Hair Oil,477,1120.83,1312.68,12,30,104,384,4.38,kg,2021-05-19 00:00:00,Active
6146,Patanjali Toothpaste,Patanjali,Personal Care,Toothpaste,442,664.24,896.95,12,30,20,74,4.23,ml,2024-07-05 00:00:00,Active
6147,Colgate Pet Shampoo,Colgate,Pet Care,Pet Shampoo,352,58.7,88.54,12,90,48,59,0.41,ml,2021-03-09 00:00:00,Active
6148,Tata Soap,Tata,Personal Care,Soap,340,291.67,361.32,5,30,38,325,1.3,g,2023-04-19 00:00:00,Active
6149,Surf Excel Shampoo,Surf Excel,Personal Care,Shampoo,444,112.78,162.91,0,365,82,497,7.1,g,2022-09-02 00:00:00,Active
6150,Dabur Soap,Dabur,Personal Care,Soap,476,1309.3,1476.45,5,180,100,497,7.36,L,2024-12-22 00:00:00,Active
6151,ITC Lunch Box,ITC,Kitchen,Lunch Box,338,1484.7,2026.64,12,60,116,65,3.89,L,2023-02-02 00:00:00,Active
6152,Parle Pet Shampoo,Parle,Pet Care,Pet Shampoo,430,1599.16,2428.52,5,365,38,228,9.76,ml,2022-03-07 00:00:00,Active
6153,Parle Floor Cleaner,Parle,Household,Floor Cleaner,276,53.85,64.7,12,365,27,169,0.18,L,2021-03-21 00:00:00,Active
6154,Sunfeast Dog Food,Sunfeast,Pet Care,Dog Food,309,1493.41,2179.34,12,90,72,284,1.6,pcs,2025-08-13 00:00:00,Active
6155,Nestle Toothpaste,Nestle,Personal Care,Toothpaste,228,990.48,1402.06,0,30,46,307,9.72,L,2022-07-16 00:00:00,Active
6156,Tata Baby Powder,Tata,Baby Care,Baby Powder,189,533.73,703.58,12,365,108,421,7.38,L,2021-11-13 00:00:00,Active
6157,Dabur Cat Food,Dabur,Pet Care,Cat Food,423,18.37,28.24,5,90,119,311,8.78,ml,2023-09-14 00:00:00,Active
6158,Dabur Poha,Dabur,Grocery,Poha,201,208.83,287.48,0,180,53,152,1.47,ml,2024-02-29 00:00:00,Active
6159,Dabur Butter,Dabur,Dairy,Butter,186,1443.44,1731.65,0,90,64,333,8.11,pcs,2025-08-05 00:00:00,Active
6160,Dabur Cheese,Dabur,Dairy,Cheese,8,1059.71,1446.72,0,30,33,78,1.79,g,2021-08-23 00:00:00,Active
6161,Nestle Rice,Nestle,Grocery,Rice,369,1089.4,1234.25,5,365,54,337,7.59,g,2021-12-12 00:00:00,Active
6162,Colgate Juice,Colgate,Beverages,Juice,244,1223.32,1608.21,0,365,79,140,8.13,pcs,2025-10-07 00:00:00,Active
6163,Aashirvaad Mineral Water,Aashirvaad,Beverages,Mineral Water,485,113.15,144.85,5,30,41,178,2.6,ml,2021-11-10 00:00:00,Active
6164,Pedigree Shampoo,Pedigree,Personal Care,Shampoo,242,1141.7,1721.06,12,60,39,216,4.95,pcs,2023-05-13 00:00:00,Discontinued
6165,Amul Knife,Amul,Kitchen,Knife,54,567.14,792.18,12,90,46,310,1.69,g,2026-04-08 00:00:00,Active
6166,Britannia Curd,Britannia,Dairy,Curd,282,137.36,188.91,18,365,119,133,1.45,ml,2021-06-22 00:00:00,Active
6167,Colgate Mineral Water,Colgate,Beverages,Mineral Water,148,194.26,267.46,5,180,32,194,4.96,L,2026-04-12 00:00:00,Active
6168,Nivea Pet Shampoo,Nivea,Pet Care,Pet Shampoo,484,282.33,359.59,5,30,88,485,6.44,L,2021-06-01 00:00:00,Active
6169,Pedigree Face Wash,Pedigree,Personal Care,Face Wash,103,90.53,121.42,12,180,45,195,4.94,ml,2021-09-25 00:00:00,Active
6170,Nestle Pressure Cooker,Nestle,Kitchen,Pressure Cooker,45,1547.27,2047.03,0,365,114,271,9.9,ml,2020-10-25 00:00:00,Active
6171,Tata Chana Dal,Tata,Grocery,Chana Dal,102,1669.1,1906.54,12,180,112,205,7.83,L,2022-04-25 00:00:00,Active
6172,Nestle Cat Food,Nestle,Pet Care,Cat Food,42,1514.66,2254.09,0,90,59,175,3.38,kg,2024-08-23 00:00:00,Active
6173,HUL Cheese,HUL,Dairy,Cheese,427,1281.57,1926.53,18,365,93,126,7.9,pcs,2021-02-03 00:00:00,Active
6174,Dettol Pressure Cooker,Dettol,Kitchen,Pressure Cooker,456,811.23,1211.28,12,365,100,356,0.95,pcs,2025-02-08 00:00:00,Active
6175,Dettol Chips,Dettol,Snacks,Chips,301,789.01,1166.99,18,30,49,322,8.71,L,2023-12-15 00:00:00,Active
6176,Parle Lunch Box,Parle,Kitchen,Lunch Box,43,745.94,970.81,18,30,62,383,6.51,kg,2023-11-04 00:00:00,Active
6177,Amul Moong Dal,Amul,Grocery,Moong Dal,453,438.25,675.77,0,180,88,447,4.12,kg,2022-01-17 00:00:00,Active
6178,Dettol Soap,Dettol,Personal Care,Soap,155,784.02,884.95,18,30,24,309,1.4,g,2022-10-31 00:00:00,Active
6179,Fortune Face Wash,Fortune,Personal Care,Face Wash,497,684.63,806.75,12,30,102,279,2.68,ml,2026-02-27 00:00:00,Active
6180,HUL Frying Pan,HUL,Kitchen,Frying Pan,111,1697.19,2297.37,12,365,49,56,0.84,pcs,2022-06-09 00:00:00,Active
6181,Dettol Dog Food,Dettol,Pet Care,Dog Food,186,132.9,182.39,18,90,35,102,4.63,L,2024-09-24 00:00:00,Active
6182,Fortune Salt,Fortune,Grocery,Salt,164,332.69,489.12,18,180,45,405,1.22,kg,2024-10-08 00:00:00,Active
6183,Sunfeast Butter,Sunfeast,Dairy,Butter,94,703.22,1066.94,18,365,31,398,1.41,ml,2024-03-11 00:00:00,Active
6184,Pedigree Soap,Pedigree,Personal Care,Soap,188,931.13,1405.51,18,365,30,52,2.37,g,2024-06-11 00:00:00,Active
6185,Britannia Milk,Britannia,Dairy,Milk,175,447.66,561.46,5,365,44,106,6.39,L,2025-01-18 00:00:00,Active
6186,Colgate Chips,Colgate,Snacks,Chips,50,661.18,906.14,0,90,114,428,7.81,pcs,2025-08-21 00:00:00,Active
6187,Dettol Energy Drink,Dettol,Beverages,Energy Drink,307,1203.82,1618.61,12,60,76,360,1.54,pcs,2025-08-22 00:00:00,Active
6188,Nivea Energy Drink,Nivea,Beverages,Energy Drink,253,253.38,340.66,5,365,83,103,2.25,kg,2024-11-22 00:00:00,Active
6189,Aashirvaad Knife,Aashirvaad,Kitchen,Knife,109,104.04,129.57,12,60,31,491,7.36,g,2025-04-19 00:00:00,Active
6190,Nivea Knife,Nivea,Kitchen,Knife,301,952.22,1387.39,0,90,64,209,8.82,ml,2022-05-15 00:00:00,Active
6191,HUL Dishwash Liquid,HUL,Household,Dishwash Liquid,165,388.59,450.82,12,90,44,122,9.13,L,2021-05-29 00:00:00,Active
6192,Dabur Soft Drink,Dabur,Beverages,Soft Drink,498,121.39,160.31,0,30,62,420,8.93,pcs,2025-10-13 00:00:00,Active
6193,Nivea Soap,Nivea,Personal Care,Soap,322,1242.95,1436.26,18,60,51,441,9.79,ml,2021-08-01 00:00:00,Active
6194,Britannia Detergent,Britannia,Household,Detergent,33,843.34,1130.57,12,60,56,371,2.2,ml,2021-07-19 00:00:00,Active
6195,Tata Soap,Tata,Personal Care,Soap,456,528.61,744.63,12,180,32,277,2.84,L,2023-08-05 00:00:00,Active
6196,Britannia Pet Shampoo,Britannia,Pet Care,Pet Shampoo,50,229.97,305.47,12,30,49,465,8.72,kg,2022-03-06 00:00:00,Active
6197,Mamaearth Soap,Mamaearth,Personal Care,Soap,90,761.45,1179.59,5,180,39,400,9.1,g,2026-02-09 00:00:00,Active
6198,Nivea Baby Lotion,Nivea,Baby Care,Baby Lotion,304,1386.81,1771.36,18,180,72,197,9.26,g,2021-07-01 00:00:00,Active
6199,Britannia Bottle,Britannia,Kitchen,Bottle,16,823.41,1121.69,12,180,67,228,1.65,kg,2023-10-28 00:00:00,Active
6200,Amul Mineral Water,Amul,Beverages,Mineral Water,292,203.06,247.3,0,30,120,102,7.56,g,2022-05-04 00:00:00,Active
6201,Nestle Mineral Water,Nestle,Beverages,Mineral Water,260,1139.48,1449.98,5,60,30,493,1.75,kg,2021-11-18 00:00:00,Active
6202,Nestle Detergent,Nestle,Household,Detergent,419,92.98,125.75,0,365,89,339,3.5,kg,2022-10-29 00:00:00,Active
6203,HUL Garbage Bags,HUL,Household,Garbage Bags,364,625.38,924.31,12,30,23,330,7.27,L,2021-12-06 00:00:00,Active
6204,Sunfeast Chocolate,Sunfeast,Snacks,Chocolate,80,35.06,47.34,0,180,114,207,2.69,kg,2025-02-07 00:00:00,Active
6205,Aashirvaad Hair Oil,Aashirvaad,Personal Care,Hair Oil,478,323.8,403.96,12,365,102,329,5.84,ml,2025-06-29 00:00:00,Active
6206,Amul Butter,Amul,Dairy,Butter,148,99.54,128.39,0,180,61,397,5.62,kg,2024-07-21 00:00:00,Active
6207,Parle Paneer,Parle,Dairy,Paneer,388,1668.02,2117.84,18,60,116,491,3.43,kg,2025-12-16 00:00:00,Active
6208,Surf Excel Diapers,Surf Excel,Baby Care,Diapers,14,1774.34,2240.75,12,90,60,248,4.71,L,2026-07-17 00:00:00,Active
6209,Nivea Pressure Cooker,Nivea,Kitchen,Pressure Cooker,125,1694.28,2500.9,5,90,116,418,2.17,g,2021-07-03 00:00:00,Active
6210,ITC Bottle,ITC,Kitchen,Bottle,238,1567.44,1841.18,12,365,103,414,1.09,g,2021-11-06 00:00:00,Active
6211,Dabur Bottle,Dabur,Kitchen,Bottle,219,1644.39,1859.17,18,30,62,405,5.8,pcs,2023-06-18 00:00:00,Active
6212,ITC Soft Drink,ITC,Beverages,Soft Drink,206,1043.66,1513.39,12,180,46,373,5.36,L,2021-07-03 00:00:00,Active
6213,Surf Excel Sugar,Surf Excel,Grocery,Sugar,414,807.25,1040.73,18,180,88,97,2.29,pcs,2024-10-31 00:00:00,Discontinued
6214,Parle Milk,Parle,Dairy,Milk,367,1169.94,1584.41,12,30,42,322,5.94,g,2021-04-23 00:00:00,Active
6215,Britannia Detergent,Britannia,Household,Detergent,500,1329.67,2023.38,5,30,98,60,5.37,ml,2021-09-18 00:00:00,Active
6216,Aashirvaad Knife,Aashirvaad,Kitchen,Knife,95,949.94,1417.55,0,365,101,243,3.62,kg,2023-07-06 00:00:00,Active
6217,Sunfeast Hair Oil,Sunfeast,Personal Care,Hair Oil,209,101.2,128.73,5,180,85,97,0.99,ml,2022-07-25 00:00:00,Discontinued
6218,Pedigree Poha,Pedigree,Grocery,Poha,125,796.53,1184.82,5,365,67,240,8.44,ml,2023-04-11 00:00:00,Active
6219,Nivea Cat Food,Nivea,Pet Care,Cat Food,1,1677.24,2416.79,12,60,116,470,1.88,ml,2022-07-12 00:00:00,Active
6220,Dettol Knife,Dettol,Kitchen,Knife,425,277.91,404.68,0,180,63,294,4.39,g,2025-09-08 00:00:00,Active
6221,Parle Diapers,Parle,Baby Care,Diapers,158,949.06,1397.35,0,365,79,306,7.32,ml,2022-01-05 00:00:00,Active
6222,Dabur Toor Dal,Dabur,Grocery,Toor Dal,350,955.35,1271.27,5,90,92,318,4.01,ml,2025-06-09 00:00:00,Active
6223,Pedigree Soap,Pedigree,Personal Care,Soap,321,653.22,992.34,12,180,28,293,4.42,ml,2021-06-04 00:00:00,Active
6224,Nivea Dog Food,Nivea,Pet Care,Dog Food,249,1787.24,2107.03,18,90,62,487,3.43,kg,2024-07-03 00:00:00,Active
6225,Mamaearth Garbage Bags,Mamaearth,Household,Garbage Bags,103,917.43,1053.23,0,365,96,226,2.37,kg,2020-09-16 00:00:00,Active
6226,Tata Juice,Tata,Beverages,Juice,168,1797.54,2205.44,18,90,53,328,2.17,g,2024-02-09 00:00:00,Active
6227,Colgate Pressure Cooker,Colgate,Kitchen,Pressure Cooker,253,906.5,1250.69,12,60,66,92,5.18,ml,2021-07-28 00:00:00,Active
6228,Sunfeast Tissue Paper,Sunfeast,Household,Tissue Paper,52,1207.69,1810.57,18,90,113,114,3.07,kg,2021-02-28 00:00:00,Active
6229,Sunfeast Garbage Bags,Sunfeast,Household,Garbage Bags,336,207.88,303.84,5,90,80,183,6.69,pcs,2022-09-05 00:00:00,Active
6230,Fortune Rice,Fortune,Grocery,Rice,433,560.9,643.67,12,30,21,428,7.59,kg,2023-03-08 00:00:00,Active
6231,Pedigree Pet Shampoo,Pedigree,Pet Care,Pet Shampoo,193,942,1151.64,5,90,87,254,0.92,ml,2022-09-05 00:00:00,Active
6232,Pedigree Lunch Box,Pedigree,Kitchen,Lunch Box,421,1776.11,2136.66,0,90,90,251,6.09,g,2022-03-29 00:00:00,Active
6233,Patanjali Soap,Patanjali,Personal Care,Soap,227,1764.21,2336.07,18,30,49,492,6.62,kg,2023-11-07 00:00:00,Active
6234,ITC Paneer,ITC,Dairy,Paneer,199,215.17,254.86,0,180,108,72,7.8,pcs,2023-01-24 00:00:00,Active
6235,Pedigree Butter,Pedigree,Dairy,Butter,427,802.27,1043.29,18,180,22,446,9.45,ml,2022-03-13 00:00:00,Active
6236,Tata Chips,Tata,Snacks,Chips,20,73.93,84.75,0,30,28,320,6.57,ml,2023-08-16 00:00:00,Active
6237,Britannia Baby Powder,Britannia,Baby Care,Baby Powder,309,1717.27,2013.15,0,180,88,335,4.85,kg,2021-06-28 00:00:00,Active
6238,Britannia Coffee,Britannia,Grocery,Coffee,77,1437.52,1710.92,18,180,48,410,2.88,ml,2025-04-18 00:00:00,Active
6239,Godrej Poha,Godrej,Grocery,Poha,304,1397.13,1987.38,12,60,102,229,8.49,g,2021-10-29 00:00:00,Active
6240,HUL Chips,HUL,Snacks,Chips,402,1130.36,1672.86,5,30,80,470,4.19,L,2024-08-14 00:00:00,Active
6241,Mamaearth Mineral Water,Mamaearth,Beverages,Mineral Water,476,400.9,511.98,0,365,120,489,8.18,ml,2023-11-23 00:00:00,Active
6242,Lizol Tissue Paper,Lizol,Household,Tissue Paper,216,561.27,649.2,18,60,34,196,7.03,pcs,2026-01-28 00:00:00,Active
6243,Lizol Bottle,Lizol,Kitchen,Bottle,386,1167.97,1522.25,5,180,113,100,4.99,L,2023-01-18 00:00:00,Active
6244,Nivea Namkeen,Nivea,Snacks,Namkeen,394,1525.61,1750.68,12,30,66,218,6.62,kg,2022-05-22 00:00:00,Active
6245,Amul Tissue Paper,Amul,Household,Tissue Paper,441,36.48,51.44,0,180,44,378,2.35,L,2022-04-05 00:00:00,Active
6246,Dabur Milk,Dabur,Dairy,Milk,40,956.07,1243.81,5,30,117,496,5.26,g,2020-12-07 00:00:00,Active
6247,Britannia Tissue Paper,Britannia,Household,Tissue Paper,219,176.45,199.8,0,365,99,431,7.17,L,2022-11-03 00:00:00,Active
6248,Tata Shampoo,Tata,Personal Care,Shampoo,71,1252.6,1577.91,12,60,77,57,6.17,g,2021-12-21 00:00:00,Active
6249,Pedigree Baby Soap,Pedigree,Baby Care,Baby Soap,166,1493.91,2049.98,12,90,20,331,9.92,pcs,2025-05-14 00:00:00,Active
6250,Parle Frying Pan,Parle,Kitchen,Frying Pan,419,1183.42,1589.24,0,90,59,488,8.12,ml,2022-03-09 00:00:00,Active
6251,HUL Tea,HUL,Grocery,Tea,245,1100.96,1562.13,5,90,34,327,9.12,g,2020-12-12 00:00:00,Active
6252,Fortune Floor Cleaner,Fortune,Household,Floor Cleaner,18,1473.37,2273.73,5,180,48,355,5.5,ml,2021-02-22 00:00:00,Active
6253,Fortune Mineral Water,Fortune,Beverages,Mineral Water,249,475.63,659.32,0,180,63,492,3.26,L,2025-12-18 00:00:00,Active
6254,Parle Knife,Parle,Kitchen,Knife,16,445.4,638.2,0,180,24,446,5.07,pcs,2023-08-16 00:00:00,Active
6255,Patanjali Cat Food,Patanjali,Pet Care,Cat Food,255,1778.17,2101.81,5,365,40,275,3.59,pcs,2025-06-01 00:00:00,Active
6256,Dettol Baby Lotion,Dettol,Baby Care,Baby Lotion,24,1041.61,1508.2,12,30,108,168,1.18,ml,2025-10-04 00:00:00,Active
6257,Pedigree Chocolate,Pedigree,Snacks,Chocolate,257,405.99,625.39,18,60,53,233,5.09,g,2020-09-17 00:00:00,Active
6258,Parle Energy Drink,Parle,Beverages,Energy Drink,258,952.34,1373.43,12,365,89,87,1.15,L,2021-09-02 00:00:00,Active
6259,Surf Excel Cat Food,Surf Excel,Pet Care,Cat Food,273,1298.91,1579.56,18,365,87,65,3.73,ml,2025-07-14 00:00:00,Active
6260,Aashirvaad Milk,Aashirvaad,Dairy,Milk,39,332.76,438.88,18,30,22,384,0.48,g,2023-12-05 00:00:00,Active
6261,Aashirvaad Salt,Aashirvaad,Grocery,Salt,244,1192.54,1775.38,12,30,79,375,1.81,ml,2024-02-01 00:00:00,Active
6262,Fortune Hair Oil,Fortune,Personal Care,Hair Oil,450,1439.12,1952.58,5,180,116,69,7.2,kg,2026-05-26 00:00:00,Active
6263,Tata Bottle,Tata,Kitchen,Bottle,95,1167.02,1674.87,0,90,116,256,6.33,ml,2022-03-25 00:00:00,Active
6264,Amul Namkeen,Amul,Snacks,Namkeen,108,164.02,223.89,18,60,34,298,6.78,pcs,2025-06-14 00:00:00,Active
6265,Pedigree Chana Dal,Pedigree,Grocery,Chana Dal,259,693.2,1029.37,12,90,89,302,5.9,pcs,2020-11-14 00:00:00,Active
6266,Patanjali Dog Food,Patanjali,Pet Care,Dog Food,209,1673.56,1967.9,5,90,110,333,0.41,g,2024-04-23 00:00:00,Active
6267,Aashirvaad Shampoo,Aashirvaad,Personal Care,Shampoo,197,1509.62,2131.34,5,60,84,300,7.46,L,2020-11-12 00:00:00,Active
6268,Parle Mineral Water,Parle,Beverages,Mineral Water,416,1568.79,1792.27,12,30,40,196,0.65,pcs,2022-10-31 00:00:00,Active
6269,Nivea Detergent,Nivea,Household,Detergent,488,1140.68,1626.19,12,90,27,150,8.57,ml,2026-06-12 00:00:00,Active
6270,Pedigree Detergent,Pedigree,Household,Detergent,197,335.68,503.01,5,90,109,401,7.26,g,2022-01-19 00:00:00,Active
6271,ITC Cat Food,ITC,Pet Care,Cat Food,268,669.21,823.02,5,60,107,309,4.57,kg,2024-05-24 00:00:00,Active
6272,ITC Energy Drink,ITC,Beverages,Energy Drink,402,400.68,548.45,5,60,39,160,5.91,pcs,2022-04-12 00:00:00,Active
6273,Aashirvaad Toothpaste,Aashirvaad,Personal Care,Toothpaste,83,184.33,274.55,5,180,73,383,6.9,kg,2025-03-12 00:00:00,Active
6274,Colgate Pet Shampoo,Colgate,Pet Care,Pet Shampoo,476,781.29,1192.64,18,90,56,382,6.73,kg,2026-05-19 00:00:00,Active
6275,Lizol Cooking Oil,Lizol,Grocery,Cooking Oil,190,198.73,302.76,5,60,51,95,1.83,pcs,2022-08-24 00:00:00,Active
6276,ITC Detergent,ITC,Household,Detergent,347,921.91,1202.94,0,90,54,115,2.08,kg,2021-02-16 00:00:00,Active
6277,Parle Namkeen,Parle,Snacks,Namkeen,495,645.9,848.4,12,180,71,411,4.99,ml,2026-01-31 00:00:00,Active
6278,Tata Detergent,Tata,Household,Detergent,292,820.74,1151.05,12,60,52,115,3.43,pcs,2023-08-11 00:00:00,Active
6279,Nivea Detergent,Nivea,Household,Detergent,33,665.58,960.34,0,90,59,456,5.75,L,2022-01-31 00:00:00,Active
6280,Fortune Detergent,Fortune,Household,Detergent,190,770.21,1179.5,5,90,41,224,3.07,g,2023-07-23 00:00:00,Discontinued
6281,Amul Frying Pan,Amul,Kitchen,Frying Pan,216,1182.78,1683.74,0,60,92,295,6.51,L,2022-03-16 00:00:00,Active
6282,Dettol Moong Dal,Dettol,Grocery,Moong Dal,447,1075.42,1524.31,18,60,46,438,3.51,kg,2024-02-04 00:00:00,Active
6283,Dettol Frying Pan,Dettol,Kitchen,Frying Pan,27,719.37,833.5,18,180,45,69,1.72,pcs,2021-03-23 00:00:00,Active
6284,Tata Diapers,Tata,Baby Care,Diapers,338,450.05,696.02,0,365,94,473,5.54,ml,2022-09-03 00:00:00,Active
6285,Dabur Butter,Dabur,Dairy,Butter,286,158.67,213.22,5,60,91,412,7.93,L,2024-03-20 00:00:00,Active
6286,Amul Detergent,Amul,Household,Detergent,126,1401.92,2098.84,12,180,74,274,2.44,pcs,2025-09-16 00:00:00,Active
6287,Nivea Toor Dal,Nivea,Grocery,Toor Dal,89,1200.32,1617.26,18,60,83,406,2.85,kg,2023-10-30 00:00:00,Active
6288,Tata Milk,Tata,Dairy,Milk,213,791.73,1198.34,5,30,114,458,0.74,pcs,2025-02-25 00:00:00,Active
6289,Dettol Dishwash Liquid,Dettol,Household,Dishwash Liquid,99,1268.83,1773.96,5,365,32,500,1.57,kg,2022-07-19 00:00:00,Active
6290,Sunfeast Face Wash,Sunfeast,Personal Care,Face Wash,142,704.26,1085.71,12,180,31,474,3.38,kg,2020-11-25 00:00:00,Active
6291,Dabur Toothpaste,Dabur,Personal Care,Toothpaste,336,1656.03,2516.47,0,180,104,153,7.42,L,2024-01-02 00:00:00,Active
6292,Patanjali Milk,Patanjali,Dairy,Milk,166,915.18,1200.23,0,365,44,87,6.4,ml,2022-12-16 00:00:00,Active
6293,HUL Butter,HUL,Dairy,Butter,468,623.39,790.73,18,30,81,294,4.47,kg,2026-01-21 00:00:00,Active
6294,ITC Soap,ITC,Personal Care,Soap,165,1455.92,2239.11,12,60,52,234,2.77,pcs,2022-08-14 00:00:00,Active
6295,Amul Chocolate,Amul,Snacks,Chocolate,478,910.85,1253.89,5,180,39,214,5.8,ml,2024-09-25 00:00:00,Active
6296,Nivea Frying Pan,Nivea,Kitchen,Frying Pan,162,373.78,498.39,0,30,59,333,9.27,kg,2022-09-04 00:00:00,Active
6297,Amul Namkeen,Amul,Snacks,Namkeen,448,1353.82,1655.38,12,180,65,409,4.81,kg,2024-02-07 00:00:00,Active
6298,Parle Moong Dal,Parle,Grocery,Moong Dal,350,1468.3,1753.78,18,90,59,150,9.04,L,2021-11-01 00:00:00,Active
6299,Nestle Pressure Cooker,Nestle,Kitchen,Pressure Cooker,337,584.78,763.35,0,180,57,323,3.91,pcs,2023-07-10 00:00:00,Active
6300,Patanjali Frying Pan,Patanjali,Kitchen,Frying Pan,387,1033.25,1476.73,12,180,96,107,9.9,ml,2026-01-26 00:00:00,Active
6301,ITC Garbage Bags,ITC,Household,Garbage Bags,9,520.74,641.19,5,60,110,150,1.32,L,2024-01-18 00:00:00,Active
6302,Dabur Paneer,Dabur,Dairy,Paneer,349,887.06,1042.42,12,365,92,102,3.66,pcs,2024-07-11 00:00:00,Active
6303,Nivea Toothpaste,Nivea,Personal Care,Toothpaste,112,283.86,376.8,18,60,22,182,1.23,pcs,2021-08-13 00:00:00,Active
6304,Dabur Mineral Water,Dabur,Beverages,Mineral Water,164,490.03,659.21,0,90,87,350,8.68,kg,2024-05-10 00:00:00,Active
6305,Amul Diapers,Amul,Baby Care,Diapers,205,1543.74,2198.55,5,90,23,310,9.99,pcs,2025-04-26 00:00:00,Active
6306,Amul Juice,Amul,Beverages,Juice,112,1217.66,1459.44,5,365,61,128,5.63,pcs,2023-10-21 00:00:00,Active
6307,Amul Tissue Paper,Amul,Household,Tissue Paper,205,1489.24,2124.65,18,60,28,327,1.76,ml,2023-01-29 00:00:00,Active
6308,Dettol Paneer,Dettol,Dairy,Paneer,489,891.78,1276.19,18,90,50,456,4.12,pcs,2024-10-11 00:00:00,Active
6309,HUL Baby Lotion,HUL,Baby Care,Baby Lotion,270,715.85,1051.86,12,60,98,420,4.15,g,2026-03-05 00:00:00,Active
6310,Patanjali Knife,Patanjali,Kitchen,Knife,173,749.93,863.75,18,30,80,330,9.49,g,2021-06-13 00:00:00,Active
6311,Tata Juice,Tata,Beverages,Juice,165,691.38,849.11,18,365,94,401,4.9,L,2023-02-12 00:00:00,Active
6312,Aashirvaad Lunch Box,Aashirvaad,Kitchen,Lunch Box,107,1630.75,2202.42,5,30,89,475,6.59,pcs,2024-08-06 00:00:00,Active
6313,Aashirvaad Chips,Aashirvaad,Snacks,Chips,327,1275.83,1560.38,5,30,88,157,7.05,kg,2022-11-16 00:00:00,Active
6314,Parle Baby Powder,Parle,Baby Care,Baby Powder,242,913.52,1254.75,5,30,28,489,0.25,pcs,2026-06-06 00:00:00,Active
6315,Surf Excel Toor Dal,Surf Excel,Grocery,Toor Dal,33,1496.73,1937.91,5,60,74,138,5.61,L,2025-04-20 00:00:00,Active
6316,Tata Atta,Tata,Grocery,Atta,389,985.42,1477.4,18,180,33,341,4.22,g,2023-05-31 00:00:00,Active
6317,Dabur Juice,Dabur,Beverages,Juice,216,1212.27,1569.62,0,60,37,378,6.79,g,2025-01-07 00:00:00,Active
6318,Sunfeast Diapers,Sunfeast,Baby Care,Diapers,35,332.56,375.41,5,180,56,84,8.39,pcs,2025-08-23 00:00:00,Active
6319,Tata Butter,Tata,Dairy,Butter,110,1207.18,1548.25,12,30,107,323,1.83,kg,2023-04-16 00:00:00,Active
6320,HUL Face Wash,HUL,Personal Care,Face Wash,135,54.41,74.81,0,180,55,311,9.77,g,2024-07-13 00:00:00,Active
6321,Patanjali Knife,Patanjali,Kitchen,Knife,16,644.29,851.07,18,30,102,351,0.28,L,2023-01-29 00:00:00,Active
6322,Parle Mineral Water,Parle,Beverages,Mineral Water,89,849.85,1293.38,0,365,93,465,3.75,kg,2025-01-18 00:00:00,Active
6323,ITC Paneer,ITC,Dairy,Paneer,277,842.81,1046.67,18,60,36,59,9.95,pcs,2023-04-08 00:00:00,Active
6324,Colgate Dog Food,Colgate,Pet Care,Dog Food,274,1793.45,2192.71,12,30,118,240,1.72,L,2022-06-21 00:00:00,Active
6325,Parle Chips,Parle,Snacks,Chips,22,1779.99,2431.17,0,180,111,441,4.07,kg,2022-04-19 00:00:00,Active
6326,Lizol Cat Food,Lizol,Pet Care,Cat Food,388,802.23,1240.47,5,60,105,194,2.17,ml,2024-12-14 00:00:00,Active
6327,Dettol Baby Soap,Dettol,Baby Care,Baby Soap,337,1124.79,1577.59,12,180,62,458,6.56,g,2022-03-31 00:00:00,Active
6328,Sunfeast Toor Dal,Sunfeast,Grocery,Toor Dal,360,916.83,1301.26,0,90,108,118,4.54,ml,2024-05-15 00:00:00,Active
6329,HUL Baby Lotion,HUL,Baby Care,Baby Lotion,186,80.94,119.38,12,180,97,390,7.85,g,2025-01-26 00:00:00,Active
6330,Parle Baby Powder,Parle,Baby Care,Baby Powder,320,1473.29,1759.83,0,365,53,419,6.38,ml,2025-11-23 00:00:00,Active
6331,Patanjali Mineral Water,Patanjali,Beverages,Mineral Water,396,1566.48,2157.41,18,30,42,175,4.2,kg,2025-12-16 00:00:00,Active
6332,Dettol Energy Drink,Dettol,Beverages,Energy Drink,62,1167.02,1338.01,18,365,113,74,9.37,kg,2021-08-11 00:00:00,Active
6333,Sunfeast Butter,Sunfeast,Dairy,Butter,493,1183.45,1825.22,5,90,103,94,0.64,L,2025-08-20 00:00:00,Active
6334,Parle Cookies,Parle,Snacks,Cookies,68,1748.59,2567.89,0,180,116,312,9.03,g,2022-06-23 00:00:00,Active
6335,ITC Butter,ITC,Dairy,Butter,451,357.96,530.84,18,90,91,264,8.27,kg,2025-06-16 00:00:00,Active
6336,Godrej Energy Drink,Godrej,Beverages,Energy Drink,119,1678.99,2295.13,18,30,79,211,8.98,pcs,2024-12-06 00:00:00,Active
6337,Lizol Frying Pan,Lizol,Kitchen,Frying Pan,31,1246.06,1913.59,5,90,33,320,5.6,g,2025-10-13 00:00:00,Active
6338,Dabur Baby Lotion,Dabur,Baby Care,Baby Lotion,121,1356.99,2051.93,12,90,28,485,8.71,kg,2022-06-21 00:00:00,Active
6339,Britannia Biscuits,Britannia,Snacks,Biscuits,37,146.21,199.14,18,30,100,343,9.31,g,2026-02-28 00:00:00,Active
6340,Amul Energy Drink,Amul,Beverages,Energy Drink,320,1338.51,1842.71,18,60,73,175,2.49,pcs,2020-11-02 00:00:00,Active
6341,Amul Juice,Amul,Beverages,Juice,278,287.89,347.66,12,60,35,122,2.75,kg,2025-08-07 00:00:00,Active
6342,Godrej Biscuits,Godrej,Snacks,Biscuits,381,182.49,279.65,18,30,22,255,2.76,pcs,2021-05-01 00:00:00,Active
6343,Godrej Knife,Godrej,Kitchen,Knife,13,824.03,1076.81,5,365,21,492,7.38,ml,2020-09-25 00:00:00,Active
6344,Aashirvaad Toor Dal,Aashirvaad,Grocery,Toor Dal,96,98.64,151.62,0,60,119,442,4.38,pcs,2026-03-24 00:00:00,Active
6345,Pedigree Knife,Pedigree,Kitchen,Knife,459,891.56,1330.23,12,60,93,319,1.97,ml,2024-05-26 00:00:00,Active
6346,Godrej Energy Drink,Godrej,Beverages,Energy Drink,197,108.44,156.28,12,365,24,488,9.1,L,2024-05-04 00:00:00,Active
6347,Amul Soft Drink,Amul,Beverages,Soft Drink,490,749.25,1140.97,5,30,38,184,5.23,pcs,2026-07-08 00:00:00,Active
6348,Pedigree Namkeen,Pedigree,Snacks,Namkeen,162,103.34,143.75,12,90,77,171,2.71,pcs,2023-11-22 00:00:00,Active
6349,Patanjali Soap,Patanjali,Personal Care,Soap,224,1513.54,1783.47,18,30,73,143,8.38,g,2025-05-16 00:00:00,Active
6350,Pedigree Pressure Cooker,Pedigree,Kitchen,Pressure Cooker,383,1209.17,1467.31,5,90,98,203,3.4,kg,2022-10-14 00:00:00,Active
6351,Parle Cookies,Parle,Snacks,Cookies,86,1186.05,1358.65,18,180,45,315,6.52,pcs,2020-09-03 00:00:00,Active
6352,Dettol Poha,Dettol,Grocery,Poha,128,1385.87,1983.72,0,365,118,293,7.05,g,2021-10-03 00:00:00,Active
6353,Britannia Dishwash Liquid,Britannia,Household,Dishwash Liquid,88,58.19,89.78,5,30,110,131,8.79,ml,2020-09-05 00:00:00,Active
6354,Colgate Frying Pan,Colgate,Kitchen,Frying Pan,245,1059.17,1232.99,0,90,82,64,7.14,ml,2025-10-25 00:00:00,Active
6355,HUL Poha,HUL,Grocery,Poha,465,942.2,1129.58,0,30,21,393,0.47,pcs,2022-07-22 00:00:00,Active
6356,Britannia Milk,Britannia,Dairy,Milk,487,1013.04,1156.62,5,365,41,107,7.75,kg,2026-03-24 00:00:00,Active
6357,Lizol Frying Pan,Lizol,Kitchen,Frying Pan,457,928.37,1173.21,12,30,79,307,5.85,g,2021-05-08 00:00:00,Active
6358,ITC Soap,ITC,Personal Care,Soap,91,1572.93,2373.91,12,60,96,231,9.23,L,2025-08-01 00:00:00,Active
6359,Britannia Energy Drink,Britannia,Beverages,Energy Drink,46,1033.31,1579.9,12,90,40,139,9.21,kg,2021-01-21 00:00:00,Active
6360,Surf Excel Soft Drink,Surf Excel,Beverages,Soft Drink,192,419.82,481.51,18,90,59,180,7.92,ml,2025-09-08 00:00:00,Active
6361,Fortune Shampoo,Fortune,Personal Care,Shampoo,30,1663.27,2143.13,12,180,43,356,2.64,L,2023-12-04 00:00:00,Active
6362,Amul Coffee,Amul,Grocery,Coffee,115,40.97,59.03,0,30,28,272,6.44,pcs,2024-11-09 00:00:00,Active
6363,Colgate Suji,Colgate,Grocery,Suji,369,834.6,950.9,5,30,40,189,1.18,pcs,2023-02-20 00:00:00,Active
6364,Surf Excel Detergent,Surf Excel,Household,Detergent,137,1274.03,1434.22,5,60,48,446,3.56,L,2020-08-31 00:00:00,Active
6365,Nestle Cheese,Nestle,Dairy,Cheese,129,1354.01,2062.21,5,365,101,313,1.21,kg,2023-06-06 00:00:00,Active
6366,HUL Pet Shampoo,HUL,Pet Care,Pet Shampoo,5,1027.36,1538.56,12,60,79,346,9.11,pcs,2022-08-31 00:00:00,Active
6367,Lizol Dishwash Liquid,Lizol,Household,Dishwash Liquid,199,281.86,402.46,12,30,86,437,1.11,g,2024-04-01 00:00:00,Active
6368,Nestle Namkeen,Nestle,Snacks,Namkeen,202,1458.2,1757.82,5,90,49,374,2.99,kg,2025-11-14 00:00:00,Active
6369,Patanjali Pet Shampoo,Patanjali,Pet Care,Pet Shampoo,290,1268.81,1734.21,5,60,95,234,8.78,L,2023-11-09 00:00:00,Active
6370,Aashirvaad Moong Dal,Aashirvaad,Grocery,Moong Dal,122,493.46,686.75,5,30,90,143,4.49,kg,2020-10-08 00:00:00,Active
6371,Colgate Baby Powder,Colgate,Baby Care,Baby Powder,430,1003.32,1305.61,0,365,119,447,3.06,ml,2021-08-29 00:00:00,Active
6372,Lizol Poha,Lizol,Grocery,Poha,430,1745.31,2405.98,18,60,86,261,5.03,L,2023-06-26 00:00:00,Active
6373,Parle Mineral Water,Parle,Beverages,Mineral Water,263,586.75,858.21,0,90,93,385,4.04,g,2024-10-20 00:00:00,Active
6374,Nivea Dishwash Liquid,Nivea,Household,Dishwash Liquid,58,67.37,82.62,12,60,97,432,3.42,g,2025-04-17 00:00:00,Active
6375,Patanjali Juice,Patanjali,Beverages,Juice,155,650.59,764.96,12,180,63,88,4.56,g,2025-07-02 00:00:00,Active
6376,Dabur Cheese,Dabur,Dairy,Cheese,66,1674.67,2329.44,0,365,77,446,6.91,g,2021-05-02 00:00:00,Active
6377,Dabur Tissue Paper,Dabur,Household,Tissue Paper,96,778.04,994.33,12,365,104,267,7.4,kg,2025-10-15 00:00:00,Active
6378,Nestle Face Wash,Nestle,Personal Care,Face Wash,59,230.58,258.3,0,180,58,391,3.43,g,2020-10-12 00:00:00,Active
6379,Nestle Lunch Box,Nestle,Kitchen,Lunch Box,378,1166.3,1731.91,12,30,87,234,3.33,kg,2024-02-22 00:00:00,Active
6380,Patanjali Pressure Cooker,Patanjali,Kitchen,Pressure Cooker,178,41.63,58.92,12,180,31,81,9.77,ml,2020-11-01 00:00:00,Active
6381,Dettol Salt,Dettol,Grocery,Salt,46,201.58,291.04,12,60,108,283,0.86,kg,2022-02-20 00:00:00,Active
6382,Amul Diapers,Amul,Baby Care,Diapers,360,789.86,936.25,18,365,87,335,0.75,L,2021-01-27 00:00:00,Active
6383,Britannia Tissue Paper,Britannia,Household,Tissue Paper,174,718.82,1001.32,12,365,92,465,1.16,g,2026-02-15 00:00:00,Active
6384,Lizol Shampoo,Lizol,Personal Care,Shampoo,312,1250.31,1758.27,0,30,68,461,6.42,L,2022-12-18 00:00:00,Active
6385,Godrej Baby Soap,Godrej,Baby Care,Baby Soap,196,1396.05,2022.05,5,60,21,63,8.41,kg,2023-03-02 00:00:00,Active
6386,Britannia Floor Cleaner,Britannia,Household,Floor Cleaner,161,955.24,1135.11,0,365,68,312,5.39,pcs,2022-07-28 00:00:00,Active
6387,ITC Knife,ITC,Kitchen,Knife,102,171.05,235.14,18,180,72,327,2.63,L,2023-05-12 00:00:00,Active
6388,Pedigree Chips,Pedigree,Snacks,Chips,27,1428.79,1896.98,18,60,38,370,1.2,pcs,2025-09-28 00:00:00,Discontinued
6389,Colgate Shampoo,Colgate,Personal Care,Shampoo,8,1324.8,1595.74,0,60,104,342,0.31,pcs,2021-05-07 00:00:00,Active
6390,Parle Dishwash Liquid,Parle,Household,Dishwash Liquid,79,642.92,806.15,5,365,109,335,1.11,g,2021-10-09 00:00:00,Active
6391,Lizol Garbage Bags,Lizol,Household,Garbage Bags,44,1574.79,2373.47,5,90,106,193,8.96,g,2021-10-20 00:00:00,Active
6392,Colgate Cookies,Colgate,Snacks,Cookies,92,889.56,1372.97,5,365,35,281,1.12,g,2021-07-04 00:00:00,Active
6393,Aashirvaad Coffee,Aashirvaad,Grocery,Coffee,1,1492.1,2238.66,5,90,49,242,7.19,pcs,2026-02-15 00:00:00,Discontinued
6394,Nivea Paneer,Nivea,Dairy,Paneer,407,113.9,128.92,18,90,70,401,5.82,kg,2025-09-02 00:00:00,Active
6395,Surf Excel Salt,Surf Excel,Grocery,Salt,170,1218,1531.71,18,180,69,91,2.42,g,2023-11-11 00:00:00,Active
6396,Godrej Soft Drink,Godrej,Beverages,Soft Drink,421,1524.55,1884.59,0,90,80,96,3.15,ml,2021-02-06 00:00:00,Active
6397,ITC Moong Dal,ITC,Grocery,Moong Dal,183,1328.45,1598.17,12,30,57,341,8.74,ml,2024-06-07 00:00:00,Discontinued
6398,Parle Milk,Parle,Dairy,Milk,472,957.54,1133.05,18,30,96,252,8.28,g,2021-12-31 00:00:00,Active
6399,Parle Diapers,Parle,Baby Care,Diapers,240,670.91,993.46,18,60,80,252,9.93,pcs,2024-07-24 00:00:00,Active
6400,Pedigree Dishwash Liquid,Pedigree,Household,Dishwash Liquid,338,34.92,46.81,5,30,21,160,8.58,L,2024-10-09 00:00:00,Active
6401,Britannia Shampoo,Britannia,Personal Care,Shampoo,305,1648.34,2046.1,5,30,97,484,9.51,ml,2020-10-10 00:00:00,Active
6402,Surf Excel Namkeen,Surf Excel,Snacks,Namkeen,428,909.54,1296.65,0,30,102,141,1.55,pcs,2024-06-07 00:00:00,Active
6403,Britannia Cheese,Britannia,Dairy,Cheese,311,1523.31,1981.03,12,90,38,63,3.77,kg,2022-10-11 00:00:00,Active
6404,Aashirvaad Chana Dal,Aashirvaad,Grocery,Chana Dal,53,1587.72,2385.49,5,365,83,231,7.21,g,2022-08-07 00:00:00,Discontinued
6405,Amul Hair Oil,Amul,Personal Care,Hair Oil,396,1175.96,1708.35,0,30,45,273,8.02,L,2025-01-05 00:00:00,Active
6406,Godrej Face Wash,Godrej,Personal Care,Face Wash,393,1292.17,1925.55,5,30,55,140,3.43,pcs,2022-01-16 00:00:00,Active
6407,Mamaearth Cheese,Mamaearth,Dairy,Cheese,235,1008.51,1257.15,18,365,42,136,5.69,g,2022-08-10 00:00:00,Active
6408,Lizol Bottle,Lizol,Kitchen,Bottle,247,1684.06,2594.73,5,30,80,493,4.33,pcs,2021-02-09 00:00:00,Active
6409,Britannia Garbage Bags,Britannia,Household,Garbage Bags,138,642.74,732.51,5,30,102,362,4.73,kg,2020-11-21 00:00:00,Active
6410,Britannia Garbage Bags,Britannia,Household,Garbage Bags,22,871.11,976.2,18,90,27,289,8.81,g,2024-01-20 00:00:00,Active
6411,Aashirvaad Dog Food,Aashirvaad,Pet Care,Dog Food,400,1797.04,2613.27,0,365,45,390,2.18,kg,2023-06-05 00:00:00,Active
6412,Mamaearth Knife,Mamaearth,Kitchen,Knife,34,949.6,1195.41,12,180,99,174,8.67,ml,2020-07-29 00:00:00,Active
6413,Mamaearth Baby Powder,Mamaearth,Baby Care,Baby Powder,26,134.59,182.41,0,365,35,306,7.03,ml,2022-04-02 00:00:00,Active
6414,Surf Excel Chips,Surf Excel,Snacks,Chips,182,1070.33,1554.5,0,90,102,82,6.18,g,2024-01-23 00:00:00,Active
6415,Britannia Lunch Box,Britannia,Kitchen,Lunch Box,233,821.59,1231.64,18,90,57,237,7.76,kg,2022-02-21 00:00:00,Active
6416,Surf Excel Tissue Paper,Surf Excel,Household,Tissue Paper,151,1189.83,1613.3,18,180,109,343,0.63,kg,2021-01-04 00:00:00,Active
6417,Mamaearth Mineral Water,Mamaearth,Beverages,Mineral Water,478,808.54,1093.65,0,365,31,177,6.26,kg,2022-01-28 00:00:00,Active
6418,Aashirvaad Dog Food,Aashirvaad,Pet Care,Dog Food,193,1051.94,1310.98,18,30,53,393,4.79,ml,2024-03-18 00:00:00,Active
6419,Sunfeast Soft Drink,Sunfeast,Beverages,Soft Drink,116,1078.72,1451.55,5,90,36,351,6.7,L,2026-06-29 00:00:00,Active
6420,Fortune Moong Dal,Fortune,Grocery,Moong Dal,69,604.22,683.93,0,90,112,420,2.48,kg,2022-03-22 00:00:00,Active
6421,Tata Diapers,Tata,Baby Care,Diapers,452,219.23,329.36,12,30,45,253,6.65,L,2025-07-04 00:00:00,Active
6422,Colgate Pressure Cooker,Colgate,Kitchen,Pressure Cooker,424,918.39,1387.82,5,60,43,244,1.66,kg,2022-10-22 00:00:00,Active
6423,Surf Excel Bottle,Surf Excel,Kitchen,Bottle,290,1111.6,1472.37,0,90,67,101,3.28,g,2024-12-17 00:00:00,Active
6424,Colgate Knife,Colgate,Kitchen,Knife,361,1262.2,1529.72,0,365,30,442,6.37,g,2023-04-09 00:00:00,Active
6425,Colgate Cooking Oil,Colgate,Grocery,Cooking Oil,26,173.39,214.79,12,90,29,220,4,g,2023-04-24 00:00:00,Active
6426,Parle Cooking Oil,Parle,Grocery,Cooking Oil,292,878.84,1319.31,12,365,108,364,2.85,kg,2024-10-06 00:00:00,Active
6427,Pedigree Cheese,Pedigree,Dairy,Cheese,90,1477.4,2021.59,18,180,43,442,9.97,pcs,2021-11-28 00:00:00,Active
6428,Godrej Diapers,Godrej,Baby Care,Diapers,189,115.29,161.58,18,30,23,456,1.73,g,2026-04-01 00:00:00,Active
6429,HUL Dog Food,HUL,Pet Care,Dog Food,99,547.86,824.26,12,90,47,188,1.26,ml,2023-01-21 00:00:00,Active
6430,Sunfeast Lunch Box,Sunfeast,Kitchen,Lunch Box,455,863.88,1193.8,18,365,118,362,1.33,pcs,2026-02-16 00:00:00,Active
6431,Surf Excel Coffee,Surf Excel,Grocery,Coffee,126,565.16,802.75,12,180,76,289,2.65,L,2026-05-17 00:00:00,Active
6432,Patanjali Baby Powder,Patanjali,Baby Care,Baby Powder,368,554.97,692.55,0,365,24,94,1.85,kg,2022-05-18 00:00:00,Discontinued
6433,Patanjali Paneer,Patanjali,Dairy,Paneer,75,1493.9,1839.21,0,180,53,306,0.66,L,2025-05-24 00:00:00,Active
6434,Britannia Dog Food,Britannia,Pet Care,Dog Food,88,634.61,796.56,18,30,97,120,7.51,pcs,2023-03-20 00:00:00,Active
6435,Britannia Detergent,Britannia,Household,Detergent,3,1033.64,1329.67,5,60,86,320,9.53,pcs,2023-06-04 00:00:00,Active
6436,Patanjali Dog Food,Patanjali,Pet Care,Dog Food,248,960.19,1484.5,0,180,39,150,9.42,L,2022-11-04 00:00:00,Active
6437,Nestle Frying Pan,Nestle,Kitchen,Frying Pan,98,649.99,967.24,18,365,119,360,1.78,ml,2026-07-13 00:00:00,Active
6438,Dabur Rice,Dabur,Grocery,Rice,401,390.13,569.04,18,180,22,187,2.29,g,2024-11-15 00:00:00,Active
6439,Colgate Detergent,Colgate,Household,Detergent,420,382.55,512.82,5,60,84,362,9.77,ml,2024-06-25 00:00:00,Active
6440,Tata Milk,Tata,Dairy,Milk,315,842.4,1039.63,0,30,29,437,5.39,pcs,2023-06-03 00:00:00,Active
6441,Amul Diapers,Amul,Baby Care,Diapers,282,1307.53,1771.21,0,30,39,310,1.2,ml,2023-06-12 00:00:00,Active
6442,Britannia Mineral Water,Britannia,Beverages,Mineral Water,174,206.57,318.48,12,30,107,443,9.21,g,2022-06-26 00:00:00,Active
6443,Britannia Baby Lotion,Britannia,Baby Care,Baby Lotion,169,1585.06,2088.37,12,60,22,367,4.34,g,2023-11-09 00:00:00,Active
6444,Nivea Dog Food,Nivea,Pet Care,Dog Food,275,763.62,1025.04,5,30,34,277,5,g,2026-03-12 00:00:00,Active
6445,Parle Hair Oil,Parle,Personal Care,Hair Oil,348,1604.52,2425.46,12,90,51,290,6.04,ml,2026-04-09 00:00:00,Active
6446,Sunfeast Baby Powder,Sunfeast,Baby Care,Baby Powder,363,1456.33,2061.81,18,365,38,337,8.23,kg,2021-10-26 00:00:00,Active
6447,Tata Pet Shampoo,Tata,Pet Care,Pet Shampoo,468,1007.26,1419.53,5,30,50,164,3.48,kg,2025-06-28 00:00:00,Active
6448,Sunfeast Cat Food,Sunfeast,Pet Care,Cat Food,266,84.73,101.44,12,90,27,156,5.6,L,2024-08-07 00:00:00,Active
6449,Colgate Milk,Colgate,Dairy,Milk,318,936.29,1382.06,18,60,119,88,9.41,g,2024-07-14 00:00:00,Active
6450,ITC Biscuits,ITC,Snacks,Biscuits,365,118.84,167.5,0,365,57,230,8.37,pcs,2021-07-19 00:00:00,Active
6451,Amul Curd,Amul,Dairy,Curd,256,209.65,235.71,5,30,89,89,3.82,L,2024-08-28 00:00:00,Active
6452,Aashirvaad Milk,Aashirvaad,Dairy,Milk,392,51.35,74.55,5,90,102,274,7.98,ml,2020-12-29 00:00:00,Active
6453,ITC Namkeen,ITC,Snacks,Namkeen,365,1543.67,1940.15,12,60,69,107,7.03,ml,2020-08-10 00:00:00,Active
6454,Tata Garbage Bags,Tata,Household,Garbage Bags,149,1441.44,2021.65,5,90,87,495,1.61,pcs,2025-05-07 00:00:00,Active
6455,Aashirvaad Tea,Aashirvaad,Grocery,Tea,87,814.51,1246.73,5,180,41,171,5.8,ml,2022-08-05 00:00:00,Active
6456,Amul Mineral Water,Amul,Beverages,Mineral Water,340,269.86,364.13,12,90,120,437,1.85,ml,2026-02-20 00:00:00,Active
6457,Britannia Pet Shampoo,Britannia,Pet Care,Pet Shampoo,357,952.78,1083.61,5,90,81,451,1.51,pcs,2023-04-14 00:00:00,Active
6458,Britannia Knife,Britannia,Kitchen,Knife,123,1433.3,1793.36,18,60,89,141,6.19,g,2024-10-23 00:00:00,Active
6459,HUL Baby Soap,HUL,Baby Care,Baby Soap,172,212.39,274.62,0,30,120,260,5.27,kg,2021-05-15 00:00:00,Active
6460,Britannia Butter,Britannia,Dairy,Butter,442,1573.35,2187.84,0,60,38,494,1.15,g,2025-11-29 00:00:00,Active
6461,Parle Face Wash,Parle,Personal Care,Face Wash,160,437.01,576.05,12,365,93,405,8.87,ml,2024-05-27 00:00:00,Active
6462,Parle Pressure Cooker,Parle,Kitchen,Pressure Cooker,289,312.98,482.27,0,60,67,388,9.21,ml,2023-05-15 00:00:00,Active
6463,Patanjali Pressure Cooker,Patanjali,Kitchen,Pressure Cooker,414,853.84,1054.44,0,90,120,90,3.24,ml,2025-03-04 00:00:00,Active
6464,Nestle Floor Cleaner,Nestle,Household,Floor Cleaner,409,123.7,152.69,0,90,99,324,5.97,g,2021-09-28 00:00:00,Active
6465,Fortune Milk,Fortune,Dairy,Milk,249,1496.56,2145.24,18,30,109,466,2.93,L,2026-03-19 00:00:00,Active
6466,Britannia Moong Dal,Britannia,Grocery,Moong Dal,395,156.22,229.71,18,365,32,475,6.07,L,2022-11-03 00:00:00,Active
6467,Tata Dishwash Liquid,Tata,Household,Dishwash Liquid,386,314.9,395.47,18,60,94,463,3.23,kg,2023-04-15 00:00:00,Active
6468,Godrej Floor Cleaner,Godrej,Household,Floor Cleaner,250,137.29,153.95,0,90,59,55,7.9,pcs,2025-11-08 00:00:00,Active
6517,Tata Curd,Tata,Dairy,Curd,490,1022.56,1174.94,12,180,94,405,1.12,g,2025-11-08 00:00:00,Active
6469,Patanjali Chocolate,Patanjali,Snacks,Chocolate,306,531.56,686.46,18,60,66,418,9.49,pcs,2021-10-24 00:00:00,Active
6470,Pedigree Toothpaste,Pedigree,Personal Care,Toothpaste,221,1072.42,1410.61,5,90,86,430,3.81,L,2024-08-20 00:00:00,Active
6471,HUL Sugar,HUL,Grocery,Sugar,372,1235.98,1400.46,18,60,96,243,6.87,pcs,2023-04-19 00:00:00,Active
6472,Sunfeast Lunch Box,Sunfeast,Kitchen,Lunch Box,451,156.59,209.53,12,365,23,187,0.51,g,2020-10-25 00:00:00,Active
6473,Fortune Shampoo,Fortune,Personal Care,Shampoo,424,220.52,333.65,5,30,33,451,6.66,kg,2023-12-26 00:00:00,Active
6474,Parle Curd,Parle,Dairy,Curd,307,709.28,868.18,18,365,58,353,4.14,ml,2022-04-17 00:00:00,Active
6475,Godrej Dog Food,Godrej,Pet Care,Dog Food,183,1327.24,1557.81,5,365,31,143,1.77,kg,2020-08-12 00:00:00,Active
6476,Sunfeast Shampoo,Sunfeast,Personal Care,Shampoo,293,72.9,91.58,0,90,117,171,4.19,L,2024-09-30 00:00:00,Active
6477,Sunfeast Toothpaste,Sunfeast,Personal Care,Toothpaste,71,1358.86,1674.03,0,30,21,260,4.49,pcs,2022-03-29 00:00:00,Active
6478,Patanjali Moong Dal,Patanjali,Grocery,Moong Dal,88,1145.32,1301.25,18,30,63,98,6.36,pcs,2021-08-23 00:00:00,Active
6479,Amul Toor Dal,Amul,Grocery,Toor Dal,477,1222.53,1529.86,18,90,117,438,9.79,ml,2020-10-21 00:00:00,Active
6480,Parle Frying Pan,Parle,Kitchen,Frying Pan,34,266.46,333.8,12,90,114,372,6.2,ml,2026-02-18 00:00:00,Active
6481,HUL Tissue Paper,HUL,Household,Tissue Paper,487,597.03,684.56,12,30,75,174,1.14,pcs,2025-10-10 00:00:00,Active
6482,Britannia Cat Food,Britannia,Pet Care,Cat Food,346,1378.8,1789.34,5,30,62,147,6.14,kg,2024-10-19 00:00:00,Active
6483,Amul Moong Dal,Amul,Grocery,Moong Dal,248,1277.53,1960.83,12,365,100,441,1.32,ml,2025-08-20 00:00:00,Active
6484,Britannia Frying Pan,Britannia,Kitchen,Frying Pan,478,374.86,521.61,0,60,95,170,4.88,pcs,2026-04-24 00:00:00,Active
6485,Nestle Juice,Nestle,Beverages,Juice,12,1513.95,1754.02,12,90,95,215,8.78,kg,2021-12-13 00:00:00,Active
6486,Nestle Mineral Water,Nestle,Beverages,Mineral Water,14,124.33,185.22,18,30,69,340,1.07,pcs,2022-05-02 00:00:00,Active
6487,Colgate Floor Cleaner,Colgate,Household,Floor Cleaner,256,1793.92,2053.21,0,180,70,496,5.93,ml,2021-06-25 00:00:00,Discontinued
6488,Surf Excel Cookies,Surf Excel,Snacks,Cookies,244,1125.26,1670.31,0,180,81,174,9.54,g,2025-08-05 00:00:00,Active
6489,Nivea Tissue Paper,Nivea,Household,Tissue Paper,403,1381.58,1589.46,12,60,84,353,2.97,ml,2021-02-24 00:00:00,Active
6490,HUL Lunch Box,HUL,Kitchen,Lunch Box,183,146.48,195.58,12,60,104,212,4.21,ml,2023-08-16 00:00:00,Active
6491,Pedigree Lunch Box,Pedigree,Kitchen,Lunch Box,461,1193.5,1338.1,12,30,30,266,6.69,ml,2024-04-28 00:00:00,Active
6492,Tata Milk,Tata,Dairy,Milk,327,385.17,434.83,12,60,118,205,1.47,pcs,2025-06-20 00:00:00,Active
6493,Mamaearth Diapers,Mamaearth,Baby Care,Diapers,265,1703.34,2234.45,18,365,120,342,8.18,kg,2020-10-27 00:00:00,Discontinued
6494,Surf Excel Knife,Surf Excel,Kitchen,Knife,421,1453.31,1702.16,0,90,34,440,2.51,pcs,2020-12-11 00:00:00,Active
6495,Britannia Baby Soap,Britannia,Baby Care,Baby Soap,449,532.72,726.21,18,30,46,332,2.43,kg,2021-02-21 00:00:00,Active
6496,ITC Milk,ITC,Dairy,Milk,327,674.77,896.38,18,30,28,325,2.3,ml,2023-01-28 00:00:00,Active
6497,Dabur Tea,Dabur,Grocery,Tea,194,1354.17,2094.44,0,365,57,168,9.22,kg,2020-10-16 00:00:00,Active
6498,Parle Juice,Parle,Beverages,Juice,66,1423.68,2080.75,5,365,118,377,2.57,L,2024-04-05 00:00:00,Active
6499,Dettol Mineral Water,Dettol,Beverages,Mineral Water,392,161.09,239.69,12,90,82,132,6.3,pcs,2026-06-19 00:00:00,Active
6500,Sunfeast Cheese,Sunfeast,Dairy,Cheese,161,1639.26,2337.63,18,60,67,93,3.29,L,2022-11-30 00:00:00,Discontinued
6501,Sunfeast Baby Lotion,Sunfeast,Baby Care,Baby Lotion,223,788.66,1035.12,18,90,82,96,1.56,g,2025-02-25 00:00:00,Active
6502,Godrej Baby Powder,Godrej,Baby Care,Baby Powder,234,955.54,1191.84,12,30,107,218,8.38,pcs,2026-07-13 00:00:00,Active
6503,Aashirvaad Rice,Aashirvaad,Grocery,Rice,217,1518.48,1852.18,18,60,71,76,4.4,g,2022-03-22 00:00:00,Discontinued
6504,Dettol Atta,Dettol,Grocery,Atta,324,1508.77,2083.7,5,30,115,70,6.19,pcs,2024-06-10 00:00:00,Active
6505,HUL Knife,HUL,Kitchen,Knife,370,335.72,423.98,18,365,49,184,3.25,kg,2026-05-11 00:00:00,Active
6506,Sunfeast Milk,Sunfeast,Dairy,Milk,49,632.37,793.53,5,365,39,441,1.79,ml,2024-01-11 00:00:00,Active
6507,Aashirvaad Energy Drink,Aashirvaad,Beverages,Energy Drink,141,927.02,1129.72,18,30,62,126,9.83,L,2023-01-29 00:00:00,Active
6508,Parle Cookies,Parle,Snacks,Cookies,349,693.39,978.69,0,60,84,306,3.8,L,2025-06-07 00:00:00,Active
6509,Pedigree Soap,Pedigree,Personal Care,Soap,470,548.02,735.06,18,30,87,321,8.02,pcs,2025-06-22 00:00:00,Active
6510,Amul Pet Shampoo,Amul,Pet Care,Pet Shampoo,201,1619.08,2159.28,18,30,66,180,3.64,pcs,2023-06-20 00:00:00,Active
6511,Surf Excel Baby Lotion,Surf Excel,Baby Care,Baby Lotion,42,802.37,908.06,5,180,60,85,1.56,kg,2026-05-27 00:00:00,Active
6512,Dettol Mineral Water,Dettol,Beverages,Mineral Water,208,718.07,836.7,12,180,43,486,6.87,L,2024-08-23 00:00:00,Active
6513,Nivea Tissue Paper,Nivea,Household,Tissue Paper,368,497.01,730.02,5,60,85,358,5.34,g,2025-11-07 00:00:00,Active
6514,Godrej Soap,Godrej,Personal Care,Soap,471,452.02,524.66,12,60,70,497,4.67,g,2022-03-16 00:00:00,Active
6515,Nestle Cookies,Nestle,Snacks,Cookies,482,647.5,750.58,12,60,22,327,0.38,L,2026-01-27 00:00:00,Active
6516,Dabur Rice,Dabur,Grocery,Rice,230,593.49,676.24,12,90,109,455,4.86,pcs,2026-07-16 00:00:00,Active
6518,Parle Dog Food,Parle,Pet Care,Dog Food,308,822.03,1136.15,5,180,41,453,3.11,pcs,2020-12-18 00:00:00,Active
6519,Patanjali Pet Shampoo,Patanjali,Pet Care,Pet Shampoo,29,1465.56,1788.83,18,90,64,386,6.24,ml,2022-07-15 00:00:00,Active
6520,Tata Curd,Tata,Dairy,Curd,3,626.95,892.65,5,60,76,367,4.4,ml,2026-01-13 00:00:00,Active
6521,ITC Rice,ITC,Grocery,Rice,283,1466.32,1978.92,12,90,108,84,4.58,pcs,2024-10-27 00:00:00,Active
6522,Nivea Frying Pan,Nivea,Kitchen,Frying Pan,59,456.14,649.04,0,365,85,342,4.38,g,2021-01-02 00:00:00,Active
6523,Parle Moong Dal,Parle,Grocery,Moong Dal,403,1224.42,1709.6,12,30,114,247,0.34,L,2022-02-08 00:00:00,Active
6524,Pedigree Soft Drink,Pedigree,Beverages,Soft Drink,313,34.28,45.92,12,30,93,85,3.41,g,2021-01-04 00:00:00,Active
6525,Colgate Detergent,Colgate,Household,Detergent,212,1269.82,1916.6,5,60,97,324,9.03,g,2021-02-19 00:00:00,Active
6526,Surf Excel Floor Cleaner,Surf Excel,Household,Floor Cleaner,48,713.14,1063.29,5,60,60,336,2.73,L,2021-09-18 00:00:00,Active
6527,Godrej Coffee,Godrej,Grocery,Coffee,142,181.58,224.65,18,60,119,72,2.75,g,2022-06-11 00:00:00,Active
6528,Mamaearth Pet Shampoo,Mamaearth,Pet Care,Pet Shampoo,394,850.94,1116.95,0,60,105,486,6.17,g,2025-04-29 00:00:00,Active
6529,Surf Excel Milk,Surf Excel,Dairy,Milk,397,74.91,115.96,5,365,48,491,8.63,kg,2023-04-28 00:00:00,Active
6530,Dettol Mineral Water,Dettol,Beverages,Mineral Water,120,1504.01,2077.78,5,30,104,270,3.41,kg,2023-06-20 00:00:00,Active
6531,Colgate Dishwash Liquid,Colgate,Household,Dishwash Liquid,122,1158.19,1779,5,180,68,87,0.58,g,2022-06-07 00:00:00,Active
6532,Nivea Pet Shampoo,Nivea,Pet Care,Pet Shampoo,373,1575.89,2240.56,18,90,102,426,6.1,ml,2021-04-23 00:00:00,Active
6533,Amul Face Wash,Amul,Personal Care,Face Wash,470,671.83,890.11,0,90,22,119,6.96,kg,2026-07-13 00:00:00,Active
6534,Tata Detergent,Tata,Household,Detergent,500,927.23,1387.03,5,180,111,316,8.67,L,2022-01-04 00:00:00,Active
6535,Parle Dog Food,Parle,Pet Care,Dog Food,420,514.21,719.68,12,90,103,479,7.98,ml,2024-01-27 00:00:00,Active
6536,Mamaearth Face Wash,Mamaearth,Personal Care,Face Wash,493,1228.66,1825.74,12,90,44,141,7.6,g,2026-05-06 00:00:00,Active
6537,ITC Dog Food,ITC,Pet Care,Dog Food,345,1673.86,1880.48,18,60,43,114,7.85,L,2024-12-21 00:00:00,Active
6538,Amul Soap,Amul,Personal Care,Soap,154,36.52,46.48,12,90,70,466,9.31,g,2022-01-02 00:00:00,Active
6539,ITC Chocolate,ITC,Snacks,Chocolate,142,895.91,1189.93,5,60,53,289,4.54,kg,2022-10-31 00:00:00,Active
6540,Fortune Bottle,Fortune,Kitchen,Bottle,197,442.77,652.74,5,365,39,222,6.82,pcs,2025-06-17 00:00:00,Active
6541,Nivea Bottle,Nivea,Kitchen,Bottle,255,305.53,445.9,12,365,69,236,3.75,pcs,2021-08-29 00:00:00,Active
6542,HUL Soap,HUL,Personal Care,Soap,410,1686.18,1890.76,18,30,26,266,1.55,L,2021-06-22 00:00:00,Active
6543,Mamaearth Butter,Mamaearth,Dairy,Butter,95,395.18,460.97,12,90,117,498,3.93,L,2020-11-20 00:00:00,Active
6544,Aashirvaad Diapers,Aashirvaad,Baby Care,Diapers,95,732.51,951.02,0,180,74,381,1.5,L,2026-07-14 00:00:00,Active
6545,Mamaearth Juice,Mamaearth,Beverages,Juice,73,743.56,1105.24,18,60,57,411,5.27,L,2024-04-08 00:00:00,Active
6546,Fortune Hair Oil,Fortune,Personal Care,Hair Oil,353,148.42,201.76,12,60,75,214,6.79,pcs,2021-09-26 00:00:00,Active
6547,Britannia Energy Drink,Britannia,Beverages,Energy Drink,180,672.15,1006.46,12,365,57,92,3.37,ml,2023-05-05 00:00:00,Active
6548,Amul Paneer,Amul,Dairy,Paneer,306,324.01,384.75,12,30,114,328,7.41,pcs,2021-03-26 00:00:00,Active
6549,ITC Baby Lotion,ITC,Baby Care,Baby Lotion,3,693.35,870.62,0,90,96,81,8.47,ml,2025-02-25 00:00:00,Active
6550,Dettol Paneer,Dettol,Dairy,Paneer,16,512.48,740.38,0,90,113,308,6.75,ml,2024-03-17 00:00:00,Active
6551,Amul Tea,Amul,Grocery,Tea,420,1558.82,1849.86,18,365,38,132,2.62,kg,2026-03-14 00:00:00,Active
6552,Parle Mineral Water,Parle,Beverages,Mineral Water,463,1402.67,1872.43,18,365,57,284,3.28,g,2025-06-30 00:00:00,Active
6553,Aashirvaad Paneer,Aashirvaad,Dairy,Paneer,428,153.17,198.3,12,365,98,169,7.42,g,2025-11-29 00:00:00,Active
6554,Britannia Floor Cleaner,Britannia,Household,Floor Cleaner,208,501.35,568.87,0,90,37,476,4.2,g,2025-02-18 00:00:00,Active
6555,Pedigree Cat Food,Pedigree,Pet Care,Cat Food,246,1085.66,1573.15,5,365,84,206,3.97,pcs,2025-07-06 00:00:00,Active
6556,Dettol Bottle,Dettol,Kitchen,Bottle,9,748.14,847.62,12,180,66,355,7.64,pcs,2025-08-02 00:00:00,Active
6557,Mamaearth Soft Drink,Mamaearth,Beverages,Soft Drink,271,1219.59,1409.26,0,365,52,70,3.51,pcs,2023-11-15 00:00:00,Discontinued
6558,Tata Face Wash,Tata,Personal Care,Face Wash,42,1656.1,2268.19,5,90,86,76,3.72,g,2024-04-04 00:00:00,Active
6559,Amul Baby Powder,Amul,Baby Care,Baby Powder,70,1628.74,2000.02,18,30,38,434,2.86,g,2022-02-19 00:00:00,Active
6560,HUL Butter,HUL,Dairy,Butter,315,1354.82,1810.53,18,60,113,280,2.69,ml,2021-11-09 00:00:00,Active
6561,Tata Hair Oil,Tata,Personal Care,Hair Oil,123,75.79,85.61,12,60,42,166,3.31,L,2020-09-09 00:00:00,Active
6562,Amul Toothpaste,Amul,Personal Care,Toothpaste,57,678.09,969.84,0,180,36,66,5.15,kg,2025-05-21 00:00:00,Active
6563,Britannia Milk,Britannia,Dairy,Milk,186,473.23,559.34,18,30,57,355,6.59,kg,2022-06-26 00:00:00,Active
6564,Britannia Cookies,Britannia,Snacks,Cookies,16,1124.91,1719.43,0,30,98,327,5.07,L,2022-12-14 00:00:00,Active
6565,Parle Butter,Parle,Dairy,Butter,251,936.65,1328.8,0,60,111,242,9.44,g,2024-10-21 00:00:00,Active
6566,Mamaearth Namkeen,Mamaearth,Snacks,Namkeen,3,892.63,1155.5,12,30,43,280,1.19,g,2023-05-11 00:00:00,Active
6567,Britannia Milk,Britannia,Dairy,Milk,299,935.34,1429.85,12,60,63,183,0.49,kg,2020-09-22 00:00:00,Active
6568,Nestle Mineral Water,Nestle,Beverages,Mineral Water,261,1391.09,1994.89,5,90,115,211,4.98,L,2020-08-22 00:00:00,Active
6569,Mamaearth Pet Shampoo,Mamaearth,Pet Care,Pet Shampoo,198,1654.68,2295,0,30,71,383,7.8,kg,2024-12-09 00:00:00,Active
6570,Sunfeast Face Wash,Sunfeast,Personal Care,Face Wash,95,716.47,995.75,18,180,48,391,7.1,kg,2024-05-01 00:00:00,Active
6571,Dettol Chocolate,Dettol,Snacks,Chocolate,397,913.63,1275.27,18,180,89,407,8.28,L,2024-07-07 00:00:00,Active
6572,Aashirvaad Hair Oil,Aashirvaad,Personal Care,Hair Oil,94,168.96,220.49,18,60,63,275,7.86,L,2025-06-30 00:00:00,Active
6573,Dabur Toothpaste,Dabur,Personal Care,Toothpaste,137,549.65,810.99,0,180,88,150,7.75,kg,2024-07-09 00:00:00,Active
6574,Fortune Chips,Fortune,Snacks,Chips,410,849.32,1190.86,0,60,40,280,0.59,L,2025-05-06 00:00:00,Active
6575,Dabur Soap,Dabur,Personal Care,Soap,477,879.97,1097.5,0,60,52,164,1.64,kg,2026-06-20 00:00:00,Active
6576,Mamaearth Garbage Bags,Mamaearth,Household,Garbage Bags,383,1141.17,1292.49,18,365,21,380,2.68,g,2022-01-28 00:00:00,Active
6577,HUL Baby Lotion,HUL,Baby Care,Baby Lotion,100,692.2,914.29,12,365,66,117,8.86,L,2025-02-20 00:00:00,Active
6578,Aashirvaad Chocolate,Aashirvaad,Snacks,Chocolate,357,1565.2,1757.84,0,60,23,106,2.35,g,2025-02-22 00:00:00,Active
6579,Tata Baby Soap,Tata,Baby Care,Baby Soap,165,1391.09,2043.71,5,30,114,94,4.81,ml,2023-12-15 00:00:00,Active
6580,Amul Pressure Cooker,Amul,Kitchen,Pressure Cooker,29,313.78,366.61,12,365,47,359,0.31,g,2026-05-19 00:00:00,Active
6581,Sunfeast Soap,Sunfeast,Personal Care,Soap,85,906.45,1329.05,0,90,92,145,8.06,pcs,2022-02-16 00:00:00,Active
6582,Patanjali Pet Shampoo,Patanjali,Pet Care,Pet Shampoo,237,507.39,590.2,18,60,64,396,0.23,kg,2022-11-28 00:00:00,Active
6583,Mamaearth Bottle,Mamaearth,Kitchen,Bottle,353,402.73,560.81,0,365,54,150,5.13,g,2025-06-09 00:00:00,Active
6584,Tata Curd,Tata,Dairy,Curd,400,1614.39,2351.83,12,30,107,382,9.07,pcs,2020-10-20 00:00:00,Active
6585,Dettol Dog Food,Dettol,Pet Care,Dog Food,311,499.78,773.59,5,60,30,288,3.51,kg,2022-02-14 00:00:00,Active
6586,Nestle Juice,Nestle,Beverages,Juice,332,663.2,1004.08,12,90,58,354,6.86,ml,2021-01-01 00:00:00,Active
6587,Aashirvaad Frying Pan,Aashirvaad,Kitchen,Frying Pan,121,1641.85,2187.52,12,30,115,411,4.39,L,2022-09-30 00:00:00,Active
6588,Amul Baby Soap,Amul,Baby Care,Baby Soap,231,1170.95,1662.98,5,365,47,77,7.23,L,2023-06-03 00:00:00,Active
6589,Nestle Cat Food,Nestle,Pet Care,Cat Food,412,1215.55,1682.89,18,30,113,388,7.08,ml,2023-09-15 00:00:00,Active
6590,Godrej Moong Dal,Godrej,Grocery,Moong Dal,484,293.53,427.55,0,180,101,62,9.54,ml,2024-10-12 00:00:00,Active
6591,Nestle Dog Food,Nestle,Pet Care,Dog Food,373,1688.62,2348.27,18,365,91,385,9.02,ml,2024-12-15 00:00:00,Active
6592,Surf Excel Lunch Box,Surf Excel,Kitchen,Lunch Box,175,1714.25,2485.43,0,30,100,154,0.88,g,2020-11-10 00:00:00,Active
6593,Surf Excel Dishwash Liquid,Surf Excel,Household,Dishwash Liquid,223,1774.81,2717.53,18,60,60,166,6.22,ml,2023-04-21 00:00:00,Active
6594,Patanjali Soft Drink,Patanjali,Beverages,Soft Drink,76,1065.24,1283.49,0,90,63,341,3.55,g,2023-04-08 00:00:00,Active
6595,Aashirvaad Juice,Aashirvaad,Beverages,Juice,352,1081.59,1661.06,0,30,65,406,1.02,L,2022-11-01 00:00:00,Active
6596,Lizol Pet Shampoo,Lizol,Pet Care,Pet Shampoo,483,1419.51,1689.91,0,30,113,335,5.83,pcs,2022-02-05 00:00:00,Active
6597,Surf Excel Dog Food,Surf Excel,Pet Care,Dog Food,22,1086.21,1372.28,0,60,87,330,8.37,pcs,2020-11-09 00:00:00,Active
6598,Britannia Soft Drink,Britannia,Beverages,Soft Drink,203,428.33,483.76,0,60,49,302,2.83,ml,2021-10-29 00:00:00,Active
6599,Mamaearth Namkeen,Mamaearth,Snacks,Namkeen,406,1484.71,1950.49,0,180,97,177,6.98,L,2022-06-29 00:00:00,Active
6600,Pedigree Diapers,Pedigree,Baby Care,Diapers,25,18.93,25.91,5,60,30,345,7.65,ml,2020-09-04 00:00:00,Active
6601,Godrej Pressure Cooker,Godrej,Kitchen,Pressure Cooker,3,493.5,638.31,18,365,30,500,6.09,L,2024-08-30 00:00:00,Active
6602,Pedigree Mineral Water,Pedigree,Beverages,Mineral Water,31,1250.85,1756.13,5,180,46,391,7.94,kg,2025-09-14 00:00:00,Active
6603,Britannia Pet Shampoo,Britannia,Pet Care,Pet Shampoo,55,600.81,871.54,12,90,48,51,1.07,kg,2025-03-29 00:00:00,Active
6604,Amul Diapers,Amul,Baby Care,Diapers,71,1423,2135.09,0,30,80,210,2.53,L,2024-10-11 00:00:00,Active
6605,HUL Shampoo,HUL,Personal Care,Shampoo,476,776.78,1093.59,18,90,67,322,2.72,kg,2024-02-05 00:00:00,Active
6606,Sunfeast Knife,Sunfeast,Kitchen,Knife,157,1430.23,1792.55,0,90,119,314,3.41,pcs,2021-04-10 00:00:00,Active
6607,Fortune Frying Pan,Fortune,Kitchen,Frying Pan,405,1499.18,1886.89,12,90,113,275,9.81,pcs,2024-05-15 00:00:00,Discontinued
6608,ITC Juice,ITC,Beverages,Juice,92,1738.47,2035.98,18,365,38,202,1.89,g,2025-07-24 00:00:00,Active
6609,Aashirvaad Milk,Aashirvaad,Dairy,Milk,62,1505.21,1698.55,18,365,92,471,1.36,g,2024-07-23 00:00:00,Active
6610,Nestle Butter,Nestle,Dairy,Butter,238,165.67,212.54,12,60,24,96,9.47,ml,2026-06-19 00:00:00,Active
6611,Britannia Tissue Paper,Britannia,Household,Tissue Paper,422,1519.91,1882.22,0,60,118,276,8.36,ml,2024-05-03 00:00:00,Active
6612,Parle Cheese,Parle,Dairy,Cheese,5,504.61,766.59,12,60,112,322,2.33,L,2023-01-04 00:00:00,Active
6613,Pedigree Rice,Pedigree,Grocery,Rice,476,605.36,699.23,12,60,120,356,4.73,ml,2025-06-01 00:00:00,Active
6614,Colgate Shampoo,Colgate,Personal Care,Shampoo,108,459.78,560.16,0,60,40,232,4.21,g,2022-11-21 00:00:00,Active
6615,Godrej Namkeen,Godrej,Snacks,Namkeen,353,162.81,243.74,12,30,110,220,3.75,ml,2024-12-28 00:00:00,Active
6616,Dettol Chocolate,Dettol,Snacks,Chocolate,314,848.89,1239.37,0,180,35,394,7.65,ml,2025-05-18 00:00:00,Active
6617,Colgate Hair Oil,Colgate,Personal Care,Hair Oil,203,170.72,255.63,12,365,77,370,7.17,pcs,2021-10-01 00:00:00,Active
6618,Mamaearth Pet Shampoo,Mamaearth,Pet Care,Pet Shampoo,436,1543.35,2211.5,5,30,83,223,4.78,L,2021-08-07 00:00:00,Active
6619,Nivea Baby Soap,Nivea,Baby Care,Baby Soap,468,1223.56,1835.1,18,30,60,157,7.6,g,2022-08-16 00:00:00,Active
6620,Lizol Juice,Lizol,Beverages,Juice,259,1751.89,2171.42,0,180,78,179,2.34,g,2022-12-22 00:00:00,Active
6621,Dettol Knife,Dettol,Kitchen,Knife,215,286.36,390.22,18,60,57,390,5.03,g,2025-04-05 00:00:00,Active
6622,Fortune Pet Shampoo,Fortune,Pet Care,Pet Shampoo,499,1796.07,2665.32,18,90,79,424,3.45,ml,2026-04-04 00:00:00,Active
6623,Dettol Paneer,Dettol,Dairy,Paneer,54,1316.51,1682.58,12,180,98,269,1.29,L,2022-07-18 00:00:00,Active
6624,HUL Knife,HUL,Kitchen,Knife,87,505.85,718.65,0,365,76,319,5.08,g,2026-01-27 00:00:00,Discontinued
6625,HUL Mineral Water,HUL,Beverages,Mineral Water,77,1541.62,2207.94,0,60,102,129,7.14,ml,2022-08-28 00:00:00,Active
6626,Mamaearth Pet Shampoo,Mamaearth,Pet Care,Pet Shampoo,85,1192.45,1590.76,12,365,91,375,5.93,ml,2024-04-15 00:00:00,Active
6627,Lizol Mineral Water,Lizol,Beverages,Mineral Water,260,651.88,834.73,5,90,53,172,1.61,pcs,2025-03-16 00:00:00,Active
6628,Godrej Cheese,Godrej,Dairy,Cheese,188,1218.58,1688.83,0,180,78,353,0.33,kg,2021-02-18 00:00:00,Active
6629,Surf Excel Dishwash Liquid,Surf Excel,Household,Dishwash Liquid,375,1059.62,1444.84,12,30,67,177,6.87,ml,2023-12-29 00:00:00,Active
6630,Amul Energy Drink,Amul,Beverages,Energy Drink,84,803.53,1043.97,18,60,76,195,9.45,kg,2025-01-23 00:00:00,Active
6631,Colgate Garbage Bags,Colgate,Household,Garbage Bags,71,461.92,589.83,0,90,81,500,1.55,pcs,2024-04-12 00:00:00,Active
6632,Aashirvaad Diapers,Aashirvaad,Baby Care,Diapers,110,1730.02,2251.69,18,365,47,52,7.38,kg,2021-08-01 00:00:00,Active
6633,Colgate Face Wash,Colgate,Personal Care,Face Wash,432,759.75,1085.85,12,60,37,408,9.24,kg,2022-09-08 00:00:00,Active
6634,Lizol Cookies,Lizol,Snacks,Cookies,12,213.76,320.3,12,60,20,252,2.75,kg,2025-10-24 00:00:00,Active
6635,ITC Cheese,ITC,Dairy,Cheese,379,1310.22,1932.55,0,180,75,338,2.36,L,2026-03-07 00:00:00,Discontinued
6636,Dabur Milk,Dabur,Dairy,Milk,63,1419.29,1642.88,12,30,95,94,3.21,pcs,2020-10-12 00:00:00,Active
6637,Surf Excel Dog Food,Surf Excel,Pet Care,Dog Food,300,400.52,552.14,18,30,57,364,8.24,g,2021-06-20 00:00:00,Active
6638,Lizol Soft Drink,Lizol,Beverages,Soft Drink,36,854.88,1036.17,5,60,84,308,8.09,ml,2024-11-30 00:00:00,Active
6639,Dettol Cookies,Dettol,Snacks,Cookies,418,777.46,1138.79,18,90,104,142,4.12,g,2021-02-20 00:00:00,Active
6640,Mamaearth Pet Shampoo,Mamaearth,Pet Care,Pet Shampoo,173,892.68,1129.14,12,60,32,285,0.99,pcs,2020-12-31 00:00:00,Active
6641,Surf Excel Butter,Surf Excel,Dairy,Butter,358,491.14,677.91,12,365,91,137,8.56,ml,2022-02-28 00:00:00,Active
6642,Fortune Hair Oil,Fortune,Personal Care,Hair Oil,315,1180.48,1481.07,0,90,109,158,8.68,L,2023-06-21 00:00:00,Active
6643,Pedigree Hair Oil,Pedigree,Personal Care,Hair Oil,173,113.02,155.99,0,30,110,180,1.22,kg,2025-03-08 00:00:00,Active
6644,Nivea Frying Pan,Nivea,Kitchen,Frying Pan,86,1666.18,2449.5,18,365,107,58,3.58,pcs,2026-06-30 00:00:00,Active
6645,Patanjali Dog Food,Patanjali,Pet Care,Dog Food,446,895.89,1231.42,18,180,74,351,3.8,pcs,2021-04-13 00:00:00,Active
6646,Lizol Knife,Lizol,Kitchen,Knife,138,1295.22,1556.86,18,60,110,105,7.77,g,2021-05-25 00:00:00,Active
6647,Pedigree Dishwash Liquid,Pedigree,Household,Dishwash Liquid,180,1774.34,2022.12,0,90,92,371,7.99,ml,2023-11-06 00:00:00,Active
6648,Parle Rice,Parle,Grocery,Rice,375,966.5,1284.24,0,180,23,282,2.47,kg,2021-10-06 00:00:00,Active
6649,Britannia Bottle,Britannia,Kitchen,Bottle,244,1506.27,2267.85,5,90,66,247,6.9,kg,2025-08-31 00:00:00,Active
6650,Fortune Knife,Fortune,Kitchen,Knife,285,102.76,138.09,18,60,76,376,7.64,kg,2020-09-28 00:00:00,Active
6651,Nivea Dog Food,Nivea,Pet Care,Dog Food,149,953.97,1082.26,0,180,105,61,4.87,g,2025-11-25 00:00:00,Active
6652,Tata Namkeen,Tata,Snacks,Namkeen,132,1161.09,1548.5,5,60,114,55,3.64,kg,2021-08-08 00:00:00,Active
6653,Sunfeast Shampoo,Sunfeast,Personal Care,Shampoo,1,614.78,801.76,18,90,55,451,8.21,L,2025-11-01 00:00:00,Active
6654,Patanjali Biscuits,Patanjali,Snacks,Biscuits,214,393.39,514.57,12,60,119,202,4.49,pcs,2022-04-13 00:00:00,Active
6655,Nestle Soft Drink,Nestle,Beverages,Soft Drink,360,1558.98,1833.12,12,365,70,90,7.47,ml,2020-09-30 00:00:00,Active
6656,Tata Frying Pan,Tata,Kitchen,Frying Pan,365,1468.91,1988.41,0,365,85,120,4.38,pcs,2021-10-20 00:00:00,Active
6657,Mamaearth Poha,Mamaearth,Grocery,Poha,190,462.37,657.64,12,180,37,202,4.31,g,2022-11-21 00:00:00,Active
6658,Aashirvaad Mineral Water,Aashirvaad,Beverages,Mineral Water,426,976.15,1399.16,0,365,104,427,9.29,g,2023-03-31 00:00:00,Active
6659,Colgate Shampoo,Colgate,Personal Care,Shampoo,152,1556.25,2024.19,18,30,62,208,6.89,kg,2021-01-15 00:00:00,Active
6660,HUL Baby Lotion,HUL,Baby Care,Baby Lotion,345,1354.26,2025.61,0,180,96,234,4.86,kg,2025-06-11 00:00:00,Active
6661,Surf Excel Juice,Surf Excel,Beverages,Juice,335,67.21,79.74,18,365,60,131,4.98,g,2023-10-17 00:00:00,Active
6662,Colgate Soap,Colgate,Personal Care,Soap,190,1021.76,1228.57,0,180,30,288,1.33,kg,2023-06-04 00:00:00,Active
6663,ITC Biscuits,ITC,Snacks,Biscuits,62,1683.9,2584.18,18,60,49,242,7.25,g,2021-01-25 00:00:00,Active
6664,Amul Pressure Cooker,Amul,Kitchen,Pressure Cooker,172,96.61,112.56,12,30,86,376,6.94,ml,2023-06-07 00:00:00,Active
6665,Patanjali Detergent,Patanjali,Household,Detergent,15,378.16,490.65,12,180,77,153,3.99,L,2021-06-20 00:00:00,Active
6666,Dabur Soap,Dabur,Personal Care,Soap,218,342.04,471.93,5,30,99,189,9.99,L,2025-12-16 00:00:00,Active
6667,Nivea Baby Lotion,Nivea,Baby Care,Baby Lotion,77,115.18,155.06,5,365,84,326,7.66,g,2024-05-09 00:00:00,Active
6668,ITC Chips,ITC,Snacks,Chips,331,927.84,1291.32,0,365,108,225,8.91,ml,2024-11-01 00:00:00,Active
6669,Pedigree Juice,Pedigree,Beverages,Juice,351,1161.3,1383.33,0,90,84,412,8.27,pcs,2023-02-25 00:00:00,Active
6670,Godrej Chips,Godrej,Snacks,Chips,391,1639.37,1924.21,5,90,25,262,8.51,pcs,2021-08-11 00:00:00,Active
6671,ITC Soft Drink,ITC,Beverages,Soft Drink,360,1663.15,2442.24,12,90,104,371,4.25,pcs,2022-12-01 00:00:00,Active
6672,ITC Baby Powder,ITC,Baby Care,Baby Powder,436,567.57,867.89,18,30,55,430,8.73,kg,2026-02-06 00:00:00,Active
6673,Colgate Detergent,Colgate,Household,Detergent,161,1275.16,1748.28,5,365,37,443,0.95,kg,2026-03-19 00:00:00,Active
6674,Fortune Curd,Fortune,Dairy,Curd,268,1499.64,1841.13,0,180,88,495,5.42,pcs,2023-01-05 00:00:00,Active
6675,Lizol Cooking Oil,Lizol,Grocery,Cooking Oil,480,434.08,594.01,5,365,41,140,1.88,g,2025-12-09 00:00:00,Active
6676,Nestle Sugar,Nestle,Grocery,Sugar,77,1552.6,1972.81,5,90,107,472,5.31,kg,2020-10-18 00:00:00,Active
6677,HUL Cheese,HUL,Dairy,Cheese,170,238.42,355.49,18,30,76,281,6.04,pcs,2021-11-05 00:00:00,Active
6678,Nestle Baby Soap,Nestle,Baby Care,Baby Soap,255,1075.53,1414.98,5,60,23,161,4.01,ml,2020-12-23 00:00:00,Active
6679,Mamaearth Paneer,Mamaearth,Dairy,Paneer,20,1279.25,1720.38,5,180,87,417,2.72,L,2026-04-09 00:00:00,Active
6680,Colgate Diapers,Colgate,Baby Care,Diapers,145,1223.65,1432.89,0,60,106,101,7.15,g,2025-04-26 00:00:00,Active
6681,Dabur Soft Drink,Dabur,Beverages,Soft Drink,384,1320.29,1810.92,18,365,24,471,7.9,kg,2021-08-25 00:00:00,Active
6682,Nestle Diapers,Nestle,Baby Care,Diapers,208,659.23,844.79,5,180,88,406,3.33,pcs,2026-03-05 00:00:00,Active
6683,Britannia Atta,Britannia,Grocery,Atta,311,1048.14,1558.37,18,60,53,323,6.78,pcs,2021-01-23 00:00:00,Active
6684,Amul Toothpaste,Amul,Personal Care,Toothpaste,66,1595.85,2125.1,18,180,45,80,3.65,g,2021-03-06 00:00:00,Active
6685,Parle Dog Food,Parle,Pet Care,Dog Food,13,1541.35,1861.43,0,90,59,131,6.67,pcs,2020-12-23 00:00:00,Active
6686,Patanjali Garbage Bags,Patanjali,Household,Garbage Bags,220,181.69,256.96,0,90,96,248,7.63,kg,2024-03-10 00:00:00,Active
6687,Amul Soft Drink,Amul,Beverages,Soft Drink,88,1598.71,2130.69,18,60,96,125,5.1,L,2020-10-09 00:00:00,Active
6688,HUL Toothpaste,HUL,Personal Care,Toothpaste,352,1436.26,2043.77,5,365,37,472,8.3,pcs,2021-11-17 00:00:00,Active
6689,Parle Pressure Cooker,Parle,Kitchen,Pressure Cooker,320,1294.21,1705.12,12,365,94,148,6.07,ml,2024-03-11 00:00:00,Active
6690,Nivea Milk,Nivea,Dairy,Milk,45,1082.46,1415.95,18,60,89,406,9.69,L,2024-07-10 00:00:00,Active
6691,Mamaearth Cheese,Mamaearth,Dairy,Cheese,307,670.78,845.66,12,90,45,191,3.53,g,2021-09-08 00:00:00,Active
6692,Dabur Bottle,Dabur,Kitchen,Bottle,64,211.16,273.79,0,30,27,419,3.75,pcs,2026-04-25 00:00:00,Active
6693,Dabur Shampoo,Dabur,Personal Care,Shampoo,404,1646.68,2375.33,12,30,51,124,3.13,ml,2020-09-04 00:00:00,Active
6694,Pedigree Chocolate,Pedigree,Snacks,Chocolate,109,1325.01,1827.51,18,90,34,365,3.56,L,2022-11-25 00:00:00,Active
6695,Amul Tissue Paper,Amul,Household,Tissue Paper,63,418.41,541.3,18,60,93,423,6.26,L,2024-03-14 00:00:00,Active
6696,Dettol Baby Soap,Dettol,Baby Care,Baby Soap,494,1745.03,2317.33,12,365,32,138,0.13,g,2026-06-30 00:00:00,Active
6697,Sunfeast Lunch Box,Sunfeast,Kitchen,Lunch Box,41,362.07,410.36,18,365,111,315,4.82,pcs,2022-10-09 00:00:00,Active
6698,Colgate Namkeen,Colgate,Snacks,Namkeen,482,1263.99,1475.29,18,60,90,119,2.23,ml,2024-10-18 00:00:00,Active
6699,Amul Curd,Amul,Dairy,Curd,325,1412.13,2065.66,18,30,105,231,0.97,g,2022-04-09 00:00:00,Active
6700,Nivea Atta,Nivea,Grocery,Atta,401,887.91,1234.04,18,60,83,242,8.3,ml,2025-02-04 00:00:00,Active
6701,Nivea Chips,Nivea,Snacks,Chips,92,1337.11,1525.2,0,365,34,127,6.86,kg,2024-09-29 00:00:00,Active
6702,Dettol Toothpaste,Dettol,Personal Care,Toothpaste,267,1119.1,1449.95,5,90,89,357,2.48,g,2023-08-22 00:00:00,Active
6703,Godrej Pet Shampoo,Godrej,Pet Care,Pet Shampoo,350,1508.17,2147.18,18,90,34,241,1.52,kg,2026-04-27 00:00:00,Active
6704,Dettol Paneer,Dettol,Dairy,Paneer,265,682.62,855.21,0,180,30,291,3.11,g,2025-05-25 00:00:00,Active
6705,Pedigree Diapers,Pedigree,Baby Care,Diapers,414,523.08,611.21,5,90,55,365,6.16,L,2020-09-08 00:00:00,Active
6706,Parle Face Wash,Parle,Personal Care,Face Wash,419,647.97,794.36,18,90,107,417,8.05,L,2020-08-29 00:00:00,Active
6707,Mamaearth Moong Dal,Mamaearth,Grocery,Moong Dal,266,1361.08,1635.31,5,90,33,264,9.05,pcs,2022-06-13 00:00:00,Active
6708,Colgate Juice,Colgate,Beverages,Juice,53,983.23,1506.45,5,365,37,318,3.49,g,2026-05-08 00:00:00,Active
6709,Aashirvaad Curd,Aashirvaad,Dairy,Curd,24,1113.12,1485.89,18,180,31,232,0.96,g,2022-12-01 00:00:00,Active
6710,Dabur Lunch Box,Dabur,Kitchen,Lunch Box,435,217.03,288.72,0,30,84,290,9.26,pcs,2021-08-26 00:00:00,Active
6711,Mamaearth Chocolate,Mamaearth,Snacks,Chocolate,57,1621.02,1881.02,0,365,108,141,9.63,ml,2026-01-04 00:00:00,Active
6712,Tata Soap,Tata,Personal Care,Soap,252,1170.16,1562.87,5,90,117,237,6.06,pcs,2024-08-17 00:00:00,Active
6713,Nivea Frying Pan,Nivea,Kitchen,Frying Pan,299,1347.94,1997.13,5,30,90,232,5.29,g,2024-09-01 00:00:00,Active
6714,Amul Dishwash Liquid,Amul,Household,Dishwash Liquid,221,1646.19,2287.09,5,30,81,418,8.34,g,2026-06-16 00:00:00,Active
6715,Dettol Bottle,Dettol,Kitchen,Bottle,38,1660.11,2461.33,5,60,112,228,8.26,ml,2024-07-23 00:00:00,Active
6716,Surf Excel Bottle,Surf Excel,Kitchen,Bottle,75,270.08,385.4,12,30,27,406,2.8,g,2026-05-06 00:00:00,Active
6717,Britannia Dog Food,Britannia,Pet Care,Dog Food,178,171.7,247.47,18,60,48,347,1.08,kg,2026-05-19 00:00:00,Active
6718,Lizol Cat Food,Lizol,Pet Care,Cat Food,148,1731.52,2418.53,5,60,38,489,5.81,g,2025-05-03 00:00:00,Active
6719,Dabur Cat Food,Dabur,Pet Care,Cat Food,310,1606.88,1902.63,5,30,118,407,0.49,pcs,2024-09-11 00:00:00,Active
6720,Britannia Frying Pan,Britannia,Kitchen,Frying Pan,19,763.49,953.08,18,60,79,120,0.87,g,2024-09-02 00:00:00,Active
6721,Pedigree Paneer,Pedigree,Dairy,Paneer,93,324.56,441.99,12,365,75,175,5.27,L,2021-10-13 00:00:00,Active
6722,Colgate Dog Food,Colgate,Pet Care,Dog Food,455,1087.25,1254.47,12,90,105,199,8.17,g,2022-03-03 00:00:00,Active
6723,Tata Pressure Cooker,Tata,Kitchen,Pressure Cooker,117,1221.99,1405,0,30,30,70,9.26,L,2025-10-16 00:00:00,Active
6724,Godrej Milk,Godrej,Dairy,Milk,154,1452.21,2119.61,5,90,93,389,2.79,L,2021-02-01 00:00:00,Active
6725,Tata Curd,Tata,Dairy,Curd,193,1554.62,2292.39,5,365,22,275,2.03,pcs,2024-09-01 00:00:00,Active
6726,Colgate Baby Soap,Colgate,Baby Care,Baby Soap,289,230.96,340.39,0,30,120,138,9.88,L,2020-09-06 00:00:00,Active
6727,Britannia Toor Dal,Britannia,Grocery,Toor Dal,492,143.15,189.8,12,30,98,494,7.8,ml,2021-10-14 00:00:00,Active
6728,Nivea Chocolate,Nivea,Snacks,Chocolate,125,1595.83,2101.29,0,180,53,228,3.11,pcs,2021-09-09 00:00:00,Discontinued
6729,Dabur Tissue Paper,Dabur,Household,Tissue Paper,243,1719.44,2189.64,18,180,90,439,9.82,g,2025-12-02 00:00:00,Active
6730,Dettol Lunch Box,Dettol,Kitchen,Lunch Box,228,1599.92,1933,5,180,60,271,6.87,g,2026-02-15 00:00:00,Active
6731,Fortune Rice,Fortune,Grocery,Rice,398,576.58,845.03,12,90,98,82,3.35,ml,2020-09-25 00:00:00,Active
6732,Dettol Knife,Dettol,Kitchen,Knife,479,428.94,607.86,12,30,43,108,3.13,kg,2024-12-15 00:00:00,Active
6733,Pedigree Cheese,Pedigree,Dairy,Cheese,268,946.96,1304.26,5,60,109,478,4.48,g,2021-06-15 00:00:00,Active
6734,Patanjali Knife,Patanjali,Kitchen,Knife,413,1784.6,2195.93,5,365,107,79,9.08,kg,2025-12-12 00:00:00,Active
6735,Amul Biscuits,Amul,Snacks,Biscuits,343,295.44,373.87,0,30,80,128,2.33,g,2020-08-08 00:00:00,Active
6736,Godrej Bottle,Godrej,Kitchen,Bottle,466,1590.88,1972.04,12,30,45,389,8.33,L,2020-09-26 00:00:00,Active
6737,Britannia Lunch Box,Britannia,Kitchen,Lunch Box,468,653.44,803.49,0,30,65,289,7.44,L,2022-06-09 00:00:00,Active
6738,Pedigree Toothpaste,Pedigree,Personal Care,Toothpaste,360,425.2,650.01,5,60,45,477,9.72,g,2025-04-02 00:00:00,Active
6739,Dabur Floor Cleaner,Dabur,Household,Floor Cleaner,398,939.61,1403.27,5,60,39,450,0.58,pcs,2024-02-23 00:00:00,Active
6740,Dabur Butter,Dabur,Dairy,Butter,198,721.36,896.83,0,365,85,71,4.63,ml,2025-10-16 00:00:00,Active
6741,HUL Milk,HUL,Dairy,Milk,497,1185.69,1723.54,12,180,101,480,0.71,kg,2024-11-14 00:00:00,Active
6742,Godrej Namkeen,Godrej,Snacks,Namkeen,351,1603.23,1931.38,0,60,85,390,1.72,pcs,2024-03-30 00:00:00,Active
6743,HUL Dishwash Liquid,HUL,Household,Dishwash Liquid,178,696.46,847.57,18,60,78,72,9.49,pcs,2023-12-21 00:00:00,Active
6744,Dettol Tissue Paper,Dettol,Household,Tissue Paper,2,244.34,375.84,5,60,44,466,3.83,kg,2021-12-31 00:00:00,Active
6745,Mamaearth Garbage Bags,Mamaearth,Household,Garbage Bags,402,1134.91,1566.43,18,180,101,489,0.24,g,2022-08-11 00:00:00,Active
6746,Britannia Cat Food,Britannia,Pet Care,Cat Food,165,1584.95,1842.6,5,90,37,494,1.13,g,2025-03-05 00:00:00,Active
6747,Parle Baby Soap,Parle,Baby Care,Baby Soap,57,1787.91,2082.4,18,90,114,188,4.8,g,2025-03-22 00:00:00,Discontinued
6748,Surf Excel Soap,Surf Excel,Personal Care,Soap,359,209.66,288.88,18,365,71,76,9.96,g,2021-03-31 00:00:00,Active
6749,ITC Energy Drink,ITC,Beverages,Energy Drink,50,1522.42,2139.33,12,365,77,319,8.01,ml,2026-02-22 00:00:00,Active
6750,ITC Cat Food,ITC,Pet Care,Cat Food,441,147.84,220.95,0,365,51,151,6.56,g,2021-10-04 00:00:00,Active
6751,Sunfeast Pet Shampoo,Sunfeast,Pet Care,Pet Shampoo,247,1788.74,2283.5,5,30,69,359,3.77,g,2025-04-13 00:00:00,Active
6752,Pedigree Butter,Pedigree,Dairy,Butter,78,138.65,187.7,0,365,31,58,9.04,g,2021-04-14 00:00:00,Active
6753,Dettol Diapers,Dettol,Baby Care,Diapers,21,1433.52,2190.65,5,180,49,162,4.95,pcs,2021-03-25 00:00:00,Active
6754,Pedigree Pet Shampoo,Pedigree,Pet Care,Pet Shampoo,361,1392.51,1681.94,12,365,98,419,1.98,L,2024-03-24 00:00:00,Active
6755,Surf Excel Bottle,Surf Excel,Kitchen,Bottle,454,736.81,932.83,18,60,103,144,3.72,L,2021-04-06 00:00:00,Active
6756,Nivea Soft Drink,Nivea,Beverages,Soft Drink,80,1443.94,2050.3,5,90,116,102,7.61,g,2023-10-31 00:00:00,Active
6757,Mamaearth Milk,Mamaearth,Dairy,Milk,447,1290.16,1850.07,18,60,34,99,8.63,g,2023-01-06 00:00:00,Active
6758,Surf Excel Baby Soap,Surf Excel,Baby Care,Baby Soap,18,978.34,1410.78,18,180,97,499,4.71,g,2025-09-22 00:00:00,Active
6759,Surf Excel Shampoo,Surf Excel,Personal Care,Shampoo,204,1389.74,1863.34,12,90,94,59,0.7,kg,2020-08-02 00:00:00,Active
6760,Nestle Juice,Nestle,Beverages,Juice,289,335.36,513.76,5,90,100,198,4.09,g,2022-09-21 00:00:00,Active
6761,Dettol Chocolate,Dettol,Snacks,Chocolate,298,421.62,575.93,12,365,93,371,7.05,ml,2022-03-23 00:00:00,Active
6762,HUL Salt,HUL,Grocery,Salt,38,1442.46,1714.21,5,60,87,156,8.37,kg,2021-01-21 00:00:00,Active
6763,Britannia Bottle,Britannia,Kitchen,Bottle,47,1761.51,2540.99,12,180,46,342,2.27,kg,2021-01-29 00:00:00,Active
6764,Pedigree Salt,Pedigree,Grocery,Salt,72,1091.43,1610.82,0,30,44,493,7.72,kg,2022-08-25 00:00:00,Active
6765,Dabur Shampoo,Dabur,Personal Care,Shampoo,360,983.85,1345.17,0,365,104,432,1.72,L,2024-09-02 00:00:00,Active
6766,Aashirvaad Tissue Paper,Aashirvaad,Household,Tissue Paper,360,42.04,57.47,12,180,109,391,3.01,L,2026-04-09 00:00:00,Active
6767,Patanjali Salt,Patanjali,Grocery,Salt,163,726.76,923.68,5,30,101,224,4.83,g,2024-07-27 00:00:00,Active
6768,Colgate Cat Food,Colgate,Pet Care,Cat Food,244,540.15,662.08,5,60,39,466,5.88,pcs,2024-08-22 00:00:00,Active
6769,HUL Toor Dal,HUL,Grocery,Toor Dal,61,323.18,451.98,0,60,35,450,4.6,kg,2025-01-06 00:00:00,Active
6770,Mamaearth Energy Drink,Mamaearth,Beverages,Energy Drink,485,766.36,973.66,12,60,44,445,4.68,g,2020-11-07 00:00:00,Active
6771,Fortune Butter,Fortune,Dairy,Butter,481,1064.72,1473.35,18,365,40,297,4.18,pcs,2024-04-12 00:00:00,Active
6772,Nestle Pet Shampoo,Nestle,Pet Care,Pet Shampoo,28,1187.42,1476.52,18,90,48,289,3.22,kg,2024-08-31 00:00:00,Active
6773,Surf Excel Cat Food,Surf Excel,Pet Care,Cat Food,68,1761.72,2691.49,12,30,25,408,5.64,ml,2020-07-28 00:00:00,Active
6774,Lizol Frying Pan,Lizol,Kitchen,Frying Pan,293,1013.08,1168.05,18,180,53,390,4.97,ml,2023-10-30 00:00:00,Active
6775,Sunfeast Juice,Sunfeast,Beverages,Juice,240,278.56,424.03,18,30,75,431,3.86,pcs,2025-09-12 00:00:00,Active
6776,ITC Dishwash Liquid,ITC,Household,Dishwash Liquid,127,616.72,766.5,5,365,99,126,8.84,g,2023-05-23 00:00:00,Active
6777,Colgate Floor Cleaner,Colgate,Household,Floor Cleaner,287,1699.45,2489.03,0,60,91,368,3.14,kg,2021-10-17 00:00:00,Active
6778,Godrej Dishwash Liquid,Godrej,Household,Dishwash Liquid,58,677.51,780.26,18,90,60,449,5.86,pcs,2025-10-07 00:00:00,Active
6779,ITC Knife,ITC,Kitchen,Knife,304,1746.47,2286.66,12,180,59,245,9.01,pcs,2022-05-23 00:00:00,Active
6780,Dabur Diapers,Dabur,Baby Care,Diapers,168,398.05,446.4,12,90,102,200,2.28,ml,2025-01-26 00:00:00,Active
6781,Mamaearth Toothpaste,Mamaearth,Personal Care,Toothpaste,391,418.45,523.67,18,365,21,404,5.61,ml,2020-09-26 00:00:00,Active
6782,Surf Excel Baby Powder,Surf Excel,Baby Care,Baby Powder,370,1367.44,1926.19,12,365,32,269,5.85,kg,2023-10-24 00:00:00,Active
6783,Sunfeast Pet Shampoo,Sunfeast,Pet Care,Pet Shampoo,457,1344.95,1989.33,12,365,23,253,7.59,g,2021-03-29 00:00:00,Active
6784,Colgate Cheese,Colgate,Dairy,Cheese,133,267.05,345.56,18,180,91,331,0.63,g,2023-10-28 00:00:00,Active
6785,Sunfeast Diapers,Sunfeast,Baby Care,Diapers,90,761.03,1001.96,0,30,41,166,6.94,kg,2024-07-06 00:00:00,Active
6786,Britannia Sugar,Britannia,Grocery,Sugar,394,54.13,62.74,12,90,24,89,8.25,ml,2022-01-31 00:00:00,Active
6787,Amul Toothpaste,Amul,Personal Care,Toothpaste,17,1775.31,2008.84,5,180,36,499,1.39,ml,2025-11-03 00:00:00,Active
6788,HUL Cookies,HUL,Snacks,Cookies,301,110.21,142.39,18,30,60,380,5.43,pcs,2023-08-10 00:00:00,Active
6789,Amul Juice,Amul,Beverages,Juice,89,726.26,990.89,12,180,45,346,9.03,L,2023-11-28 00:00:00,Active
6790,Parle Shampoo,Parle,Personal Care,Shampoo,343,713.15,1088.05,0,180,67,357,4.67,kg,2021-10-17 00:00:00,Active
6791,Amul Cheese,Amul,Dairy,Cheese,466,916.99,1357.84,12,180,96,424,9.07,pcs,2025-12-24 00:00:00,Active
6792,ITC Moong Dal,ITC,Grocery,Moong Dal,265,1783.16,2396.08,5,90,84,482,8.76,kg,2026-04-22 00:00:00,Active
6793,Dabur Poha,Dabur,Grocery,Poha,414,1714.43,2040.87,0,30,55,104,4.36,pcs,2025-07-28 00:00:00,Active
6794,Dettol Baby Soap,Dettol,Baby Care,Baby Soap,118,1773.71,2650.5,5,365,63,95,3.36,g,2025-10-19 00:00:00,Active
6795,Surf Excel Shampoo,Surf Excel,Personal Care,Shampoo,60,713.5,944.92,0,60,44,146,8.49,ml,2022-04-02 00:00:00,Active
6796,Surf Excel Lunch Box,Surf Excel,Kitchen,Lunch Box,362,1322.06,1515.92,18,30,83,376,5.87,ml,2023-09-04 00:00:00,Active
6797,Parle Moong Dal,Parle,Grocery,Moong Dal,238,1074.47,1541.97,12,30,89,247,2.38,pcs,2024-06-18 00:00:00,Active
6798,Sunfeast Pet Shampoo,Sunfeast,Pet Care,Pet Shampoo,288,1068.54,1570.11,12,60,35,105,1.74,kg,2024-07-19 00:00:00,Active
6799,Amul Lunch Box,Amul,Kitchen,Lunch Box,213,1179.53,1445.6,12,180,22,195,1.25,pcs,2024-04-24 00:00:00,Active
6800,Godrej Tissue Paper,Godrej,Household,Tissue Paper,428,239.26,275.41,18,90,42,402,7.74,pcs,2022-03-17 00:00:00,Active
6801,Sunfeast Mineral Water,Sunfeast,Beverages,Mineral Water,5,1232.77,1422.57,18,90,107,339,5.26,kg,2024-06-21 00:00:00,Active
6802,Nivea Baby Powder,Nivea,Baby Care,Baby Powder,19,1453.26,1731.69,12,180,111,442,8.48,pcs,2025-12-01 00:00:00,Active
6803,Godrej Baby Powder,Godrej,Baby Care,Baby Powder,172,923.11,1221.41,0,180,26,251,7.09,L,2024-08-25 00:00:00,Active
6804,ITC Mineral Water,ITC,Beverages,Mineral Water,114,1063.12,1350.94,0,30,99,292,3,L,2025-09-03 00:00:00,Active
6805,Fortune Knife,Fortune,Kitchen,Knife,44,981.01,1478.28,0,90,67,58,9.77,L,2026-01-11 00:00:00,Active
6806,Pedigree Mineral Water,Pedigree,Beverages,Mineral Water,302,1299.46,1638.54,5,90,21,102,2.33,L,2025-10-21 00:00:00,Active
6807,Godrej Lunch Box,Godrej,Kitchen,Lunch Box,147,765.13,1152.06,0,365,114,412,3.65,g,2022-05-31 00:00:00,Active
6808,Dabur Chocolate,Dabur,Snacks,Chocolate,326,552.79,733.41,5,60,48,261,8.75,pcs,2024-01-29 00:00:00,Active
6809,Pedigree Cookies,Pedigree,Snacks,Cookies,44,1128.55,1576.89,0,90,110,477,0.42,pcs,2026-07-12 00:00:00,Active
6810,Amul Soap,Amul,Personal Care,Soap,243,1371.18,1538.49,12,180,109,475,1.05,pcs,2022-03-14 00:00:00,Active
6811,Nestle Chips,Nestle,Snacks,Chips,223,134.43,156.8,5,365,43,495,6.94,L,2023-03-03 00:00:00,Active
6812,Nestle Baby Soap,Nestle,Baby Care,Baby Soap,336,1576.09,2244.84,0,60,94,385,8.14,ml,2022-10-05 00:00:00,Active
6813,Britannia Pet Shampoo,Britannia,Pet Care,Pet Shampoo,89,1723.92,2384.18,0,30,120,218,4.19,g,2025-08-24 00:00:00,Active
6814,Tata Pet Shampoo,Tata,Pet Care,Pet Shampoo,129,1648.87,2104.23,18,30,76,323,5.45,L,2023-07-26 00:00:00,Active
6815,Dettol Toothpaste,Dettol,Personal Care,Toothpaste,468,242.93,310.99,5,30,36,60,5.55,ml,2024-03-18 00:00:00,Active
6816,Amul Dishwash Liquid,Amul,Household,Dishwash Liquid,20,1053.93,1186.62,0,365,58,158,0.14,pcs,2025-01-14 00:00:00,Active
6817,Patanjali Butter,Patanjali,Dairy,Butter,164,1595.03,1963.65,0,60,69,459,1.06,g,2026-01-19 00:00:00,Active
6818,Patanjali Soap,Patanjali,Personal Care,Soap,64,774.24,1187.48,5,180,102,482,5.32,ml,2024-03-12 00:00:00,Active
6819,Colgate Butter,Colgate,Dairy,Butter,351,95.77,145.04,12,30,36,402,4.09,L,2020-11-24 00:00:00,Active
6820,Dettol Frying Pan,Dettol,Kitchen,Frying Pan,175,1069.65,1561.06,5,365,95,98,0.43,ml,2025-06-10 00:00:00,Active
6821,Pedigree Butter,Pedigree,Dairy,Butter,22,1593.79,2114.48,5,60,49,327,4.63,g,2022-09-16 00:00:00,Active
6822,Patanjali Tea,Patanjali,Grocery,Tea,410,1226.88,1391.44,0,30,80,73,3.17,ml,2022-09-09 00:00:00,Active
6823,Nivea Salt,Nivea,Grocery,Salt,14,180.69,206.15,5,60,72,96,8.61,L,2023-12-11 00:00:00,Active
6824,Fortune Energy Drink,Fortune,Beverages,Energy Drink,178,1519.53,2312.04,18,365,85,459,5.74,pcs,2024-08-07 00:00:00,Active
6825,Lizol Mineral Water,Lizol,Beverages,Mineral Water,145,91.74,108.24,18,60,62,368,6.06,ml,2021-10-27 00:00:00,Active
6826,Parle Diapers,Parle,Baby Care,Diapers,339,1541.32,1949.57,12,30,68,297,1.49,g,2023-11-18 00:00:00,Active
6827,HUL Tea,HUL,Grocery,Tea,98,1793.98,2746.66,5,365,30,354,9.93,pcs,2022-07-19 00:00:00,Discontinued
6828,Lizol Baby Powder,Lizol,Baby Care,Baby Powder,462,1277.47,1859.52,0,60,91,303,2.62,pcs,2022-07-23 00:00:00,Active
6829,Dabur Chocolate,Dabur,Snacks,Chocolate,98,448.23,522.14,0,365,78,498,5.72,kg,2025-10-04 00:00:00,Active
6830,Tata Chana Dal,Tata,Grocery,Chana Dal,102,1291.93,1925.53,12,30,77,492,3.06,ml,2021-03-11 00:00:00,Active
6831,Colgate Baby Soap,Colgate,Baby Care,Baby Soap,146,891.64,1283.05,18,30,58,166,6.63,pcs,2025-11-22 00:00:00,Active
6832,Lizol Baby Lotion,Lizol,Baby Care,Baby Lotion,162,315.9,458.58,5,365,52,284,4.56,g,2024-09-16 00:00:00,Active
6833,Patanjali Soft Drink,Patanjali,Beverages,Soft Drink,111,685.22,851,12,90,74,204,5.37,ml,2025-10-26 00:00:00,Active
6834,Patanjali Paneer,Patanjali,Dairy,Paneer,490,1070.15,1528.18,5,30,46,156,2.64,kg,2021-05-22 00:00:00,Active
6835,Dabur Face Wash,Dabur,Personal Care,Face Wash,18,1055.63,1468.54,12,30,29,440,2.85,ml,2026-03-02 00:00:00,Active
6836,HUL Namkeen,HUL,Snacks,Namkeen,429,669.34,765.23,12,180,23,92,7.29,g,2023-06-04 00:00:00,Active
6837,Pedigree Cookies,Pedigree,Snacks,Cookies,337,419.16,566.76,12,90,79,94,3.78,ml,2023-10-08 00:00:00,Active
6838,Mamaearth Paneer,Mamaearth,Dairy,Paneer,134,995.16,1260.75,18,30,71,104,4.84,g,2022-09-14 00:00:00,Active
6839,Lizol Paneer,Lizol,Dairy,Paneer,200,207.75,281.31,5,30,73,338,9.49,ml,2026-02-12 00:00:00,Active
6840,Patanjali Baby Lotion,Patanjali,Baby Care,Baby Lotion,66,187,218.64,18,90,73,376,3.85,pcs,2023-04-16 00:00:00,Active
6841,ITC Butter,ITC,Dairy,Butter,98,253.61,366.27,12,180,111,109,0.87,g,2021-11-10 00:00:00,Active
6842,Britannia Soft Drink,Britannia,Beverages,Soft Drink,463,1052.54,1622.4,12,365,102,122,1.6,g,2023-12-25 00:00:00,Active
6843,Mamaearth Rice,Mamaearth,Grocery,Rice,155,1444.38,1857.47,0,365,73,348,3.65,pcs,2023-03-23 00:00:00,Active
6844,Colgate Baby Lotion,Colgate,Baby Care,Baby Lotion,351,1225.63,1771.81,0,90,113,440,5.74,pcs,2024-05-08 00:00:00,Active
6845,Dabur Chips,Dabur,Snacks,Chips,322,1517.87,1831.44,0,365,110,139,6.88,g,2025-11-23 00:00:00,Active
6846,Sunfeast Baby Powder,Sunfeast,Baby Care,Baby Powder,192,618.75,818.41,18,365,69,230,7.74,g,2021-02-11 00:00:00,Active
6847,Parle Garbage Bags,Parle,Household,Garbage Bags,163,305.76,428.21,0,90,56,265,9.65,ml,2025-02-06 00:00:00,Active
6848,Parle Butter,Parle,Dairy,Butter,463,1211.95,1797.87,12,365,58,365,9.56,kg,2025-11-15 00:00:00,Active
6849,Fortune Garbage Bags,Fortune,Household,Garbage Bags,149,1070.74,1607.68,0,180,87,481,9.05,kg,2021-07-31 00:00:00,Active
6850,HUL Tissue Paper,HUL,Household,Tissue Paper,290,1162.68,1439.52,12,30,47,70,5.24,pcs,2020-09-06 00:00:00,Active
6851,Mamaearth Toothpaste,Mamaearth,Personal Care,Toothpaste,31,1333.49,1966.87,0,365,28,212,8.68,L,2022-11-21 00:00:00,Active
6852,Fortune Cheese,Fortune,Dairy,Cheese,474,367.46,567.5,5,60,106,52,4.76,pcs,2021-03-02 00:00:00,Active
6853,Godrej Floor Cleaner,Godrej,Household,Floor Cleaner,4,1430.09,2128.33,0,30,105,288,6.53,pcs,2025-05-14 00:00:00,Active
6854,Tata Sugar,Tata,Grocery,Sugar,338,1631.64,1960.87,12,365,78,371,1.71,kg,2021-11-13 00:00:00,Active
6855,Dettol Diapers,Dettol,Baby Care,Diapers,310,541.26,796.71,5,60,65,105,3.83,pcs,2024-03-25 00:00:00,Active
6856,Godrej Lunch Box,Godrej,Kitchen,Lunch Box,15,343.36,480.35,0,365,98,288,7.42,g,2024-01-18 00:00:00,Active
6857,Surf Excel Bottle,Surf Excel,Kitchen,Bottle,26,828.91,1246.99,18,180,72,232,3.26,L,2025-03-23 00:00:00,Active
6858,Britannia Floor Cleaner,Britannia,Household,Floor Cleaner,437,454.28,592.31,18,180,46,62,2.61,kg,2020-08-24 00:00:00,Active
6859,Pedigree Rice,Pedigree,Grocery,Rice,422,677.39,867.95,18,180,45,305,1.95,g,2025-12-15 00:00:00,Active
6860,ITC Cat Food,ITC,Pet Care,Cat Food,394,1798.63,2750.17,12,90,34,209,1.36,g,2024-06-10 00:00:00,Active
6861,Dabur Baby Lotion,Dabur,Baby Care,Baby Lotion,309,1635.79,2431.84,0,365,85,304,4.85,ml,2023-01-30 00:00:00,Active
6862,Tata Dog Food,Tata,Pet Care,Dog Food,414,1074.73,1328.69,12,180,50,188,1.82,L,2022-02-05 00:00:00,Active
6863,Fortune Tissue Paper,Fortune,Household,Tissue Paper,481,1409.54,1836.82,0,180,72,224,1.62,g,2024-10-08 00:00:00,Active
6864,Tata Baby Soap,Tata,Baby Care,Baby Soap,24,291.01,396.64,0,30,83,412,4.07,ml,2023-09-04 00:00:00,Active
6865,Lizol Diapers,Lizol,Baby Care,Diapers,210,1281.16,1503.53,5,30,101,433,4.44,L,2024-09-25 00:00:00,Active
6866,Pedigree Tissue Paper,Pedigree,Household,Tissue Paper,197,833.95,1166.43,18,365,26,446,0.43,kg,2025-04-26 00:00:00,Active
6867,HUL Juice,HUL,Beverages,Juice,386,845.25,1224.82,12,30,37,215,3.19,L,2020-10-18 00:00:00,Active
6868,Parle Cookies,Parle,Snacks,Cookies,25,454.65,695.34,5,30,35,358,6.16,kg,2026-06-21 00:00:00,Active
6869,Pedigree Energy Drink,Pedigree,Beverages,Energy Drink,380,1424.9,1865.03,12,90,78,387,9.97,L,2023-08-02 00:00:00,Active
6870,Tata Chips,Tata,Snacks,Chips,389,83.86,97.63,5,180,50,243,5.83,g,2026-03-12 00:00:00,Active
6871,Lizol Butter,Lizol,Dairy,Butter,43,1288.2,1982.75,0,365,70,251,8.44,L,2021-08-15 00:00:00,Active
6872,Parle Juice,Parle,Beverages,Juice,459,1008.45,1385.07,18,365,33,414,4.76,pcs,2022-04-29 00:00:00,Active
6873,Surf Excel Namkeen,Surf Excel,Snacks,Namkeen,1,788.5,1203.78,5,30,101,62,3.18,kg,2024-01-25 00:00:00,Active
6874,Pedigree Pet Shampoo,Pedigree,Pet Care,Pet Shampoo,213,197.05,296.08,18,30,69,88,2.54,kg,2025-11-04 00:00:00,Active
6875,Amul Milk,Amul,Dairy,Milk,180,1274.6,1538.01,12,60,83,313,2.64,kg,2021-06-06 00:00:00,Active
6876,Tata Milk,Tata,Dairy,Milk,344,1606.33,2284.67,5,90,117,364,6.81,ml,2026-07-12 00:00:00,Active
6877,Pedigree Pet Shampoo,Pedigree,Pet Care,Pet Shampoo,387,1326.59,1548.12,18,180,95,277,6.85,pcs,2025-11-29 00:00:00,Active
6878,Dettol Baby Soap,Dettol,Baby Care,Baby Soap,375,741.91,939.34,18,180,41,434,7.79,g,2025-02-16 00:00:00,Active
6879,Dettol Baby Lotion,Dettol,Baby Care,Baby Lotion,252,928.19,1078.51,18,30,27,489,6.82,g,2022-06-01 00:00:00,Active
6880,Colgate Pet Shampoo,Colgate,Pet Care,Pet Shampoo,278,476.22,724.18,12,180,54,291,0.87,pcs,2024-08-01 00:00:00,Active
6881,Sunfeast Frying Pan,Sunfeast,Kitchen,Frying Pan,494,935.27,1262.39,18,60,91,132,2.77,pcs,2025-08-08 00:00:00,Active
6882,Nivea Butter,Nivea,Dairy,Butter,445,642.12,815.95,5,30,40,298,6.37,ml,2020-12-05 00:00:00,Active
6883,Nivea Floor Cleaner,Nivea,Household,Floor Cleaner,1,168.9,233.29,12,60,71,377,1.04,g,2023-12-18 00:00:00,Active
6884,Nestle Paneer,Nestle,Dairy,Paneer,460,1225.45,1484.12,12,90,30,397,1.7,pcs,2023-04-13 00:00:00,Active
6885,ITC Frying Pan,ITC,Kitchen,Frying Pan,484,360.76,404.74,0,180,99,473,8.05,kg,2025-03-31 00:00:00,Active
6886,Surf Excel Garbage Bags,Surf Excel,Household,Garbage Bags,493,812.56,1192.49,5,90,50,77,8.46,ml,2021-04-27 00:00:00,Active
6887,Sunfeast Soap,Sunfeast,Personal Care,Soap,121,1686.43,1972.42,0,60,110,358,6.3,pcs,2022-12-18 00:00:00,Active
6888,Surf Excel Diapers,Surf Excel,Baby Care,Diapers,91,1116.46,1488.19,12,60,83,114,3.17,g,2021-03-31 00:00:00,Active
6889,Parle Cat Food,Parle,Pet Care,Cat Food,408,376.86,539.69,18,60,79,101,0.26,pcs,2023-12-11 00:00:00,Active
6890,Patanjali Dog Food,Patanjali,Pet Care,Dog Food,487,1483.49,2132.62,0,60,101,390,0.19,L,2022-07-23 00:00:00,Active
6891,Mamaearth Dog Food,Mamaearth,Pet Care,Dog Food,496,682.86,831.98,5,30,115,443,4.61,g,2021-04-27 00:00:00,Active
6892,Dettol Cheese,Dettol,Dairy,Cheese,150,204.59,287.44,12,180,85,185,5.18,pcs,2023-08-26 00:00:00,Active
6893,Nestle Cat Food,Nestle,Pet Care,Cat Food,415,399.61,487.56,5,60,107,183,4.13,pcs,2023-04-30 00:00:00,Active
6894,HUL Pet Shampoo,HUL,Pet Care,Pet Shampoo,37,805.52,919.42,5,90,82,111,9.25,kg,2024-05-10 00:00:00,Active
6895,Patanjali Soft Drink,Patanjali,Beverages,Soft Drink,302,408.83,472.11,18,365,79,380,2.61,L,2022-10-09 00:00:00,Active
6896,Colgate Pet Shampoo,Colgate,Pet Care,Pet Shampoo,196,1205.69,1564.31,5,90,39,310,1.84,ml,2025-03-09 00:00:00,Active
6897,Surf Excel Energy Drink,Surf Excel,Beverages,Energy Drink,115,983.18,1206.5,0,180,73,297,1.12,g,2021-08-21 00:00:00,Active
6898,Nivea Lunch Box,Nivea,Kitchen,Lunch Box,426,1022.31,1530.62,5,60,91,148,7.64,ml,2021-07-30 00:00:00,Active
6899,Fortune Toothpaste,Fortune,Personal Care,Toothpaste,228,1267.29,1715.54,5,365,66,182,5.54,kg,2021-08-28 00:00:00,Active
6900,Mamaearth Paneer,Mamaearth,Dairy,Paneer,357,940.89,1246.37,0,30,85,428,7.62,g,2026-01-08 00:00:00,Active
6901,Pedigree Baby Powder,Pedigree,Baby Care,Baby Powder,179,242.25,338.9,0,365,54,290,1.57,L,2023-04-04 00:00:00,Active
6902,HUL Tissue Paper,HUL,Household,Tissue Paper,357,266.26,390.59,12,60,67,493,5.15,pcs,2020-08-03 00:00:00,Active
6903,ITC Knife,ITC,Kitchen,Knife,31,1635.32,2293.75,5,60,84,108,2.58,L,2021-05-16 00:00:00,Active
6904,Nivea Coffee,Nivea,Grocery,Coffee,104,845.82,978.68,0,60,105,221,9.97,ml,2025-06-22 00:00:00,Active
6905,Mamaearth Pressure Cooker,Mamaearth,Kitchen,Pressure Cooker,131,701.46,983.27,5,180,63,344,9.05,L,2025-09-04 00:00:00,Active
6906,Amul Tissue Paper,Amul,Household,Tissue Paper,340,157.99,225.73,18,60,80,310,8.33,g,2025-01-30 00:00:00,Discontinued
6907,Godrej Lunch Box,Godrej,Kitchen,Lunch Box,415,1305.97,1652.34,18,60,75,186,1.29,pcs,2022-05-11 00:00:00,Active
6908,Amul Baby Soap,Amul,Baby Care,Baby Soap,42,221.55,332.88,0,30,104,134,5.88,kg,2023-01-17 00:00:00,Active
6909,Dettol Milk,Dettol,Dairy,Milk,125,1028.86,1441.2,18,180,97,50,9.84,kg,2025-04-16 00:00:00,Active
6910,Patanjali Coffee,Patanjali,Grocery,Coffee,84,344.48,464.11,0,60,110,231,1.42,L,2023-02-19 00:00:00,Active
6911,Mamaearth Sugar,Mamaearth,Grocery,Sugar,111,1693.2,1950.22,12,60,90,383,2.57,pcs,2023-04-12 00:00:00,Active
6912,Aashirvaad Bottle,Aashirvaad,Kitchen,Bottle,333,1220.06,1776.75,18,365,73,294,6.21,g,2025-02-02 00:00:00,Active
6913,Tata Biscuits,Tata,Snacks,Biscuits,348,1045.35,1582.79,18,30,27,78,0.15,L,2020-09-14 00:00:00,Active
6914,Tata Knife,Tata,Kitchen,Knife,445,1745.78,2488.5,0,90,27,283,4.25,g,2026-03-21 00:00:00,Active
6915,Aashirvaad Soft Drink,Aashirvaad,Beverages,Soft Drink,297,877.4,1254.15,0,180,60,74,5.68,pcs,2024-10-15 00:00:00,Active
6916,Tata Chana Dal,Tata,Grocery,Chana Dal,69,1682.3,1955.23,18,30,32,385,1.61,ml,2023-05-10 00:00:00,Active
6917,Pedigree Curd,Pedigree,Dairy,Curd,395,1668.94,2173.99,18,180,54,118,2.73,L,2025-05-07 00:00:00,Active
6918,Lizol Cat Food,Lizol,Pet Care,Cat Food,429,166.24,196.99,5,90,78,326,7.72,g,2023-06-23 00:00:00,Active
6919,Tata Soft Drink,Tata,Beverages,Soft Drink,435,988.06,1436.78,18,180,32,398,1.36,g,2025-04-15 00:00:00,Active
6920,Tata Chana Dal,Tata,Grocery,Chana Dal,331,1400.69,2119.35,18,180,33,125,7.66,kg,2021-08-29 00:00:00,Active
6921,Dettol Biscuits,Dettol,Snacks,Biscuits,79,1700.84,2614.68,0,90,108,477,5.27,g,2024-08-18 00:00:00,Active
6922,Aashirvaad Knife,Aashirvaad,Kitchen,Knife,233,1348.69,1779.89,12,90,35,385,1.36,L,2023-04-30 00:00:00,Active
6923,Dabur Mineral Water,Dabur,Beverages,Mineral Water,379,1287.93,1734.73,5,60,64,432,7.27,kg,2021-08-16 00:00:00,Active
6924,Lizol Knife,Lizol,Kitchen,Knife,323,1342.98,1594.77,12,60,86,238,5.68,g,2023-10-09 00:00:00,Active
6925,HUL Face Wash,HUL,Personal Care,Face Wash,47,1278.63,1549.56,0,30,98,439,2.61,kg,2022-03-11 00:00:00,Active
6926,Parle Butter,Parle,Dairy,Butter,292,1188.02,1452.1,18,60,101,93,7.16,pcs,2020-12-15 00:00:00,Active
6927,Dettol Milk,Dettol,Dairy,Milk,252,1144.44,1356.93,12,90,74,286,1.19,g,2024-07-04 00:00:00,Active
6928,Colgate Atta,Colgate,Grocery,Atta,406,903.63,1131.26,5,30,39,103,7.57,kg,2022-03-28 00:00:00,Active
6929,Dabur Baby Powder,Dabur,Baby Care,Baby Powder,120,1336.32,1756.36,12,365,99,197,5.18,g,2021-01-12 00:00:00,Active
6930,Colgate Baby Soap,Colgate,Baby Care,Baby Soap,216,498.2,584.82,5,30,63,352,4.18,g,2023-01-17 00:00:00,Active
6931,Parle Chocolate,Parle,Snacks,Chocolate,242,432.9,496.75,18,60,75,430,3.02,pcs,2024-07-24 00:00:00,Active
6932,Aashirvaad Soft Drink,Aashirvaad,Beverages,Soft Drink,282,1269.57,1563.8,0,180,102,419,3.5,L,2025-11-18 00:00:00,Active
6933,Lizol Garbage Bags,Lizol,Household,Garbage Bags,194,1174.77,1339.54,18,180,116,77,5.99,ml,2025-02-14 00:00:00,Active
6934,Amul Bottle,Amul,Kitchen,Bottle,453,878.46,1130.75,18,60,88,250,7.28,g,2021-02-24 00:00:00,Active
6935,ITC Bottle,ITC,Kitchen,Bottle,340,1389.23,2140.69,0,180,93,228,5.41,kg,2022-08-08 00:00:00,Active
6936,Tata Hair Oil,Tata,Personal Care,Hair Oil,112,756.21,983.02,12,180,109,142,8.91,pcs,2023-02-22 00:00:00,Active
6937,Tata Dishwash Liquid,Tata,Household,Dishwash Liquid,248,873.23,1185.24,12,180,44,126,6.7,L,2023-09-26 00:00:00,Active
6938,Dettol Face Wash,Dettol,Personal Care,Face Wash,334,567.46,858.94,5,60,79,236,9.5,ml,2024-04-15 00:00:00,Active
6939,Britannia Cheese,Britannia,Dairy,Cheese,134,1793.03,2149.88,18,60,114,438,3.11,kg,2024-09-04 00:00:00,Active
6940,Mamaearth Cat Food,Mamaearth,Pet Care,Cat Food,310,839.64,1131.88,12,365,49,339,3.91,L,2026-02-11 00:00:00,Active
6941,Surf Excel Juice,Surf Excel,Beverages,Juice,34,260.17,376.45,0,365,35,202,5.23,L,2024-04-30 00:00:00,Active
6942,Nivea Baby Lotion,Nivea,Baby Care,Baby Lotion,128,797.2,1093.61,12,90,22,258,7.09,pcs,2022-06-05 00:00:00,Active
6943,Mamaearth Face Wash,Mamaearth,Personal Care,Face Wash,73,1433.62,1687.08,5,365,83,322,8.02,kg,2025-09-25 00:00:00,Active
6944,Mamaearth Butter,Mamaearth,Dairy,Butter,314,327.61,392.48,5,365,89,355,8.68,kg,2025-03-24 00:00:00,Active
6945,Tata Bottle,Tata,Kitchen,Bottle,255,1539.31,1831.33,18,180,24,232,3.79,kg,2022-05-25 00:00:00,Active
6946,ITC Energy Drink,ITC,Beverages,Energy Drink,347,1637.09,1886.63,18,60,59,405,4.78,ml,2025-09-05 00:00:00,Active
6947,Patanjali Moong Dal,Patanjali,Grocery,Moong Dal,247,492.51,677.7,12,180,52,198,3.34,kg,2026-07-20 00:00:00,Active
6948,Nivea Garbage Bags,Nivea,Household,Garbage Bags,129,463.83,591.48,12,180,37,159,1.83,kg,2025-12-25 00:00:00,Active
6949,Amul Paneer,Amul,Dairy,Paneer,198,200,268.67,12,60,111,226,7.24,kg,2025-11-10 00:00:00,Active
6950,Parle Dog Food,Parle,Pet Care,Dog Food,92,1086.24,1436.95,18,60,27,480,9.89,g,2025-02-09 00:00:00,Active
6951,Fortune Dishwash Liquid,Fortune,Household,Dishwash Liquid,89,790.58,1140.18,18,30,53,122,2.76,pcs,2025-06-18 00:00:00,Active
6952,Dettol Soap,Dettol,Personal Care,Soap,111,663.59,884.4,0,365,98,251,0.76,g,2022-12-03 00:00:00,Discontinued
6953,Godrej Baby Soap,Godrej,Baby Care,Baby Soap,395,1778.19,2257.87,12,30,79,431,2.24,g,2026-02-02 00:00:00,Active
6954,Surf Excel Biscuits,Surf Excel,Snacks,Biscuits,80,277.6,376.02,12,180,63,333,2.6,ml,2020-11-28 00:00:00,Active
6955,Colgate Energy Drink,Colgate,Beverages,Energy Drink,271,1265.67,1846.47,18,90,102,128,6.44,L,2024-09-30 00:00:00,Active
6956,Lizol Shampoo,Lizol,Personal Care,Shampoo,291,1636.21,2356.8,0,365,28,229,9.91,pcs,2020-07-31 00:00:00,Discontinued
6957,Mamaearth Bottle,Mamaearth,Kitchen,Bottle,303,1238.75,1816.12,12,180,74,371,3.89,g,2021-07-07 00:00:00,Active
6958,Parle Lunch Box,Parle,Kitchen,Lunch Box,98,482.9,653.47,12,365,38,142,1.21,ml,2024-12-15 00:00:00,Active
6959,Lizol Soft Drink,Lizol,Beverages,Soft Drink,411,656.53,1006.21,5,180,30,186,2.12,ml,2021-10-07 00:00:00,Active
6960,Lizol Floor Cleaner,Lizol,Household,Floor Cleaner,448,1542.55,2067.33,5,90,26,362,7.43,kg,2022-12-22 00:00:00,Active
6961,Dabur Soap,Dabur,Personal Care,Soap,381,1549.63,2123.53,12,180,22,174,2.64,pcs,2026-01-11 00:00:00,Discontinued
6962,Mamaearth Juice,Mamaearth,Beverages,Juice,159,1444.96,1866.99,5,365,116,343,8.24,pcs,2026-03-13 00:00:00,Active
6963,Godrej Butter,Godrej,Dairy,Butter,184,1408.78,1952.96,18,180,47,485,5.77,kg,2026-06-02 00:00:00,Active
6964,Sunfeast Cheese,Sunfeast,Dairy,Cheese,381,134.71,177.88,0,30,29,56,1.46,g,2023-03-12 00:00:00,Active
6965,Parle Knife,Parle,Kitchen,Knife,8,1731.65,2400.02,12,90,68,433,4.96,kg,2021-05-11 00:00:00,Active
6966,Godrej Detergent,Godrej,Household,Detergent,69,735.39,846.25,5,90,83,105,2.87,kg,2025-06-29 00:00:00,Active
6967,Fortune Energy Drink,Fortune,Beverages,Energy Drink,429,623.27,804.11,18,30,59,257,7.67,kg,2024-04-05 00:00:00,Discontinued
6968,Sunfeast Cat Food,Sunfeast,Pet Care,Cat Food,299,1654.78,2259.8,5,365,30,107,0.39,pcs,2025-05-03 00:00:00,Active
6969,Pedigree Knife,Pedigree,Kitchen,Knife,98,1541.48,2303.04,12,60,78,161,7.43,ml,2024-10-27 00:00:00,Active
6970,Godrej Juice,Godrej,Beverages,Juice,134,1386.63,1553.57,18,90,114,190,1.46,L,2022-02-19 00:00:00,Active
6971,HUL Energy Drink,HUL,Beverages,Energy Drink,367,1057.48,1549.56,0,180,35,387,2.17,L,2022-01-25 00:00:00,Active
6972,Colgate Milk,Colgate,Dairy,Milk,401,202.16,244.16,12,90,97,273,8.71,L,2022-01-22 00:00:00,Active
6973,Lizol Milk,Lizol,Dairy,Milk,338,1534.75,2117.07,5,60,117,233,6.12,L,2022-06-20 00:00:00,Active
6974,Aashirvaad Dog Food,Aashirvaad,Pet Care,Dog Food,191,1283.8,1799.27,18,30,41,302,6.81,pcs,2023-06-16 00:00:00,Active
6975,Fortune Chips,Fortune,Snacks,Chips,266,828.46,974.11,5,90,42,335,0.25,kg,2022-08-06 00:00:00,Active
6976,Surf Excel Suji,Surf Excel,Grocery,Suji,62,529.41,690.01,18,90,93,141,4.24,L,2026-06-30 00:00:00,Active
6977,Surf Excel Energy Drink,Surf Excel,Beverages,Energy Drink,462,969.58,1403.38,12,365,89,384,6.97,g,2021-09-15 00:00:00,Active
6978,Mamaearth Frying Pan,Mamaearth,Kitchen,Frying Pan,405,717.86,944.21,5,180,34,314,9.41,L,2026-06-24 00:00:00,Active
6979,Fortune Pressure Cooker,Fortune,Kitchen,Pressure Cooker,387,771.15,1169.61,0,365,21,236,6.41,pcs,2025-09-18 00:00:00,Active
6980,Mamaearth Soft Drink,Mamaearth,Beverages,Soft Drink,470,1703.25,2377.55,5,365,87,97,0.83,ml,2022-02-06 00:00:00,Active
6981,Nestle Juice,Nestle,Beverages,Juice,365,180.89,241.93,5,365,104,251,3.42,g,2021-11-06 00:00:00,Active
6982,Sunfeast Diapers,Sunfeast,Baby Care,Diapers,410,1177.66,1649.72,18,90,32,333,9.32,g,2023-07-21 00:00:00,Active
6983,Pedigree Paneer,Pedigree,Dairy,Paneer,457,55.99,72.4,18,60,116,414,1.47,L,2021-04-04 00:00:00,Active
6984,Parle Baby Lotion,Parle,Baby Care,Baby Lotion,245,1701.29,2057.03,18,365,100,347,2.71,kg,2021-09-19 00:00:00,Active
6985,Tata Hair Oil,Tata,Personal Care,Hair Oil,130,312.37,370.34,18,180,99,382,3.18,g,2021-12-01 00:00:00,Active
6986,Mamaearth Bottle,Mamaearth,Kitchen,Bottle,241,1622.39,2365.28,12,30,49,53,6.47,g,2024-05-04 00:00:00,Active
6987,Mamaearth Soft Drink,Mamaearth,Beverages,Soft Drink,290,858.12,1310.08,0,90,27,448,1.9,g,2023-07-11 00:00:00,Active
6988,Nivea Pressure Cooker,Nivea,Kitchen,Pressure Cooker,384,230.9,338.4,5,90,62,446,0.27,ml,2025-05-02 00:00:00,Active
6989,Aashirvaad Diapers,Aashirvaad,Baby Care,Diapers,248,520.53,764.7,0,60,118,386,8.31,kg,2020-10-14 00:00:00,Active
6990,HUL Milk,HUL,Dairy,Milk,334,1481.82,2209.46,5,60,60,267,9.21,g,2021-01-05 00:00:00,Active
6991,Patanjali Pet Shampoo,Patanjali,Pet Care,Pet Shampoo,484,346.03,397.66,18,365,56,194,3.55,ml,2023-06-28 00:00:00,Active
6992,Nestle Chips,Nestle,Snacks,Chips,188,363.68,434.11,18,60,79,104,9.27,pcs,2023-08-14 00:00:00,Active
6993,Britannia Sugar,Britannia,Grocery,Sugar,247,1577.25,1842.26,18,180,34,368,0.97,kg,2024-08-03 00:00:00,Active
6994,Surf Excel Baby Lotion,Surf Excel,Baby Care,Baby Lotion,337,268.19,412.86,5,30,106,451,6.16,ml,2023-08-21 00:00:00,Active
6995,Dettol Baby Soap,Dettol,Baby Care,Baby Soap,187,614.62,887.85,5,365,51,377,7.52,g,2023-12-15 00:00:00,Active
6996,Patanjali Dog Food,Patanjali,Pet Care,Dog Food,492,1798.27,2044.99,5,365,44,469,0.1,L,2024-11-07 00:00:00,Active
6997,ITC Detergent,ITC,Household,Detergent,265,158.65,179.67,18,60,118,491,1.24,L,2021-03-09 00:00:00,Active
6998,Parle Chips,Parle,Snacks,Chips,262,809.48,1088.59,5,60,61,139,3.19,pcs,2023-09-07 00:00:00,Active
6999,Nestle Floor Cleaner,Nestle,Household,Floor Cleaner,284,906.63,1085.47,5,30,64,380,6.94,L,2022-12-14 00:00:00,Active
7000,Parle Cheese,Parle,Dairy,Cheese,134,1673.47,1928.83,12,90,34,276,0.73,L,2023-03-12 00:00:00,Active
7001,ITC Energy Drink,ITC,Beverages,Energy Drink,360,969.65,1097.32,5,30,60,129,2.46,pcs,2024-09-20 00:00:00,Active
7002,Parle Energy Drink,Parle,Beverages,Energy Drink,51,750.82,1034.8,0,60,43,57,3.4,L,2026-04-03 00:00:00,Active
7003,Surf Excel Cat Food,Surf Excel,Pet Care,Cat Food,269,664.7,758.62,5,180,70,377,2.94,g,2024-11-06 00:00:00,Active
7004,Mamaearth Baby Powder,Mamaearth,Baby Care,Baby Powder,154,22.08,30.44,18,60,23,55,5.64,kg,2025-04-17 00:00:00,Active
7005,Dettol Cookies,Dettol,Snacks,Cookies,87,421.78,587.61,0,30,62,257,4.65,g,2025-03-10 00:00:00,Active
7006,Colgate Pressure Cooker,Colgate,Kitchen,Pressure Cooker,211,701.3,823.17,18,30,63,432,8.36,g,2024-04-15 00:00:00,Active
7007,Tata Floor Cleaner,Tata,Household,Floor Cleaner,388,726.29,832.22,18,180,30,212,2.5,L,2021-03-06 00:00:00,Active
7008,Godrej Tissue Paper,Godrej,Household,Tissue Paper,296,27.38,41.25,5,180,30,84,0.54,pcs,2026-01-02 00:00:00,Active
7009,Britannia Pet Shampoo,Britannia,Pet Care,Pet Shampoo,350,961.53,1484.02,0,90,28,389,7.62,ml,2024-05-19 00:00:00,Active
7010,Nivea Dog Food,Nivea,Pet Care,Dog Food,432,1756.73,2605.8,12,365,90,78,7.3,kg,2023-04-04 00:00:00,Active
7011,Pedigree Floor Cleaner,Pedigree,Household,Floor Cleaner,450,1640.81,1862.37,5,60,34,232,7.15,pcs,2024-07-06 00:00:00,Active
7012,Amul Energy Drink,Amul,Beverages,Energy Drink,366,1433.64,1605.93,5,90,64,413,8.25,ml,2026-01-31 00:00:00,Active
7013,Godrej Hair Oil,Godrej,Personal Care,Hair Oil,258,1710.89,2150.15,5,30,62,167,8.85,pcs,2024-05-21 00:00:00,Active
7014,Britannia Atta,Britannia,Grocery,Atta,96,684.02,927.76,18,90,45,191,8.05,L,2021-04-17 00:00:00,Active
7015,Colgate Cat Food,Colgate,Pet Care,Cat Food,435,847.28,1061.48,12,60,71,156,1.66,g,2025-09-29 00:00:00,Active
7016,Parle Salt,Parle,Grocery,Salt,204,1247.87,1552.83,18,180,85,414,1.33,g,2021-05-24 00:00:00,Active
7017,Tata Namkeen,Tata,Snacks,Namkeen,152,865.68,1331.32,0,365,81,156,8.25,ml,2023-12-19 00:00:00,Discontinued
7018,Fortune Pet Shampoo,Fortune,Pet Care,Pet Shampoo,237,285.27,358.09,12,60,68,446,1.84,kg,2026-06-29 00:00:00,Active
7019,ITC Milk,ITC,Dairy,Milk,30,1577.19,1892.8,0,365,49,419,7.66,ml,2021-05-29 00:00:00,Active
7020,HUL Baby Lotion,HUL,Baby Care,Baby Lotion,101,1301.83,1681.76,0,180,85,364,0.13,g,2025-04-18 00:00:00,Active
7021,Mamaearth Dog Food,Mamaearth,Pet Care,Dog Food,114,1494.27,1946.25,18,365,94,268,6.12,ml,2024-11-08 00:00:00,Active
7022,Nestle Rice,Nestle,Grocery,Rice,171,1598.02,2292.18,5,365,111,321,2.51,g,2026-02-16 00:00:00,Active
7023,Amul Cat Food,Amul,Pet Care,Cat Food,125,289.9,447.89,0,180,54,176,0.38,L,2023-12-20 00:00:00,Active
7024,Nivea Atta,Nivea,Grocery,Atta,9,142.71,164.34,5,30,100,75,3.56,g,2021-12-09 00:00:00,Active
7025,Dabur Juice,Dabur,Beverages,Juice,158,1235.2,1388.17,12,180,100,341,4.43,pcs,2023-07-18 00:00:00,Active
7026,HUL Garbage Bags,HUL,Household,Garbage Bags,203,1251.23,1776,12,90,65,215,8.96,g,2023-11-22 00:00:00,Active
7027,Nivea Pressure Cooker,Nivea,Kitchen,Pressure Cooker,297,1288.96,1617.89,12,90,53,317,4.4,L,2026-03-27 00:00:00,Active
7028,HUL Cheese,HUL,Dairy,Cheese,412,338.04,426.92,0,180,104,63,9.25,kg,2025-10-15 00:00:00,Active
7029,Mamaearth Coffee,Mamaearth,Grocery,Coffee,443,909.44,1338.59,12,60,109,294,4.2,pcs,2025-10-06 00:00:00,Active
7030,Amul Frying Pan,Amul,Kitchen,Frying Pan,80,324.98,485.31,18,90,47,190,0.88,pcs,2026-06-14 00:00:00,Active
7031,Patanjali Cookies,Patanjali,Snacks,Cookies,407,1677.61,2399.39,12,365,34,500,8.42,L,2022-09-06 00:00:00,Active
7032,Surf Excel Energy Drink,Surf Excel,Beverages,Energy Drink,303,368.17,499.27,5,90,99,375,2.48,ml,2025-03-27 00:00:00,Active
7033,Aashirvaad Dog Food,Aashirvaad,Pet Care,Dog Food,101,1407.34,1848.09,0,180,49,332,3.8,ml,2025-04-07 00:00:00,Active
7034,Britannia Tea,Britannia,Grocery,Tea,83,705.32,981.66,12,365,80,485,6.09,ml,2022-12-06 00:00:00,Active
7035,Lizol Cookies,Lizol,Snacks,Cookies,470,756.92,890.77,18,365,40,192,5.18,kg,2025-09-10 00:00:00,Active
7036,Tata Toothpaste,Tata,Personal Care,Toothpaste,394,420.5,620.72,18,60,55,445,1.62,kg,2023-03-02 00:00:00,Active
7037,Parle Baby Soap,Parle,Baby Care,Baby Soap,20,975.63,1302.33,18,180,28,316,5.28,L,2023-11-12 00:00:00,Active
7038,Parle Knife,Parle,Kitchen,Knife,106,1732.9,2378.65,12,180,38,221,3.64,kg,2025-02-03 00:00:00,Active
7039,Godrej Shampoo,Godrej,Personal Care,Shampoo,237,1108.9,1667.3,0,365,104,301,2.37,pcs,2021-10-25 00:00:00,Active
7040,Parle Milk,Parle,Dairy,Milk,10,1452.62,1684.46,0,365,120,66,8.14,g,2022-03-16 00:00:00,Active
7041,Tata Pressure Cooker,Tata,Kitchen,Pressure Cooker,100,1161.42,1308.59,12,180,37,387,9.24,g,2022-12-05 00:00:00,Active
7042,Nivea Toor Dal,Nivea,Grocery,Toor Dal,46,1019.14,1219.58,18,180,42,80,4.63,L,2025-01-24 00:00:00,Active
7043,Colgate Namkeen,Colgate,Snacks,Namkeen,34,1184.78,1453.21,0,180,43,135,5.65,ml,2020-10-11 00:00:00,Active
7044,Surf Excel Knife,Surf Excel,Kitchen,Knife,456,1374.87,1544.52,12,365,61,356,3.54,g,2023-07-09 00:00:00,Active
7045,Lizol Pet Shampoo,Lizol,Pet Care,Pet Shampoo,410,284.82,434.29,18,30,97,485,7.91,pcs,2024-08-14 00:00:00,Active
7046,Surf Excel Butter,Surf Excel,Dairy,Butter,449,1624.87,2310.86,12,90,120,478,9.24,kg,2026-04-12 00:00:00,Active
7047,Sunfeast Face Wash,Sunfeast,Personal Care,Face Wash,133,313.14,410.32,12,365,77,430,6.14,ml,2021-08-08 00:00:00,Active
7048,Amul Dog Food,Amul,Pet Care,Dog Food,221,334.36,507.33,5,30,95,463,0.6,L,2020-08-16 00:00:00,Active
7049,Tata Toor Dal,Tata,Grocery,Toor Dal,302,279.3,421.86,0,60,52,389,2.18,ml,2021-08-20 00:00:00,Active
7050,Colgate Cat Food,Colgate,Pet Care,Cat Food,195,1526.65,2254.68,12,90,38,81,8.88,pcs,2023-07-02 00:00:00,Active
7051,Tata Baby Soap,Tata,Baby Care,Baby Soap,19,1726.98,1979.16,18,60,34,312,9.82,L,2021-06-30 00:00:00,Active
7052,Amul Chips,Amul,Snacks,Chips,377,298.7,334.6,0,30,70,292,2.95,L,2022-10-27 00:00:00,Active
7053,HUL Cheese,HUL,Dairy,Cheese,263,595.32,800.48,5,90,21,270,5.25,pcs,2023-08-02 00:00:00,Discontinued
7054,Patanjali Juice,Patanjali,Beverages,Juice,415,611.49,888.72,12,180,43,403,2.8,kg,2026-03-04 00:00:00,Active
7055,Britannia Cat Food,Britannia,Pet Care,Cat Food,104,244.33,367.15,5,180,112,347,5.03,ml,2023-05-15 00:00:00,Active
7056,Pedigree Coffee,Pedigree,Grocery,Coffee,492,1681.81,2362.11,5,30,91,358,4,L,2021-10-05 00:00:00,Active
7057,ITC Cookies,ITC,Snacks,Cookies,54,857.11,1063.8,12,90,66,342,7.91,g,2021-06-06 00:00:00,Active
7058,Amul Face Wash,Amul,Personal Care,Face Wash,465,610.43,874.02,0,30,95,210,1.47,ml,2025-05-01 00:00:00,Active
7059,Aashirvaad Cat Food,Aashirvaad,Pet Care,Cat Food,181,446.18,534.84,0,60,65,456,9.25,ml,2024-01-06 00:00:00,Active
7060,Godrej Lunch Box,Godrej,Kitchen,Lunch Box,59,1458.98,1758.42,0,90,67,455,7.61,g,2020-10-16 00:00:00,Active
7061,Lizol Chips,Lizol,Snacks,Chips,101,868.45,1169.63,12,90,20,271,2.55,kg,2021-03-24 00:00:00,Active
7062,ITC Bottle,ITC,Kitchen,Bottle,187,1151.36,1414.2,12,365,44,76,7.42,pcs,2024-11-26 00:00:00,Active
7063,Tata Baby Soap,Tata,Baby Care,Baby Soap,68,171.33,231.36,0,365,54,79,4.92,ml,2025-03-11 00:00:00,Active
7064,Mamaearth Toor Dal,Mamaearth,Grocery,Toor Dal,457,1649.12,2164.48,5,90,48,149,4.08,kg,2025-09-03 00:00:00,Active
7065,Colgate Suji,Colgate,Grocery,Suji,32,1535.34,2325.77,5,90,90,466,2.46,ml,2021-06-24 00:00:00,Active
7066,Fortune Baby Powder,Fortune,Baby Care,Baby Powder,450,115.74,176.56,5,365,100,168,8.29,ml,2022-07-08 00:00:00,Active
7067,Lizol Milk,Lizol,Dairy,Milk,185,526.64,730.99,5,365,76,256,4.66,pcs,2025-01-26 00:00:00,Active
7068,Colgate Pet Shampoo,Colgate,Pet Care,Pet Shampoo,46,555.59,671.72,5,90,55,300,6.78,ml,2024-12-17 00:00:00,Active
7069,Dettol Rice,Dettol,Grocery,Rice,203,1117.21,1578.12,5,60,56,112,3.14,kg,2025-03-12 00:00:00,Active
7070,Parle Milk,Parle,Dairy,Milk,275,576.26,767.66,12,60,76,159,7.16,g,2021-12-05 00:00:00,Active
7071,Colgate Chips,Colgate,Snacks,Chips,79,865.71,1243.22,5,365,120,117,9.19,pcs,2025-08-04 00:00:00,Active
7072,Lizol Diapers,Lizol,Baby Care,Diapers,291,688.48,794.76,5,365,70,207,9.77,pcs,2026-01-24 00:00:00,Active
7073,Surf Excel Pet Shampoo,Surf Excel,Pet Care,Pet Shampoo,388,1229.43,1631.61,5,365,28,482,1.64,L,2026-04-01 00:00:00,Active
7074,Britannia Cat Food,Britannia,Pet Care,Cat Food,303,1166.75,1374.82,0,60,59,259,5.7,kg,2021-01-27 00:00:00,Active
7075,Colgate Baby Lotion,Colgate,Baby Care,Baby Lotion,42,774.82,1182.75,18,90,90,350,0.67,pcs,2024-09-17 00:00:00,Active
7076,Amul Curd,Amul,Dairy,Curd,248,1233.59,1878.1,5,60,40,380,0.71,ml,2024-12-15 00:00:00,Active
7077,ITC Pet Shampoo,ITC,Pet Care,Pet Shampoo,354,563.88,842.98,18,30,44,441,1.02,pcs,2021-07-17 00:00:00,Active
7078,Parle Curd,Parle,Dairy,Curd,376,233.06,354.04,12,60,64,142,6.97,L,2026-05-29 00:00:00,Active
7079,Patanjali Lunch Box,Patanjali,Kitchen,Lunch Box,453,1523.63,1827.91,5,60,29,296,9.78,L,2021-09-21 00:00:00,Active
7080,Aashirvaad Cooking Oil,Aashirvaad,Grocery,Cooking Oil,137,837.45,1137,18,365,102,500,5.96,kg,2026-04-19 00:00:00,Active
7081,Parle Baby Soap,Parle,Baby Care,Baby Soap,291,1009.04,1356.73,18,30,67,428,9.34,g,2023-03-26 00:00:00,Active
7082,Colgate Lunch Box,Colgate,Kitchen,Lunch Box,213,844.3,967.65,18,30,89,101,7.09,ml,2026-07-03 00:00:00,Active
7083,Dabur Biscuits,Dabur,Snacks,Biscuits,463,169.58,245.63,18,30,33,427,8.96,L,2024-12-02 00:00:00,Active
7084,Patanjali Baby Soap,Patanjali,Baby Care,Baby Soap,226,373.76,481.67,18,60,99,497,7.34,L,2024-11-27 00:00:00,Active
7085,Colgate Dishwash Liquid,Colgate,Household,Dishwash Liquid,168,936.84,1104.36,12,60,79,393,8.36,kg,2025-10-18 00:00:00,Active
7086,Aashirvaad Bottle,Aashirvaad,Kitchen,Bottle,240,153.97,207.74,18,30,22,82,8.09,L,2025-08-29 00:00:00,Active
7087,Fortune Tissue Paper,Fortune,Household,Tissue Paper,355,1690.93,2615.54,0,60,67,256,4.43,ml,2024-06-24 00:00:00,Active
7088,Fortune Tissue Paper,Fortune,Household,Tissue Paper,253,1583.32,1989.06,5,90,42,133,6.97,L,2023-02-27 00:00:00,Active
7089,Nestle Lunch Box,Nestle,Kitchen,Lunch Box,494,1759.31,2371.43,18,60,35,178,9.05,kg,2021-05-24 00:00:00,Active
7090,Dabur Suji,Dabur,Grocery,Suji,40,104.56,135.12,5,180,97,111,1.38,pcs,2025-12-02 00:00:00,Active
7091,HUL Dog Food,HUL,Pet Care,Dog Food,279,1377.36,1669.85,18,60,52,370,0.55,kg,2021-04-01 00:00:00,Active
7092,Parle Shampoo,Parle,Personal Care,Shampoo,19,473.83,709.08,12,365,31,100,2.57,pcs,2024-10-29 00:00:00,Active
7093,Nivea Pressure Cooker,Nivea,Kitchen,Pressure Cooker,490,156.55,241.49,18,60,55,467,6.31,kg,2021-01-14 00:00:00,Active
7094,Parle Shampoo,Parle,Personal Care,Shampoo,452,1200.5,1558.3,12,90,91,323,3.5,kg,2023-09-16 00:00:00,Active
7095,Nestle Chips,Nestle,Snacks,Chips,138,1433.25,2017.17,0,180,84,82,2.72,g,2021-02-27 00:00:00,Active
7096,Dabur Baby Powder,Dabur,Baby Care,Baby Powder,97,1663.65,2087.91,12,365,80,214,3.71,g,2024-10-24 00:00:00,Active
7097,Lizol Garbage Bags,Lizol,Household,Garbage Bags,355,977.92,1283.4,18,60,40,170,5.26,ml,2023-11-11 00:00:00,Active
7098,Mamaearth Shampoo,Mamaearth,Personal Care,Shampoo,134,1743.79,2449.86,5,60,55,209,0.99,ml,2023-06-07 00:00:00,Discontinued
7099,Lizol Energy Drink,Lizol,Beverages,Energy Drink,488,847.7,1029.45,5,30,116,53,1.5,ml,2026-05-06 00:00:00,Active
7100,ITC Garbage Bags,ITC,Household,Garbage Bags,304,122.78,180.05,0,60,57,298,8.63,ml,2021-09-03 00:00:00,Active
7101,Lizol Suji,Lizol,Grocery,Suji,95,1575.42,2092.14,0,90,81,466,2.67,L,2023-12-03 00:00:00,Active
7102,Godrej Atta,Godrej,Grocery,Atta,72,1338.81,1864.78,5,90,104,278,7.67,pcs,2021-01-18 00:00:00,Active
7103,Aashirvaad Bottle,Aashirvaad,Kitchen,Bottle,145,1203.64,1576.27,5,30,77,78,9.48,ml,2025-03-11 00:00:00,Active
7104,Lizol Energy Drink,Lizol,Beverages,Energy Drink,9,1532.31,1996.52,18,365,74,316,8.97,ml,2022-06-19 00:00:00,Active
7105,Sunfeast Chocolate,Sunfeast,Snacks,Chocolate,88,446.82,510.26,12,60,102,367,7.95,kg,2022-01-26 00:00:00,Active
7106,ITC Shampoo,ITC,Personal Care,Shampoo,228,689.5,1016.01,0,90,26,185,8.6,g,2023-10-11 00:00:00,Active
7107,Britannia Cookies,Britannia,Snacks,Cookies,439,1549.95,2174.48,18,180,111,265,0.3,ml,2022-07-26 00:00:00,Active
7108,Sunfeast Baby Soap,Sunfeast,Baby Care,Baby Soap,433,301.22,405.61,18,180,45,314,0.21,g,2021-12-18 00:00:00,Active
7109,Tata Energy Drink,Tata,Beverages,Energy Drink,25,963.27,1268.18,18,180,69,277,4.46,L,2025-11-14 00:00:00,Active
7110,ITC Curd,ITC,Dairy,Curd,186,272.78,362.85,12,60,93,268,9.94,pcs,2025-04-29 00:00:00,Active
7111,Nestle Energy Drink,Nestle,Beverages,Energy Drink,105,1576.61,1843.03,12,90,54,167,2.94,L,2025-08-16 00:00:00,Active
7112,Dabur Butter,Dabur,Dairy,Butter,185,594.02,917.16,0,365,29,437,5.01,pcs,2021-06-05 00:00:00,Active
7113,Parle Cat Food,Parle,Pet Care,Cat Food,485,1363.4,1839.75,18,60,75,64,3.7,kg,2022-01-31 00:00:00,Active
7114,Patanjali Mineral Water,Patanjali,Beverages,Mineral Water,485,651.63,993.44,12,60,61,306,0.71,kg,2021-09-23 00:00:00,Active
7115,ITC Baby Powder,ITC,Baby Care,Baby Powder,17,954.33,1389.42,18,60,45,423,0.87,ml,2023-06-16 00:00:00,Active
7116,HUL Garbage Bags,HUL,Household,Garbage Bags,457,1755.31,2130.58,12,30,31,66,9,pcs,2025-09-11 00:00:00,Active
7117,Pedigree Baby Lotion,Pedigree,Baby Care,Baby Lotion,243,613.18,887.4,5,30,35,358,1.89,L,2024-10-16 00:00:00,Active
7118,Pedigree Cheese,Pedigree,Dairy,Cheese,89,294.62,365.35,5,60,57,286,0.93,L,2020-11-20 00:00:00,Active
7119,Aashirvaad Detergent,Aashirvaad,Household,Detergent,263,1596.57,1897.26,12,90,91,440,5.84,L,2025-05-01 00:00:00,Active
7120,ITC Pet Shampoo,ITC,Pet Care,Pet Shampoo,471,173.64,267.02,18,365,23,114,1.26,g,2021-08-08 00:00:00,Active
7121,ITC Lunch Box,ITC,Kitchen,Lunch Box,497,1147.14,1603.26,5,365,59,420,6.28,L,2024-09-28 00:00:00,Active
7122,Nestle Pet Shampoo,Nestle,Pet Care,Pet Shampoo,461,272.54,384.37,0,90,40,196,0.27,g,2020-09-16 00:00:00,Active
7123,Pedigree Baby Lotion,Pedigree,Baby Care,Baby Lotion,160,959.26,1249.27,12,60,46,377,4.79,kg,2025-10-29 00:00:00,Active
7124,Britannia Coffee,Britannia,Grocery,Coffee,488,728.57,1009.86,0,60,97,74,2.67,kg,2023-01-25 00:00:00,Active
7125,Sunfeast Soap,Sunfeast,Personal Care,Soap,239,429.19,501.57,18,180,45,60,0.59,pcs,2026-02-06 00:00:00,Active
7126,ITC Face Wash,ITC,Personal Care,Face Wash,391,1552.48,2218.8,0,90,91,405,3.62,kg,2024-12-05 00:00:00,Active
7127,Godrej Diapers,Godrej,Baby Care,Diapers,487,713.27,822.66,12,90,118,129,8.19,g,2021-12-05 00:00:00,Active
7128,Pedigree Chips,Pedigree,Snacks,Chips,39,30.76,46.91,18,90,54,164,5.13,L,2024-05-26 00:00:00,Active
7129,HUL Namkeen,HUL,Snacks,Namkeen,215,304.91,443.23,5,60,81,370,9.7,ml,2021-11-08 00:00:00,Discontinued
7130,Mamaearth Toothpaste,Mamaearth,Personal Care,Toothpaste,477,710.46,845.63,18,60,67,486,6.31,g,2021-10-08 00:00:00,Active
7131,Dettol Biscuits,Dettol,Snacks,Biscuits,270,1269.86,1565.19,0,180,74,252,4.19,kg,2023-05-21 00:00:00,Active
7132,Fortune Baby Soap,Fortune,Baby Care,Baby Soap,471,648.59,930.45,5,90,54,195,5.8,kg,2020-10-11 00:00:00,Active
7133,Dabur Baby Soap,Dabur,Baby Care,Baby Soap,124,1692.66,2442.71,5,180,50,333,2.64,pcs,2021-05-12 00:00:00,Active
7134,Amul Baby Lotion,Amul,Baby Care,Baby Lotion,162,1556.57,2183.57,12,365,38,292,9.31,ml,2025-04-06 00:00:00,Active
7135,Dettol Tea,Dettol,Grocery,Tea,46,1180.33,1808.62,18,60,85,226,5.17,kg,2023-05-21 00:00:00,Active
7136,Dabur Tea,Dabur,Grocery,Tea,338,99.26,144.08,18,90,69,61,9.34,g,2025-12-27 00:00:00,Active
7137,Colgate Knife,Colgate,Kitchen,Knife,211,938.77,1247.04,0,30,64,469,7.57,kg,2022-12-25 00:00:00,Active
7138,Surf Excel Juice,Surf Excel,Beverages,Juice,241,782.85,1071.51,12,30,58,203,4.27,L,2024-11-25 00:00:00,Active
7139,Lizol Juice,Lizol,Beverages,Juice,484,902.5,1377.72,18,365,26,440,1.95,g,2022-06-24 00:00:00,Active
7140,Mamaearth Juice,Mamaearth,Beverages,Juice,274,1404.05,2118.06,12,60,81,284,3.16,ml,2023-02-21 00:00:00,Active
7141,Aashirvaad Toor Dal,Aashirvaad,Grocery,Toor Dal,186,1477.3,1677.97,5,180,90,488,3.17,pcs,2023-12-05 00:00:00,Active
7142,Fortune Moong Dal,Fortune,Grocery,Moong Dal,263,264.2,304,18,365,98,75,8.08,L,2023-04-13 00:00:00,Active
7143,Surf Excel Cat Food,Surf Excel,Pet Care,Cat Food,293,978.37,1191.36,12,30,114,435,9.55,kg,2024-09-25 00:00:00,Active
7144,Surf Excel Hair Oil,Surf Excel,Personal Care,Hair Oil,497,1608.91,1950.08,0,60,74,443,3.6,pcs,2023-07-06 00:00:00,Active
7145,Pedigree Moong Dal,Pedigree,Grocery,Moong Dal,343,815.44,914.97,18,180,82,336,1.19,pcs,2020-10-25 00:00:00,Active
7146,Britannia Curd,Britannia,Dairy,Curd,449,678.02,858.66,12,30,22,54,2.1,ml,2025-03-10 00:00:00,Active
7147,ITC Baby Powder,ITC,Baby Care,Baby Powder,105,1664.56,2438.19,5,60,88,111,4.08,kg,2024-07-21 00:00:00,Active
7148,Patanjali Cookies,Patanjali,Snacks,Cookies,472,278.09,344.35,5,365,39,317,6.94,L,2021-03-30 00:00:00,Discontinued
7149,Aashirvaad Baby Soap,Aashirvaad,Baby Care,Baby Soap,185,382.63,518.35,5,90,77,420,9.63,pcs,2022-08-27 00:00:00,Active
7150,Pedigree Soap,Pedigree,Personal Care,Soap,229,843.64,1065.84,0,365,89,482,9.12,g,2025-07-09 00:00:00,Active
7151,HUL Floor Cleaner,HUL,Household,Floor Cleaner,404,1476.87,1782.45,0,365,64,112,1.66,L,2024-01-31 00:00:00,Active
7152,Nivea Lunch Box,Nivea,Kitchen,Lunch Box,269,1187.42,1578.19,18,90,119,476,3.92,L,2025-06-06 00:00:00,Active
7153,Sunfeast Poha,Sunfeast,Grocery,Poha,163,209.11,258.34,18,60,28,62,5.42,g,2023-09-26 00:00:00,Active
7154,Nestle Milk,Nestle,Dairy,Milk,96,1587.47,1788.44,12,365,73,380,0.99,kg,2023-07-26 00:00:00,Active
7155,Tata Baby Powder,Tata,Baby Care,Baby Powder,395,613.06,903.46,12,180,84,318,2.79,kg,2023-04-26 00:00:00,Active
7156,Lizol Cat Food,Lizol,Pet Care,Cat Food,468,446.82,566.62,18,365,102,378,3.26,ml,2023-01-27 00:00:00,Active
7157,HUL Butter,HUL,Dairy,Butter,256,556.46,824.43,18,365,90,278,2.43,kg,2023-05-18 00:00:00,Active
7158,Dettol Cheese,Dettol,Dairy,Cheese,450,1590.41,2444.29,12,60,27,382,7.16,L,2025-08-26 00:00:00,Active
7159,Godrej Cooking Oil,Godrej,Grocery,Cooking Oil,452,1633.76,2504.17,18,30,47,88,2.61,g,2023-03-07 00:00:00,Active
7160,Colgate Baby Powder,Colgate,Baby Care,Baby Powder,270,166.15,233.31,5,180,101,358,8.83,g,2024-11-08 00:00:00,Active
7161,Godrej Detergent,Godrej,Household,Detergent,31,802.74,1060.03,18,90,107,462,8.42,L,2020-12-13 00:00:00,Active
7162,Aashirvaad Cat Food,Aashirvaad,Pet Care,Cat Food,331,70.19,98.94,0,90,96,232,7.63,g,2020-11-16 00:00:00,Active
7163,Lizol Bottle,Lizol,Kitchen,Bottle,306,1626.35,2306.61,18,90,31,255,2.74,ml,2021-08-21 00:00:00,Active
7164,Fortune Frying Pan,Fortune,Kitchen,Frying Pan,314,1313.3,1997.29,18,180,40,491,0.93,kg,2026-05-10 00:00:00,Active
7165,Nivea Cat Food,Nivea,Pet Care,Cat Food,378,1723.28,2193.19,12,60,25,306,7.27,L,2025-05-26 00:00:00,Discontinued
7166,HUL Pressure Cooker,HUL,Kitchen,Pressure Cooker,473,1679.69,2294.62,12,30,97,56,2.88,ml,2021-06-12 00:00:00,Active
7167,HUL Diapers,HUL,Baby Care,Diapers,322,22.85,29.12,18,60,68,141,2.33,g,2026-01-31 00:00:00,Active
7168,HUL Detergent,HUL,Household,Detergent,43,1458.98,2054.85,18,90,97,391,6.79,kg,2023-02-19 00:00:00,Active
7169,ITC Baby Soap,ITC,Baby Care,Baby Soap,460,243.91,376.12,12,30,86,351,9.38,kg,2021-06-26 00:00:00,Active
7170,Godrej Butter,Godrej,Dairy,Butter,243,1001.28,1419.33,5,365,80,376,5.66,ml,2025-11-13 00:00:00,Active
7171,Patanjali Pet Shampoo,Patanjali,Pet Care,Pet Shampoo,476,1690.65,2362.33,5,90,38,398,4.65,L,2022-05-24 00:00:00,Active
7172,Sunfeast Toor Dal,Sunfeast,Grocery,Toor Dal,235,602.16,697.89,5,180,78,374,9.18,kg,2025-04-20 00:00:00,Active
7173,Dettol Pet Shampoo,Dettol,Pet Care,Pet Shampoo,2,333.15,469.9,18,30,88,457,8.96,pcs,2023-06-07 00:00:00,Active
7174,Pedigree Chips,Pedigree,Snacks,Chips,297,1580.13,2113.22,18,60,67,210,7.59,g,2024-08-27 00:00:00,Active
7175,Lizol Garbage Bags,Lizol,Household,Garbage Bags,474,1632.71,2465.62,18,30,115,120,1.42,g,2021-02-04 00:00:00,Active
7176,Colgate Toothpaste,Colgate,Personal Care,Toothpaste,471,1529.47,2222.99,12,30,114,267,7.75,ml,2025-04-26 00:00:00,Active
7177,Mamaearth Toothpaste,Mamaearth,Personal Care,Toothpaste,372,571.97,691.77,0,180,55,95,2.23,pcs,2023-02-22 00:00:00,Active
7178,Godrej Toothpaste,Godrej,Personal Care,Toothpaste,500,1256.22,1476.93,18,90,46,428,2.65,ml,2024-08-27 00:00:00,Active
7179,ITC Baby Lotion,ITC,Baby Care,Baby Lotion,226,1622.79,2347.57,0,60,98,250,0.53,pcs,2021-10-10 00:00:00,Active
7180,Parle Frying Pan,Parle,Kitchen,Frying Pan,80,137.07,178.75,5,90,29,245,3.77,ml,2025-07-26 00:00:00,Active
7181,Nivea Lunch Box,Nivea,Kitchen,Lunch Box,35,1289.85,1625.75,0,180,41,113,4.66,L,2022-12-18 00:00:00,Active
7182,Patanjali Baby Powder,Patanjali,Baby Care,Baby Powder,375,413.58,562.56,5,30,38,206,8.56,ml,2024-10-02 00:00:00,Discontinued
7183,Patanjali Cat Food,Patanjali,Pet Care,Cat Food,276,1467.65,2007.04,0,30,105,307,3.12,g,2024-08-03 00:00:00,Active
7184,Tata Hair Oil,Tata,Personal Care,Hair Oil,194,224.99,318.63,0,60,36,135,6.71,g,2025-05-17 00:00:00,Active
7185,Patanjali Dishwash Liquid,Patanjali,Household,Dishwash Liquid,291,1672.41,1992.27,0,60,39,221,2.22,kg,2022-07-27 00:00:00,Active
7186,Tata Juice,Tata,Beverages,Juice,259,141.43,177.96,12,60,77,296,5.21,g,2022-10-12 00:00:00,Active
7187,Colgate Toor Dal,Colgate,Grocery,Toor Dal,147,1703.58,2165.64,18,60,85,139,7.05,g,2025-01-03 00:00:00,Active
7188,Nivea Diapers,Nivea,Baby Care,Diapers,104,84.24,108.07,0,90,40,377,4.91,ml,2021-09-23 00:00:00,Active
7189,Colgate Cat Food,Colgate,Pet Care,Cat Food,355,1742.76,2078.44,0,60,63,260,6.93,kg,2026-05-03 00:00:00,Active
7190,Pedigree Face Wash,Pedigree,Personal Care,Face Wash,410,892.82,1223.3,12,30,26,180,9.37,ml,2025-11-14 00:00:00,Active
7191,Parle Namkeen,Parle,Snacks,Namkeen,486,666.82,898.26,18,180,35,377,3.82,pcs,2022-10-06 00:00:00,Active
7192,Mamaearth Baby Lotion,Mamaearth,Baby Care,Baby Lotion,35,1618.31,1910.5,0,365,77,491,1.16,ml,2022-11-19 00:00:00,Active
7193,Tata Chips,Tata,Snacks,Chips,262,721.37,1069.29,18,365,22,130,1.8,ml,2024-05-28 00:00:00,Active
7194,Godrej Dog Food,Godrej,Pet Care,Dog Food,338,1190.18,1702.36,5,180,51,90,6.78,ml,2022-06-25 00:00:00,Active
7195,Nestle Baby Lotion,Nestle,Baby Care,Baby Lotion,406,1660.13,2023.76,18,365,55,113,7.75,ml,2023-05-28 00:00:00,Active
7196,Britannia Lunch Box,Britannia,Kitchen,Lunch Box,443,138.02,176.28,18,90,91,52,2.91,pcs,2021-02-05 00:00:00,Active
7197,Tata Cat Food,Tata,Pet Care,Cat Food,357,582.54,697.3,18,180,70,180,6.99,L,2024-10-01 00:00:00,Active
7198,Amul Tissue Paper,Amul,Household,Tissue Paper,36,1419.07,1952.02,0,180,97,337,7.56,L,2024-06-11 00:00:00,Active
7199,Patanjali Cat Food,Patanjali,Pet Care,Cat Food,39,1662.37,2256.77,0,90,110,72,7.88,pcs,2021-12-30 00:00:00,Active
7200,Godrej Mineral Water,Godrej,Beverages,Mineral Water,335,1284.38,1560.97,5,30,83,478,6.65,L,2024-03-19 00:00:00,Active
7201,Sunfeast Detergent,Sunfeast,Household,Detergent,387,749.62,1111.96,18,90,92,270,9.06,kg,2026-01-22 00:00:00,Active
7202,Patanjali Baby Soap,Patanjali,Baby Care,Baby Soap,203,1255.66,1719.41,5,30,101,360,9.29,ml,2023-09-14 00:00:00,Active
7203,Parle Soft Drink,Parle,Beverages,Soft Drink,357,849.54,997.35,12,30,56,418,7.24,kg,2023-09-12 00:00:00,Active
7204,Dettol Dishwash Liquid,Dettol,Household,Dishwash Liquid,271,945.57,1232.15,18,90,64,125,0.49,ml,2023-03-15 00:00:00,Active
7205,Colgate Cat Food,Colgate,Pet Care,Cat Food,479,1041.17,1286.72,0,180,23,55,6.74,kg,2021-03-19 00:00:00,Active
7206,Godrej Frying Pan,Godrej,Kitchen,Frying Pan,177,839.19,1217.48,18,365,70,133,0.72,kg,2025-05-28 00:00:00,Active
7207,Sunfeast Baby Powder,Sunfeast,Baby Care,Baby Powder,369,81.85,91.91,18,60,90,266,5.58,ml,2022-09-07 00:00:00,Active
7208,Amul Toothpaste,Amul,Personal Care,Toothpaste,309,1302.79,1940.21,18,90,117,280,8.81,kg,2021-02-15 00:00:00,Active
7209,Nestle Bottle,Nestle,Kitchen,Bottle,417,690.5,922.26,18,60,26,207,2.2,ml,2025-05-20 00:00:00,Active
7210,Surf Excel Paneer,Surf Excel,Dairy,Paneer,10,183.03,210.1,5,180,116,214,1.51,L,2023-01-06 00:00:00,Active
7211,Dettol Baby Lotion,Dettol,Baby Care,Baby Lotion,292,996.85,1189.66,12,90,111,485,8.28,kg,2020-11-17 00:00:00,Active
7212,Lizol Hair Oil,Lizol,Personal Care,Hair Oil,431,393.01,442.15,18,30,79,365,7.12,L,2022-07-03 00:00:00,Active
7213,Sunfeast Mineral Water,Sunfeast,Beverages,Mineral Water,189,371.86,447.78,5,30,90,379,1.95,pcs,2025-02-17 00:00:00,Active
7214,Nivea Chocolate,Nivea,Snacks,Chocolate,215,265.92,307.85,5,365,30,491,4.01,g,2023-12-21 00:00:00,Active
7215,Sunfeast Pet Shampoo,Sunfeast,Pet Care,Pet Shampoo,141,1419.75,2065.68,0,30,26,86,1.43,g,2026-04-30 00:00:00,Active
7216,Dabur Hair Oil,Dabur,Personal Care,Hair Oil,120,125.62,166.97,0,30,85,161,6.97,kg,2023-07-03 00:00:00,Active
7217,Amul Frying Pan,Amul,Kitchen,Frying Pan,253,619.44,749.06,12,30,98,495,4.01,L,2026-06-21 00:00:00,Active
7218,Aashirvaad Toothpaste,Aashirvaad,Personal Care,Toothpaste,141,529.71,607.15,18,180,75,327,6.13,pcs,2025-04-03 00:00:00,Active
7219,Parle Salt,Parle,Grocery,Salt,270,1312.07,1995.59,12,365,34,346,3.32,kg,2024-11-28 00:00:00,Active
7220,Mamaearth Paneer,Mamaearth,Dairy,Paneer,414,1322.92,1702.22,5,90,54,92,5.91,pcs,2024-11-10 00:00:00,Active
7221,Nivea Coffee,Nivea,Grocery,Coffee,219,1638.25,2253.82,12,365,61,211,1.77,ml,2022-08-24 00:00:00,Active
7222,Patanjali Baby Soap,Patanjali,Baby Care,Baby Soap,434,815.5,1158.72,0,90,78,405,7.57,pcs,2022-05-01 00:00:00,Active
7223,Britannia Pet Shampoo,Britannia,Pet Care,Pet Shampoo,72,363.03,489.16,18,60,115,113,4.71,pcs,2020-12-03 00:00:00,Active
7224,Godrej Juice,Godrej,Beverages,Juice,447,565.78,859.12,12,180,69,357,6.62,g,2021-04-17 00:00:00,Active
7225,Dabur Tissue Paper,Dabur,Household,Tissue Paper,146,690.82,857.8,0,365,37,230,6.77,g,2022-08-15 00:00:00,Active
7226,Mamaearth Juice,Mamaearth,Beverages,Juice,1,1016.65,1480.16,5,90,102,170,9.17,g,2022-06-17 00:00:00,Active
7227,Fortune Hair Oil,Fortune,Personal Care,Hair Oil,51,804.95,1161.81,5,90,58,347,9.7,ml,2025-12-23 00:00:00,Active
7228,Surf Excel Namkeen,Surf Excel,Snacks,Namkeen,439,654.27,821.75,12,30,65,402,1.42,L,2024-08-30 00:00:00,Active
7229,Fortune Toor Dal,Fortune,Grocery,Toor Dal,77,450.55,663.67,12,180,53,435,3.66,g,2021-04-21 00:00:00,Active
7230,Britannia Hair Oil,Britannia,Personal Care,Hair Oil,128,1725.91,2605.89,5,30,103,454,5.4,L,2025-01-23 00:00:00,Discontinued
7231,Dabur Pet Shampoo,Dabur,Pet Care,Pet Shampoo,88,1504.94,1960.47,12,365,58,451,3.49,g,2025-01-25 00:00:00,Active
7232,ITC Floor Cleaner,ITC,Household,Floor Cleaner,357,543.01,689.84,12,180,70,302,4.05,g,2021-09-18 00:00:00,Active
7233,Britannia Toothpaste,Britannia,Personal Care,Toothpaste,463,1534.59,1769.09,12,60,42,438,0.58,L,2024-08-21 00:00:00,Active
7234,Lizol Salt,Lizol,Grocery,Salt,252,307.98,470.78,18,365,59,202,0.86,L,2025-07-12 00:00:00,Active
7235,Sunfeast Moong Dal,Sunfeast,Grocery,Moong Dal,286,1010.59,1461.77,18,30,80,178,5.39,g,2022-06-25 00:00:00,Active
7236,Tata Diapers,Tata,Baby Care,Diapers,354,610.57,720.86,5,365,41,208,4.93,g,2020-12-22 00:00:00,Active
7237,Nivea Suji,Nivea,Grocery,Suji,435,177.97,211.45,12,90,117,119,3.81,pcs,2025-02-19 00:00:00,Active
7238,Aashirvaad Shampoo,Aashirvaad,Personal Care,Shampoo,118,1033.83,1239.18,18,90,33,402,0.94,kg,2024-09-13 00:00:00,Active
7239,HUL Chips,HUL,Snacks,Chips,60,1026.63,1527.11,0,180,80,153,4.48,pcs,2021-09-22 00:00:00,Active
7240,Britannia Biscuits,Britannia,Snacks,Biscuits,399,327.61,413.7,12,60,51,322,6.15,g,2024-08-17 00:00:00,Discontinued
7241,Aashirvaad Face Wash,Aashirvaad,Personal Care,Face Wash,239,977.88,1442.43,12,30,36,378,4.93,pcs,2023-03-15 00:00:00,Discontinued
7242,Parle Chana Dal,Parle,Grocery,Chana Dal,407,1341.89,1515.21,5,60,76,222,1.1,pcs,2022-04-04 00:00:00,Active
7243,Patanjali Floor Cleaner,Patanjali,Household,Floor Cleaner,336,110.87,141.01,0,90,40,203,4.11,ml,2025-12-13 00:00:00,Active
7244,Mamaearth Milk,Mamaearth,Dairy,Milk,206,1468.52,2215.61,12,30,41,181,5.91,L,2025-12-05 00:00:00,Active
7245,ITC Frying Pan,ITC,Kitchen,Frying Pan,55,1078.67,1237.56,5,365,29,352,4.55,L,2023-08-31 00:00:00,Active
7246,Nestle Baby Soap,Nestle,Baby Care,Baby Soap,46,1586.17,2304.43,18,60,46,465,2.61,ml,2021-08-06 00:00:00,Active
7247,Mamaearth Juice,Mamaearth,Beverages,Juice,52,66.32,80.97,18,30,86,294,0.99,kg,2024-04-16 00:00:00,Active
7248,HUL Juice,HUL,Beverages,Juice,79,1283.81,1685.85,0,365,25,163,7.08,pcs,2025-05-17 00:00:00,Active
7249,ITC Butter,ITC,Dairy,Butter,195,928.99,1195.91,18,30,55,322,8.75,pcs,2024-05-18 00:00:00,Active
7250,HUL Paneer,HUL,Dairy,Paneer,16,342.85,487.29,18,60,119,474,6.77,L,2024-05-07 00:00:00,Active
7251,Colgate Milk,Colgate,Dairy,Milk,263,283.02,327.33,0,180,116,352,3.06,L,2024-08-24 00:00:00,Active
7252,Colgate Baby Powder,Colgate,Baby Care,Baby Powder,277,608.98,871.25,5,365,20,155,1.07,kg,2022-09-14 00:00:00,Active
7253,Britannia Coffee,Britannia,Grocery,Coffee,200,1051.78,1228.8,18,180,63,421,6.45,pcs,2023-03-10 00:00:00,Active
7254,Aashirvaad Cookies,Aashirvaad,Snacks,Cookies,265,1723.64,2179.98,0,30,98,68,2.74,pcs,2024-12-18 00:00:00,Discontinued
7255,Aashirvaad Tissue Paper,Aashirvaad,Household,Tissue Paper,126,995,1154.81,18,365,82,464,1.69,L,2026-05-14 00:00:00,Active
7256,ITC Garbage Bags,ITC,Household,Garbage Bags,75,519.25,582.97,5,90,64,361,8.39,pcs,2022-09-23 00:00:00,Active
7257,Godrej Namkeen,Godrej,Snacks,Namkeen,438,1389.03,1795.52,18,60,105,103,4.15,ml,2022-07-30 00:00:00,Active
7258,Dettol Dishwash Liquid,Dettol,Household,Dishwash Liquid,259,1519.49,1705.6,18,365,98,109,4.58,g,2024-09-27 00:00:00,Active
7259,Pedigree Sugar,Pedigree,Grocery,Sugar,264,712.18,807.94,5,30,85,193,9.88,L,2022-09-05 00:00:00,Active
7260,Sunfeast Pressure Cooker,Sunfeast,Kitchen,Pressure Cooker,486,496.68,723.06,12,365,94,269,2.39,pcs,2026-01-09 00:00:00,Discontinued
7261,Nestle Pet Shampoo,Nestle,Pet Care,Pet Shampoo,306,1132.44,1711.97,5,60,64,107,5.93,kg,2023-12-30 00:00:00,Active
7262,Sunfeast Garbage Bags,Sunfeast,Household,Garbage Bags,346,1632.19,2061.68,0,90,65,308,1.04,ml,2022-11-24 00:00:00,Active
7263,Dabur Curd,Dabur,Dairy,Curd,175,674.4,852.35,5,365,25,349,1.25,L,2022-06-30 00:00:00,Active
7264,Mamaearth Bottle,Mamaearth,Kitchen,Bottle,303,125.52,147.73,0,30,52,101,7.28,kg,2022-09-13 00:00:00,Active
7265,Dettol Coffee,Dettol,Grocery,Coffee,88,1102.29,1609.83,5,180,40,213,5.64,kg,2022-03-17 00:00:00,Active
7266,Mamaearth Suji,Mamaearth,Grocery,Suji,226,376.71,462.17,5,60,69,67,5.6,kg,2020-11-08 00:00:00,Active
7267,Dabur Lunch Box,Dabur,Kitchen,Lunch Box,189,1389.07,1875.93,18,90,71,264,3.74,pcs,2020-11-30 00:00:00,Active
7268,Parle Chips,Parle,Snacks,Chips,112,1252.98,1756.93,18,365,63,315,0.49,kg,2025-12-22 00:00:00,Active
7269,Pedigree Hair Oil,Pedigree,Personal Care,Hair Oil,435,1493.33,1933.7,12,365,105,408,3.16,ml,2023-05-23 00:00:00,Active
7270,Colgate Milk,Colgate,Dairy,Milk,339,1671.34,2576.28,5,365,115,367,2.1,pcs,2022-12-26 00:00:00,Active
7271,Surf Excel Juice,Surf Excel,Beverages,Juice,320,732.74,1015.27,18,180,76,404,0.61,g,2023-04-08 00:00:00,Active
7272,Mamaearth Cheese,Mamaearth,Dairy,Cheese,122,625.86,858.16,0,180,97,236,4.27,L,2022-09-22 00:00:00,Active
7273,Nestle Cat Food,Nestle,Pet Care,Cat Food,272,572.75,883.04,18,60,70,236,1.16,L,2024-07-15 00:00:00,Active
7274,Fortune Bottle,Fortune,Kitchen,Bottle,299,1639.22,2041.59,5,30,39,415,8.68,g,2024-08-26 00:00:00,Active
7275,Britannia Knife,Britannia,Kitchen,Knife,102,323.58,420.98,5,60,85,79,1.92,ml,2025-04-17 00:00:00,Active
7276,Pedigree Floor Cleaner,Pedigree,Household,Floor Cleaner,121,471.95,550.02,18,30,79,328,3.12,pcs,2025-06-12 00:00:00,Active
7277,Sunfeast Garbage Bags,Sunfeast,Household,Garbage Bags,285,1175,1744.23,12,180,54,149,2.19,kg,2025-03-01 00:00:00,Active
7278,Mamaearth Pet Shampoo,Mamaearth,Pet Care,Pet Shampoo,172,727.95,836.46,5,180,22,475,7.42,L,2024-03-17 00:00:00,Active
7279,Pedigree Juice,Pedigree,Beverages,Juice,154,24.64,31.25,5,60,32,237,7.46,pcs,2024-10-03 00:00:00,Active
7280,Amul Lunch Box,Amul,Kitchen,Lunch Box,274,489.86,575.51,0,90,97,177,9.58,ml,2022-09-02 00:00:00,Active
7281,Nestle Juice,Nestle,Beverages,Juice,371,1211.53,1413.34,18,30,72,193,0.93,ml,2020-10-25 00:00:00,Active
7282,Aashirvaad Curd,Aashirvaad,Dairy,Curd,251,1312.1,2013.48,18,60,29,108,5.72,ml,2023-06-16 00:00:00,Active
7283,Surf Excel Chips,Surf Excel,Snacks,Chips,357,456.37,675.3,18,30,85,324,4.71,L,2024-01-23 00:00:00,Active
7284,Surf Excel Detergent,Surf Excel,Household,Detergent,490,1769.72,2324.79,18,60,86,223,9.41,L,2023-08-03 00:00:00,Active
7285,Parle Pet Shampoo,Parle,Pet Care,Pet Shampoo,232,1381.24,1950.27,12,30,47,214,9.32,pcs,2023-03-19 00:00:00,Active
7286,Aashirvaad Poha,Aashirvaad,Grocery,Poha,171,404.85,481.71,18,90,97,295,6.68,pcs,2022-02-11 00:00:00,Active
7287,Sunfeast Lunch Box,Sunfeast,Kitchen,Lunch Box,157,1087.61,1634.83,5,60,25,132,3.1,L,2020-10-02 00:00:00,Active
7288,HUL Sugar,HUL,Grocery,Sugar,18,1290.96,1718.52,5,90,23,124,9.6,kg,2021-11-23 00:00:00,Active
7289,Nivea Pet Shampoo,Nivea,Pet Care,Pet Shampoo,476,878.72,1107.02,5,365,109,423,9.1,ml,2026-06-14 00:00:00,Active
7290,Nestle Diapers,Nestle,Baby Care,Diapers,453,468.99,641.12,18,365,70,335,9.48,kg,2026-04-15 00:00:00,Active
7291,Aashirvaad Frying Pan,Aashirvaad,Kitchen,Frying Pan,326,194.33,298.46,0,365,116,188,9.91,g,2022-12-27 00:00:00,Active
7292,Godrej Namkeen,Godrej,Snacks,Namkeen,249,49.75,73.76,12,365,92,119,0.79,kg,2021-09-14 00:00:00,Active
7293,Tata Garbage Bags,Tata,Household,Garbage Bags,468,279.87,326.43,18,60,26,361,5.03,L,2021-06-04 00:00:00,Active
7294,Lizol Butter,Lizol,Dairy,Butter,160,744.1,1115.41,0,30,76,116,0.41,g,2023-09-28 00:00:00,Active
7295,Nivea Cookies,Nivea,Snacks,Cookies,425,1539.61,1969.48,18,60,111,322,1.65,L,2024-04-27 00:00:00,Active
7296,Parle Dog Food,Parle,Pet Care,Dog Food,181,220.53,291.49,12,30,101,206,5.32,pcs,2022-05-22 00:00:00,Active
7297,Aashirvaad Lunch Box,Aashirvaad,Kitchen,Lunch Box,68,57.95,84.61,0,180,108,346,9.08,kg,2025-01-15 00:00:00,Active
7298,Pedigree Diapers,Pedigree,Baby Care,Diapers,248,800.72,925.54,12,365,120,171,0.42,kg,2024-03-12 00:00:00,Active
7299,Nivea Cat Food,Nivea,Pet Care,Cat Food,157,1168.38,1729.05,12,90,31,389,8.66,ml,2021-08-15 00:00:00,Active
7300,Britannia Salt,Britannia,Grocery,Salt,262,376.49,539.43,18,60,51,466,6.01,kg,2023-12-20 00:00:00,Active
7301,Britannia Shampoo,Britannia,Personal Care,Shampoo,125,218.72,330.34,12,365,81,500,2.93,g,2023-01-27 00:00:00,Active
7302,Pedigree Hair Oil,Pedigree,Personal Care,Hair Oil,155,1486.81,1874.39,0,90,49,351,5.28,L,2022-01-30 00:00:00,Active
7303,Nivea Toor Dal,Nivea,Grocery,Toor Dal,138,944.14,1241,0,30,98,141,9.11,ml,2025-12-14 00:00:00,Active
7304,Dabur Lunch Box,Dabur,Kitchen,Lunch Box,81,1603.59,2317.79,12,30,101,362,6.31,L,2025-09-04 00:00:00,Active
7305,Tata Paneer,Tata,Dairy,Paneer,299,339.56,501.16,0,90,44,53,7.81,L,2025-09-30 00:00:00,Active
7306,Surf Excel Baby Powder,Surf Excel,Baby Care,Baby Powder,376,1297.79,1685.93,12,180,61,344,3.49,pcs,2022-10-31 00:00:00,Active
7307,Godrej Baby Lotion,Godrej,Baby Care,Baby Lotion,396,53.64,77.55,12,90,103,184,0.35,ml,2025-01-09 00:00:00,Active
7308,Patanjali Moong Dal,Patanjali,Grocery,Moong Dal,477,342.88,466.23,18,90,88,457,4.06,pcs,2024-04-13 00:00:00,Active
7309,Amul Chips,Amul,Snacks,Chips,271,760.79,1147.63,5,90,79,281,2.52,ml,2021-12-23 00:00:00,Active
7310,ITC Mineral Water,ITC,Beverages,Mineral Water,27,346.25,481.76,5,90,65,294,8.51,kg,2022-06-21 00:00:00,Active
7311,Dabur Milk,Dabur,Dairy,Milk,75,600.02,852.62,18,90,77,393,2.27,ml,2024-08-02 00:00:00,Active
7312,ITC Mineral Water,ITC,Beverages,Mineral Water,351,1437.07,2070.3,5,30,65,70,2.62,ml,2023-04-28 00:00:00,Active
7313,Sunfeast Bottle,Sunfeast,Kitchen,Bottle,194,715.5,1031.06,5,180,33,154,0.73,L,2022-04-07 00:00:00,Active
7314,Sunfeast Soft Drink,Sunfeast,Beverages,Soft Drink,476,629.59,825.77,5,365,77,323,3.74,g,2022-12-29 00:00:00,Active
7315,HUL Floor Cleaner,HUL,Household,Floor Cleaner,388,450.62,576.69,12,365,98,387,1.93,pcs,2023-04-26 00:00:00,Active
7316,Nestle Detergent,Nestle,Household,Detergent,395,1098.13,1322.32,12,90,47,394,4.36,pcs,2021-01-16 00:00:00,Active
7317,Dabur Floor Cleaner,Dabur,Household,Floor Cleaner,406,902.14,1358.91,5,365,61,273,6.86,L,2021-10-31 00:00:00,Active
7318,Patanjali Shampoo,Patanjali,Personal Care,Shampoo,381,876.53,1001.77,12,90,32,147,1.12,g,2020-11-25 00:00:00,Active
7319,Colgate Shampoo,Colgate,Personal Care,Shampoo,39,694.41,1035.67,5,90,108,310,8.69,pcs,2023-08-31 00:00:00,Active
7320,Dettol Tissue Paper,Dettol,Household,Tissue Paper,488,1191.31,1498.29,5,365,78,472,3.58,pcs,2020-09-24 00:00:00,Active
7321,ITC Rice,ITC,Grocery,Rice,293,217.96,294.4,12,30,66,137,5.46,pcs,2024-06-16 00:00:00,Active
7322,Nivea Juice,Nivea,Beverages,Juice,295,293.83,330.56,0,30,84,294,9.84,ml,2025-05-31 00:00:00,Active
7323,Nivea Pressure Cooker,Nivea,Kitchen,Pressure Cooker,209,1792.57,2236.76,5,90,80,373,6.41,g,2022-04-27 00:00:00,Active
7324,Britannia Knife,Britannia,Kitchen,Knife,20,80.49,97.42,18,60,49,335,3.81,kg,2022-09-08 00:00:00,Active
7325,Parle Biscuits,Parle,Snacks,Biscuits,79,819.46,1013.68,0,180,90,390,1.91,ml,2026-02-26 00:00:00,Active
7326,Tata Milk,Tata,Dairy,Milk,41,1255.79,1859.76,5,60,65,411,3.23,g,2024-08-15 00:00:00,Active
7327,Britannia Knife,Britannia,Kitchen,Knife,456,921.29,1120.94,5,60,56,271,1.53,ml,2021-03-02 00:00:00,Active
7328,Amul Cookies,Amul,Snacks,Cookies,54,1466.56,2119.99,18,90,41,235,6.21,L,2023-06-07 00:00:00,Active
7329,Nivea Dog Food,Nivea,Pet Care,Dog Food,443,372.93,453.34,5,180,80,70,4.51,g,2021-05-20 00:00:00,Active
7330,Pedigree Pressure Cooker,Pedigree,Kitchen,Pressure Cooker,209,1231.59,1562.89,0,90,37,486,8.21,L,2024-11-16 00:00:00,Active
7331,Dettol Face Wash,Dettol,Personal Care,Face Wash,10,1708.59,2425.96,0,60,76,224,7.39,pcs,2025-12-17 00:00:00,Active
7332,Lizol Diapers,Lizol,Baby Care,Diapers,62,988.06,1529.39,18,90,99,75,1.34,L,2026-03-16 00:00:00,Active
7333,Surf Excel Knife,Surf Excel,Kitchen,Knife,195,1658.08,2167.88,12,60,102,252,9.03,ml,2021-08-22 00:00:00,Active
7334,Britannia Baby Powder,Britannia,Baby Care,Baby Powder,232,811.85,1158.5,5,180,116,449,3.62,ml,2024-01-07 00:00:00,Active
7335,Dabur Cheese,Dabur,Dairy,Cheese,441,1219.99,1690.76,5,30,48,177,5.63,kg,2023-05-23 00:00:00,Active
7336,Fortune Namkeen,Fortune,Snacks,Namkeen,449,1731.59,2675.76,5,60,41,119,3.34,L,2024-01-04 00:00:00,Active
7337,Patanjali Energy Drink,Patanjali,Beverages,Energy Drink,316,1364.99,1922.56,5,180,72,339,1.12,ml,2025-01-05 00:00:00,Active
7338,Patanjali Baby Powder,Patanjali,Baby Care,Baby Powder,48,20.97,30.75,12,365,91,182,8.18,pcs,2022-04-09 00:00:00,Active
7339,Fortune Hair Oil,Fortune,Personal Care,Hair Oil,435,822.38,1236.22,18,180,67,432,3.93,L,2024-10-02 00:00:00,Active
7340,Fortune Tissue Paper,Fortune,Household,Tissue Paper,406,1174.7,1598.99,0,365,84,307,6.04,kg,2025-08-12 00:00:00,Active
7341,Britannia Dishwash Liquid,Britannia,Household,Dishwash Liquid,31,1201.15,1729.82,5,60,104,419,8.4,ml,2026-06-24 00:00:00,Active
7342,Britannia Baby Soap,Britannia,Baby Care,Baby Soap,292,965.73,1373.43,12,90,31,203,7.56,pcs,2021-06-02 00:00:00,Active
7343,Nivea Biscuits,Nivea,Snacks,Biscuits,377,193.92,299.3,12,365,73,73,3.31,ml,2026-04-07 00:00:00,Active
7344,Dettol Diapers,Dettol,Baby Care,Diapers,37,1000.01,1463.54,18,180,78,422,8.77,g,2025-02-14 00:00:00,Active
7345,Parle Pressure Cooker,Parle,Kitchen,Pressure Cooker,424,487.63,648.72,12,180,25,216,6.74,kg,2024-08-26 00:00:00,Active
7346,Aashirvaad Chana Dal,Aashirvaad,Grocery,Chana Dal,72,127.68,167.84,0,60,52,381,6.79,pcs,2023-07-19 00:00:00,Active
7347,Sunfeast Floor Cleaner,Sunfeast,Household,Floor Cleaner,404,283.9,342.75,18,60,91,216,7.34,pcs,2020-12-26 00:00:00,Active
7348,Parle Energy Drink,Parle,Beverages,Energy Drink,190,631.94,893.24,12,365,33,350,8.4,kg,2021-05-29 00:00:00,Active
7349,Britannia Butter,Britannia,Dairy,Butter,462,1417.56,1876.19,5,30,33,294,4.26,g,2021-01-22 00:00:00,Active
7350,Sunfeast Baby Lotion,Sunfeast,Baby Care,Baby Lotion,238,850.91,1004,12,30,81,454,6.54,g,2021-12-28 00:00:00,Active
7351,Nivea Cookies,Nivea,Snacks,Cookies,125,1331.36,1763.69,5,60,120,313,4.79,L,2026-02-14 00:00:00,Discontinued
7352,Amul Frying Pan,Amul,Kitchen,Frying Pan,156,55.72,71.88,0,365,38,381,5.67,g,2023-04-28 00:00:00,Active
7353,Godrej Toor Dal,Godrej,Grocery,Toor Dal,242,979.05,1334.79,5,30,22,336,3.99,L,2021-10-13 00:00:00,Active
7354,Dettol Pet Shampoo,Dettol,Pet Care,Pet Shampoo,144,1045.48,1523.13,0,90,80,179,9.47,pcs,2025-09-22 00:00:00,Active
7355,ITC Soft Drink,ITC,Beverages,Soft Drink,311,653.29,932.84,18,180,101,324,1.55,g,2023-03-01 00:00:00,Active
7356,Lizol Juice,Lizol,Beverages,Juice,426,459.78,681.27,5,180,24,297,2.18,pcs,2024-09-05 00:00:00,Active
7357,Aashirvaad Diapers,Aashirvaad,Baby Care,Diapers,333,971.05,1498.26,0,30,110,393,5.95,L,2020-12-28 00:00:00,Active
7358,Tata Energy Drink,Tata,Beverages,Energy Drink,252,813.4,1108.66,0,365,67,238,1.99,kg,2024-01-29 00:00:00,Active
7359,Fortune Detergent,Fortune,Household,Detergent,431,1625.99,2504.29,12,365,57,255,4.41,kg,2021-04-26 00:00:00,Active
7360,ITC Cat Food,ITC,Pet Care,Cat Food,94,742.2,906.81,12,365,39,343,8.47,kg,2026-01-04 00:00:00,Active
7361,Parle Chips,Parle,Snacks,Chips,372,1293.52,1530.45,12,180,63,134,1.9,g,2024-10-05 00:00:00,Active
7362,HUL Hair Oil,HUL,Personal Care,Hair Oil,495,226.16,339.43,5,60,92,160,0.47,kg,2022-10-04 00:00:00,Active
7363,Nestle Baby Soap,Nestle,Baby Care,Baby Soap,31,1541.15,1957.54,12,90,99,383,0.87,L,2026-03-06 00:00:00,Active
7364,Nivea Diapers,Nivea,Baby Care,Diapers,56,1612.42,2282.84,12,180,50,109,2.75,ml,2021-08-03 00:00:00,Active
7365,Patanjali Paneer,Patanjali,Dairy,Paneer,371,930.25,1278.98,0,90,57,256,2.11,pcs,2020-08-18 00:00:00,Active
7366,Britannia Milk,Britannia,Dairy,Milk,308,233.81,347.31,5,30,78,295,0.48,ml,2025-01-26 00:00:00,Active
7367,Lizol Chocolate,Lizol,Snacks,Chocolate,410,682.7,829,12,180,66,281,2.03,g,2022-02-18 00:00:00,Active
7368,Nestle Baby Lotion,Nestle,Baby Care,Baby Lotion,263,1773.35,2544.48,12,90,43,434,5.94,pcs,2024-06-25 00:00:00,Active
7369,Surf Excel Soft Drink,Surf Excel,Beverages,Soft Drink,93,1110.23,1481.5,18,365,115,295,0.59,g,2023-07-29 00:00:00,Active
7370,Amul Pet Shampoo,Amul,Pet Care,Pet Shampoo,336,989.44,1210.84,5,365,101,92,7.17,pcs,2023-04-19 00:00:00,Active
7371,Dettol Detergent,Dettol,Household,Detergent,270,1016.29,1440.84,18,90,64,336,6.11,kg,2025-07-18 00:00:00,Active
7372,Sunfeast Dishwash Liquid,Sunfeast,Household,Dishwash Liquid,468,1276.12,1782.62,5,60,86,340,4.65,L,2022-02-14 00:00:00,Active
7373,Nivea Energy Drink,Nivea,Beverages,Energy Drink,25,1006.89,1154.4,5,90,70,395,6.54,pcs,2025-08-18 00:00:00,Active
7374,Colgate Pet Shampoo,Colgate,Pet Care,Pet Shampoo,435,1352.31,1846.87,18,30,56,272,5.22,pcs,2025-03-03 00:00:00,Active
7375,Parle Baby Powder,Parle,Baby Care,Baby Powder,493,1770.05,2334.53,12,30,62,238,3.65,kg,2021-08-04 00:00:00,Discontinued
7376,Godrej Knife,Godrej,Kitchen,Knife,107,1667.24,2064.81,18,60,90,356,6.23,L,2024-07-14 00:00:00,Active
7377,Mamaearth Face Wash,Mamaearth,Personal Care,Face Wash,307,1498.85,2021.28,18,30,93,135,9.87,ml,2022-07-15 00:00:00,Active
7378,Parle Pressure Cooker,Parle,Kitchen,Pressure Cooker,277,1196.61,1391.8,12,365,88,220,2.27,g,2024-09-22 00:00:00,Active
7379,Tata Chocolate,Tata,Snacks,Chocolate,381,797.24,1078.41,18,90,22,470,8.39,L,2025-11-10 00:00:00,Active
7380,Sunfeast Cookies,Sunfeast,Snacks,Cookies,271,1613.61,1848.97,0,30,24,68,2.46,pcs,2022-02-11 00:00:00,Discontinued
7381,Godrej Cooking Oil,Godrej,Grocery,Cooking Oil,334,1628.24,1945.35,0,30,99,95,0.63,kg,2022-01-15 00:00:00,Active
7382,Parle Cooking Oil,Parle,Grocery,Cooking Oil,351,1075.88,1576.08,12,90,116,281,2.62,g,2023-06-02 00:00:00,Discontinued
7383,Fortune Diapers,Fortune,Baby Care,Diapers,471,77.85,100.1,18,60,100,94,5.16,g,2024-02-10 00:00:00,Active
7384,Fortune Dishwash Liquid,Fortune,Household,Dishwash Liquid,460,1410.53,1587.15,0,180,84,77,3.72,kg,2024-10-03 00:00:00,Active
7385,Surf Excel Chocolate,Surf Excel,Snacks,Chocolate,250,1119.18,1622.91,0,30,30,301,7.15,g,2020-10-04 00:00:00,Active
7386,Surf Excel Garbage Bags,Surf Excel,Household,Garbage Bags,165,852.29,985.06,0,60,114,177,1.18,g,2021-11-15 00:00:00,Active
7387,Aashirvaad Floor Cleaner,Aashirvaad,Household,Floor Cleaner,18,365.83,438.3,0,60,107,304,9.08,L,2022-04-23 00:00:00,Active
7388,Pedigree Juice,Pedigree,Beverages,Juice,478,108.05,121.34,0,30,36,312,2.76,kg,2024-10-12 00:00:00,Active
7389,HUL Dog Food,HUL,Pet Care,Dog Food,202,479.58,682.21,18,180,100,408,6.32,pcs,2025-05-09 00:00:00,Active
7390,Nivea Namkeen,Nivea,Snacks,Namkeen,482,1498.67,2285.16,0,365,40,256,8.3,pcs,2024-05-14 00:00:00,Active
7391,Parle Dishwash Liquid,Parle,Household,Dishwash Liquid,41,438.76,525.33,18,365,85,330,0.52,L,2024-02-13 00:00:00,Active
7392,Nivea Cheese,Nivea,Dairy,Cheese,423,1174.21,1348.95,0,30,34,241,6.09,pcs,2023-02-04 00:00:00,Active
7393,Dettol Dog Food,Dettol,Pet Care,Dog Food,487,547.4,676.9,12,180,100,426,5.12,g,2022-10-22 00:00:00,Active
7394,Patanjali Pet Shampoo,Patanjali,Pet Care,Pet Shampoo,146,1007.37,1373.38,12,90,21,230,4.17,L,2021-03-24 00:00:00,Active
7395,Parle Chips,Parle,Snacks,Chips,471,514.32,669.26,5,365,115,225,5.85,L,2026-05-10 00:00:00,Active
7396,Mamaearth Floor Cleaner,Mamaearth,Household,Floor Cleaner,500,347.82,504.51,5,30,120,377,9.23,kg,2024-03-15 00:00:00,Active
7397,Fortune Garbage Bags,Fortune,Household,Garbage Bags,293,430.85,600.58,0,60,112,294,8.66,kg,2023-06-16 00:00:00,Active
7398,Godrej Biscuits,Godrej,Snacks,Biscuits,144,462.12,700.05,18,60,44,143,9.89,pcs,2021-12-05 00:00:00,Active
7399,Pedigree Toothpaste,Pedigree,Personal Care,Toothpaste,224,406.11,511.96,18,90,87,417,3.23,L,2021-03-03 00:00:00,Active
7400,Pedigree Cookies,Pedigree,Snacks,Cookies,486,292.39,374.21,18,180,53,60,7.62,kg,2023-12-26 00:00:00,Active
7401,Godrej Diapers,Godrej,Baby Care,Diapers,424,793.82,897.51,18,90,55,390,1.45,g,2026-04-26 00:00:00,Active
7402,ITC Dog Food,ITC,Pet Care,Dog Food,36,1389.34,1943.28,12,90,28,426,0.54,L,2022-01-01 00:00:00,Active
7403,Lizol Butter,Lizol,Dairy,Butter,439,1700.51,2248.14,18,30,103,128,2.45,L,2023-12-08 00:00:00,Active
7404,Sunfeast Lunch Box,Sunfeast,Kitchen,Lunch Box,26,698.06,900.01,0,30,98,270,2.48,g,2022-10-12 00:00:00,Active
7405,Patanjali Cookies,Patanjali,Snacks,Cookies,19,798.01,1042.8,18,30,35,372,6.3,kg,2020-12-29 00:00:00,Active
7406,Surf Excel Diapers,Surf Excel,Baby Care,Diapers,340,105.61,129.41,5,60,32,267,3.13,L,2025-06-21 00:00:00,Active
7407,ITC Hair Oil,ITC,Personal Care,Hair Oil,19,1478.24,2188.46,12,365,21,160,8.83,kg,2024-04-13 00:00:00,Active
7408,Colgate Paneer,Colgate,Dairy,Paneer,315,88.17,100.13,12,365,80,135,2.74,kg,2025-09-05 00:00:00,Active
7409,Mamaearth Curd,Mamaearth,Dairy,Curd,468,876.28,1068.99,5,30,27,239,8.55,pcs,2021-03-26 00:00:00,Active
7410,Fortune Pressure Cooker,Fortune,Kitchen,Pressure Cooker,299,1327.51,1731.89,0,30,76,415,9.05,L,2022-09-27 00:00:00,Active
7411,Patanjali Namkeen,Patanjali,Snacks,Namkeen,113,203.04,243.63,5,60,52,417,2.84,g,2021-11-03 00:00:00,Active
7412,Tata Detergent,Tata,Household,Detergent,22,443.99,554.01,5,90,23,357,4.86,g,2021-06-03 00:00:00,Discontinued
7413,Sunfeast Baby Lotion,Sunfeast,Baby Care,Baby Lotion,138,748.46,956.96,5,30,32,164,6.43,kg,2021-03-24 00:00:00,Active
7414,Lizol Energy Drink,Lizol,Beverages,Energy Drink,321,540.61,784.34,0,365,117,185,1.81,g,2024-12-06 00:00:00,Active
7415,Britannia Biscuits,Britannia,Snacks,Biscuits,363,570.8,688.56,0,30,69,138,2.39,L,2024-04-29 00:00:00,Active
7416,Nivea Face Wash,Nivea,Personal Care,Face Wash,101,263.94,348.92,12,90,79,409,9.55,g,2021-03-09 00:00:00,Active
7417,Aashirvaad Face Wash,Aashirvaad,Personal Care,Face Wash,380,275.8,360.22,12,365,96,332,5.21,L,2021-01-02 00:00:00,Active
7418,Pedigree Cheese,Pedigree,Dairy,Cheese,127,237.8,311.56,18,180,71,57,4.34,L,2021-01-15 00:00:00,Active
7419,Dabur Cat Food,Dabur,Pet Care,Cat Food,145,525.75,690.5,12,30,64,157,6.18,ml,2024-10-29 00:00:00,Active
7420,Britannia Lunch Box,Britannia,Kitchen,Lunch Box,295,1415.37,1895.93,12,30,101,89,5.64,kg,2025-12-31 00:00:00,Active
7421,Colgate Hair Oil,Colgate,Personal Care,Hair Oil,489,1632.26,2150.81,18,365,114,409,6.1,L,2021-01-16 00:00:00,Active
7422,ITC Frying Pan,ITC,Kitchen,Frying Pan,318,1345.15,1642.28,5,30,112,245,8.75,L,2024-08-15 00:00:00,Active
7423,Patanjali Poha,Patanjali,Grocery,Poha,55,1607.69,2255.93,0,365,45,321,7.77,pcs,2022-04-01 00:00:00,Active
7424,Patanjali Tissue Paper,Patanjali,Household,Tissue Paper,117,827.52,1259.62,18,180,87,341,6.71,pcs,2022-07-29 00:00:00,Active
7425,Colgate Cheese,Colgate,Dairy,Cheese,49,1642.29,1961.09,12,60,33,100,9.95,g,2022-02-11 00:00:00,Active
7426,Amul Mineral Water,Amul,Beverages,Mineral Water,324,503.69,620.67,12,30,78,116,7.6,kg,2023-04-19 00:00:00,Active
7427,Aashirvaad Curd,Aashirvaad,Dairy,Curd,204,1062.03,1596.98,18,365,119,411,3.59,kg,2026-01-19 00:00:00,Active
7428,HUL Mineral Water,HUL,Beverages,Mineral Water,404,92.97,127.4,18,60,47,346,3.4,ml,2020-10-17 00:00:00,Active
7429,Lizol Tissue Paper,Lizol,Household,Tissue Paper,401,914.23,1318.83,18,180,33,136,4.43,ml,2023-02-03 00:00:00,Active
7430,Dabur Hair Oil,Dabur,Personal Care,Hair Oil,474,570.32,838.03,0,30,27,460,5.8,pcs,2023-12-07 00:00:00,Active
7431,Surf Excel Soap,Surf Excel,Personal Care,Soap,124,1752.48,2564.36,18,180,38,68,4.16,ml,2025-01-17 00:00:00,Active
7432,ITC Chips,ITC,Snacks,Chips,188,179.08,235.3,0,365,102,321,9.91,pcs,2026-02-03 00:00:00,Active
7433,HUL Cat Food,HUL,Pet Care,Cat Food,374,140.76,164.06,0,180,26,51,2.39,pcs,2021-02-06 00:00:00,Active
7434,Lizol Dog Food,Lizol,Pet Care,Dog Food,430,93.28,109.09,12,90,67,230,1.25,L,2026-05-12 00:00:00,Active
7435,Dabur Soft Drink,Dabur,Beverages,Soft Drink,433,1167.75,1519.5,12,30,97,326,0.36,ml,2023-01-23 00:00:00,Active
7436,Tata Poha,Tata,Grocery,Poha,152,760.21,1153.18,0,90,61,276,8.09,pcs,2021-04-20 00:00:00,Active
7437,Patanjali Paneer,Patanjali,Dairy,Paneer,24,646.12,772.37,12,90,111,470,1.33,pcs,2024-04-28 00:00:00,Active
7438,HUL Bottle,HUL,Kitchen,Bottle,495,1468.6,1853.17,12,365,117,248,6.23,L,2023-01-02 00:00:00,Active
7439,Parle Juice,Parle,Beverages,Juice,50,820.4,1136.11,0,180,112,207,3.39,ml,2026-04-21 00:00:00,Active
7440,ITC Bottle,ITC,Kitchen,Bottle,20,308.74,395.37,12,365,45,447,3.19,ml,2025-11-03 00:00:00,Active
7441,Aashirvaad Knife,Aashirvaad,Kitchen,Knife,452,561.34,682.67,5,30,56,399,4.34,ml,2025-05-10 00:00:00,Active
7442,Fortune Cheese,Fortune,Dairy,Cheese,116,377.82,521.12,12,180,113,330,8.64,L,2021-08-27 00:00:00,Active
7443,Aashirvaad Detergent,Aashirvaad,Household,Detergent,136,546.28,700.1,12,90,47,91,2.54,pcs,2022-02-04 00:00:00,Active
7444,Parle Pet Shampoo,Parle,Pet Care,Pet Shampoo,350,371.03,443.95,18,365,54,422,9.66,g,2023-11-13 00:00:00,Active
7445,Fortune Pet Shampoo,Fortune,Pet Care,Pet Shampoo,244,86.03,119.66,0,180,66,296,9.81,g,2024-06-19 00:00:00,Active
7446,Colgate Knife,Colgate,Kitchen,Knife,158,211.25,283.9,5,30,106,449,0.63,pcs,2021-09-09 00:00:00,Active
7447,Amul Mineral Water,Amul,Beverages,Mineral Water,248,1688.47,2187.61,12,180,39,346,3.52,g,2025-08-03 00:00:00,Active
7448,Pedigree Shampoo,Pedigree,Personal Care,Shampoo,133,410.89,536.06,12,60,108,76,5.24,ml,2020-11-06 00:00:00,Active
7449,Tata Cooking Oil,Tata,Grocery,Cooking Oil,264,1075.58,1593.87,0,180,117,384,2.26,kg,2021-11-06 00:00:00,Active
7450,Fortune Curd,Fortune,Dairy,Curd,390,1660.4,2375.07,5,180,26,150,4.26,pcs,2021-11-23 00:00:00,Active
7451,Tata Pressure Cooker,Tata,Kitchen,Pressure Cooker,184,1434.14,1880.14,12,365,91,293,3.63,L,2022-06-30 00:00:00,Active
7452,ITC Chocolate,ITC,Snacks,Chocolate,365,1443.73,2025.06,5,30,98,359,6.59,pcs,2026-03-29 00:00:00,Active
7453,Tata Mineral Water,Tata,Beverages,Mineral Water,124,347.32,402.97,12,365,112,264,1.84,pcs,2022-10-18 00:00:00,Active
7454,Nivea Salt,Nivea,Grocery,Salt,456,600.08,869.67,12,90,91,245,6.57,kg,2025-05-10 00:00:00,Active
7455,Parle Baby Powder,Parle,Baby Care,Baby Powder,160,1126.81,1262.59,5,30,98,350,6.58,pcs,2020-09-12 00:00:00,Active
7456,Lizol Baby Lotion,Lizol,Baby Care,Baby Lotion,189,360.66,421.45,18,180,29,185,8.86,kg,2026-01-30 00:00:00,Active
7457,Britannia Paneer,Britannia,Dairy,Paneer,340,290.63,397.55,5,90,107,114,1.15,ml,2022-12-28 00:00:00,Active
7458,Aashirvaad Milk,Aashirvaad,Dairy,Milk,94,240.68,289.98,12,30,66,374,9.32,g,2023-05-30 00:00:00,Active
7459,Tata Baby Soap,Tata,Baby Care,Baby Soap,486,1460.19,2145.72,12,60,116,129,8.22,L,2023-07-03 00:00:00,Active
7460,Tata Face Wash,Tata,Personal Care,Face Wash,89,1034.13,1368.08,12,365,42,354,7.7,pcs,2025-05-30 00:00:00,Active
7461,Dettol Cheese,Dettol,Dairy,Cheese,345,600.33,806.32,5,365,35,277,0.49,ml,2024-10-22 00:00:00,Active
7462,Tata Garbage Bags,Tata,Household,Garbage Bags,422,244.02,376.89,5,30,75,497,4.54,kg,2022-07-19 00:00:00,Active
7463,Surf Excel Frying Pan,Surf Excel,Kitchen,Frying Pan,220,549.03,770.06,0,30,86,258,1.79,g,2023-04-05 00:00:00,Active
7464,ITC Garbage Bags,ITC,Household,Garbage Bags,382,1084.94,1221.02,18,180,99,478,2.65,L,2024-04-02 00:00:00,Active
7465,Sunfeast Dishwash Liquid,Sunfeast,Household,Dishwash Liquid,495,1189.26,1628.23,12,90,95,166,9.64,pcs,2023-01-13 00:00:00,Active
7466,Nestle Baby Powder,Nestle,Baby Care,Baby Powder,378,1652.68,2214.05,0,90,67,372,9.13,g,2024-07-28 00:00:00,Active
7467,Colgate Bottle,Colgate,Kitchen,Bottle,424,1037.24,1363.04,5,365,57,287,9.9,ml,2025-08-24 00:00:00,Discontinued
7468,Colgate Namkeen,Colgate,Snacks,Namkeen,470,784.18,899.75,5,30,112,295,3.92,kg,2023-02-22 00:00:00,Active
7469,Tata Lunch Box,Tata,Kitchen,Lunch Box,140,1328.59,1489.39,18,30,91,278,9.86,pcs,2021-09-07 00:00:00,Active
7470,Amul Atta,Amul,Grocery,Atta,361,1790.53,2366.13,18,90,100,391,3.57,L,2023-06-08 00:00:00,Active
7471,Dabur Baby Lotion,Dabur,Baby Care,Baby Lotion,343,1548.42,2356.61,0,365,76,155,1.61,pcs,2024-12-09 00:00:00,Active
7472,Nivea Baby Soap,Nivea,Baby Care,Baby Soap,433,1130.71,1577.65,0,90,119,468,6.32,pcs,2020-08-24 00:00:00,Active
7473,Colgate Mineral Water,Colgate,Beverages,Mineral Water,465,606.88,926.98,5,60,57,413,0.34,g,2024-08-16 00:00:00,Active
7474,HUL Suji,HUL,Grocery,Suji,351,92.47,123.47,12,90,115,377,1.93,L,2024-09-15 00:00:00,Active
7475,Lizol Knife,Lizol,Kitchen,Knife,390,1687.25,2451.22,5,365,95,218,6.36,kg,2023-12-09 00:00:00,Active
7476,Patanjali Pet Shampoo,Patanjali,Pet Care,Pet Shampoo,175,1290.84,1870.38,12,180,76,178,4.19,kg,2024-08-02 00:00:00,Active
7477,Nivea Milk,Nivea,Dairy,Milk,446,491.79,590.75,0,30,74,442,8.18,g,2022-06-17 00:00:00,Active
7478,Nestle Cat Food,Nestle,Pet Care,Cat Food,28,472.09,532.82,5,90,45,59,0.22,L,2023-11-06 00:00:00,Active
7479,Britannia Bottle,Britannia,Kitchen,Bottle,157,445.51,636.83,0,365,66,422,8.03,L,2021-07-06 00:00:00,Active
7480,Fortune Cat Food,Fortune,Pet Care,Cat Food,99,1718.12,2189.13,12,90,52,362,9.91,g,2022-06-13 00:00:00,Active
7481,Aashirvaad Juice,Aashirvaad,Beverages,Juice,441,1418.75,2038.02,0,60,61,238,1.2,g,2020-08-05 00:00:00,Active
7482,Amul Baby Soap,Amul,Baby Care,Baby Soap,104,60.87,83.8,18,90,61,369,9.89,pcs,2024-08-17 00:00:00,Active
7483,Sunfeast Baby Lotion,Sunfeast,Baby Care,Baby Lotion,142,1229.86,1601.98,5,30,74,280,2.02,ml,2024-11-30 00:00:00,Active
7484,Nivea Namkeen,Nivea,Snacks,Namkeen,442,799.41,1181.52,18,60,117,480,1.04,L,2024-06-25 00:00:00,Active
7485,Godrej Cat Food,Godrej,Pet Care,Cat Food,149,609.09,899.97,0,30,73,243,1.14,g,2022-09-24 00:00:00,Active
7486,Dabur Cat Food,Dabur,Pet Care,Cat Food,309,346.23,398.75,0,90,45,100,3.65,kg,2024-02-24 00:00:00,Active
7487,Lizol Dog Food,Lizol,Pet Care,Dog Food,79,207.5,298.82,0,60,102,449,2.25,pcs,2021-04-09 00:00:00,Active
7488,Sunfeast Coffee,Sunfeast,Grocery,Coffee,426,162.55,249.68,0,60,85,262,1.82,pcs,2026-06-09 00:00:00,Active
7489,Pedigree Frying Pan,Pedigree,Kitchen,Frying Pan,279,1093.7,1333.76,12,30,27,468,4.68,g,2020-09-17 00:00:00,Active
7490,Patanjali Juice,Patanjali,Beverages,Juice,133,319.19,473.57,0,365,32,80,6.42,g,2021-07-05 00:00:00,Active
7491,Nestle Garbage Bags,Nestle,Household,Garbage Bags,359,757.97,917.77,12,90,47,433,9.54,g,2022-09-11 00:00:00,Active
7492,Tata Moong Dal,Tata,Grocery,Moong Dal,308,981.87,1473.15,0,30,98,322,2.41,kg,2024-01-03 00:00:00,Active
7493,Tata Juice,Tata,Beverages,Juice,104,281.1,369.52,12,90,113,85,5.4,L,2026-05-14 00:00:00,Active
7494,Fortune Suji,Fortune,Grocery,Suji,255,390.34,555.3,12,90,54,428,7.8,L,2020-12-10 00:00:00,Active
7495,Nivea Dishwash Liquid,Nivea,Household,Dishwash Liquid,162,684.97,856.82,5,180,56,250,3.71,ml,2022-01-16 00:00:00,Active
7496,HUL Juice,HUL,Beverages,Juice,51,1577.75,1840.25,18,60,91,313,3.05,pcs,2021-11-17 00:00:00,Active
7497,HUL Cat Food,HUL,Pet Care,Cat Food,284,1258.68,1948.63,0,365,32,75,9.65,ml,2026-01-29 00:00:00,Active
7498,Parle Soft Drink,Parle,Beverages,Soft Drink,43,1118.86,1449.57,5,30,21,117,0.52,pcs,2023-02-12 00:00:00,Active
7499,Patanjali Face Wash,Patanjali,Personal Care,Face Wash,366,1531.07,2198.23,0,30,114,328,7.49,kg,2025-01-21 00:00:00,Active
7500,Fortune Cat Food,Fortune,Pet Care,Cat Food,22,141.27,163.72,18,60,112,173,8.92,pcs,2021-10-08 00:00:00,Active
7501,Sunfeast Face Wash,Sunfeast,Personal Care,Face Wash,38,794.85,1102.18,18,365,86,146,3.52,L,2025-08-03 00:00:00,Active
7502,Colgate Butter,Colgate,Dairy,Butter,221,1374.39,1576.07,0,60,96,91,6.07,kg,2023-04-17 00:00:00,Active
7503,Dettol Curd,Dettol,Dairy,Curd,31,130.35,175.7,12,90,72,212,7.98,L,2023-11-26 00:00:00,Active
7504,Parle Frying Pan,Parle,Kitchen,Frying Pan,144,776.24,914.3,5,30,59,71,3.91,g,2024-07-28 00:00:00,Active
7505,Tata Chocolate,Tata,Snacks,Chocolate,8,701.43,1061.19,5,90,40,196,7.25,kg,2022-10-14 00:00:00,Active
7506,Pedigree Face Wash,Pedigree,Personal Care,Face Wash,419,1289.73,1763.2,0,365,60,405,8.99,kg,2025-04-03 00:00:00,Active
7507,Patanjali Tea,Patanjali,Grocery,Tea,51,933.56,1423.36,0,180,44,186,5,kg,2020-11-09 00:00:00,Active
7508,Nestle Dishwash Liquid,Nestle,Household,Dishwash Liquid,348,950.3,1339.1,12,60,98,399,6.82,ml,2022-11-04 00:00:00,Active
7509,Colgate Butter,Colgate,Dairy,Butter,291,1172.21,1806.92,18,60,21,107,3.12,kg,2025-02-14 00:00:00,Active
7510,Fortune Coffee,Fortune,Grocery,Coffee,294,1214.23,1670.46,0,90,72,292,6.07,pcs,2023-03-07 00:00:00,Active
7511,Godrej Lunch Box,Godrej,Kitchen,Lunch Box,256,1521.01,2099.55,18,30,88,208,7.68,kg,2022-05-14 00:00:00,Active
7512,Colgate Milk,Colgate,Dairy,Milk,339,1292.92,1569.15,0,30,75,254,2.56,kg,2021-08-05 00:00:00,Active
7513,Lizol Soft Drink,Lizol,Beverages,Soft Drink,498,361.05,416.17,12,90,101,322,5.85,pcs,2021-10-17 00:00:00,Active
7514,Lizol Garbage Bags,Lizol,Household,Garbage Bags,175,565.1,698.2,5,30,37,187,7.67,ml,2022-07-16 00:00:00,Active
7515,Nestle Garbage Bags,Nestle,Household,Garbage Bags,150,1442.79,2038.96,18,30,56,271,7.02,L,2024-12-11 00:00:00,Active
7516,Godrej Atta,Godrej,Grocery,Atta,103,1623.45,2229.92,5,180,26,340,6.4,ml,2022-11-25 00:00:00,Active
7517,Parle Namkeen,Parle,Snacks,Namkeen,121,211.46,272.07,0,90,79,286,7.79,kg,2020-10-21 00:00:00,Active
7518,Tata Shampoo,Tata,Personal Care,Shampoo,115,599.34,699.1,18,90,120,356,2.47,kg,2023-09-25 00:00:00,Active
7519,Tata Baby Soap,Tata,Baby Care,Baby Soap,438,1595.27,2175.13,18,180,102,133,3.16,g,2020-10-14 00:00:00,Active
7520,ITC Dog Food,ITC,Pet Care,Dog Food,294,567.49,677.44,0,30,120,500,1.71,ml,2022-04-22 00:00:00,Active
7521,Parle Cat Food,Parle,Pet Care,Cat Food,200,920.38,1359.89,18,365,24,189,4.18,ml,2021-09-03 00:00:00,Active
7522,Godrej Toor Dal,Godrej,Grocery,Toor Dal,392,1316.93,2007.31,18,365,83,283,6.5,kg,2026-05-25 00:00:00,Active
7523,Sunfeast Tissue Paper,Sunfeast,Household,Tissue Paper,338,96.19,127.93,0,30,116,427,9.33,g,2024-08-13 00:00:00,Active
7524,Amul Pressure Cooker,Amul,Kitchen,Pressure Cooker,495,270.96,326.32,0,30,21,363,5.11,g,2024-11-01 00:00:00,Active
7525,Patanjali Floor Cleaner,Patanjali,Household,Floor Cleaner,469,572.75,739.99,12,180,21,141,5.67,ml,2023-11-19 00:00:00,Active
7526,Aashirvaad Energy Drink,Aashirvaad,Beverages,Energy Drink,218,1505.02,2155.29,18,365,93,484,4.84,L,2023-06-05 00:00:00,Active
7527,Dettol Baby Soap,Dettol,Baby Care,Baby Soap,154,494.15,676.08,12,60,86,328,9.7,g,2025-12-02 00:00:00,Active
7528,HUL Tea,HUL,Grocery,Tea,321,1555.28,2385.2,18,180,86,71,6.64,g,2025-08-18 00:00:00,Active
7529,Tata Dog Food,Tata,Pet Care,Dog Food,242,629.96,828.6,18,60,99,313,8.16,pcs,2023-05-14 00:00:00,Active
7530,Mamaearth Tissue Paper,Mamaearth,Household,Tissue Paper,414,1543.64,2306.67,18,90,72,326,6.64,g,2024-02-06 00:00:00,Active
7531,Britannia Bottle,Britannia,Kitchen,Bottle,93,663.39,802.89,12,365,47,340,2.47,kg,2021-04-08 00:00:00,Active
7532,HUL Soap,HUL,Personal Care,Soap,24,1259.91,1915.34,18,60,102,299,4.66,L,2022-11-18 00:00:00,Active
7533,HUL Baby Lotion,HUL,Baby Care,Baby Lotion,197,1172.44,1338.37,12,365,25,76,7.58,g,2025-06-25 00:00:00,Active
7534,Lizol Pressure Cooker,Lizol,Kitchen,Pressure Cooker,461,367.41,496.99,0,90,26,198,4.98,L,2024-09-09 00:00:00,Active
7535,Nestle Butter,Nestle,Dairy,Butter,84,290.01,375.63,5,365,44,166,8.54,L,2026-06-11 00:00:00,Active
7536,Fortune Cat Food,Fortune,Pet Care,Cat Food,181,675.39,913.11,18,90,41,164,5.01,ml,2023-11-18 00:00:00,Active
7537,Mamaearth Shampoo,Mamaearth,Personal Care,Shampoo,107,403.67,620.72,0,60,98,374,3.76,pcs,2022-11-28 00:00:00,Active
7538,Surf Excel Lunch Box,Surf Excel,Kitchen,Lunch Box,124,1614.7,2286.44,12,30,51,397,8.8,pcs,2022-12-19 00:00:00,Discontinued
7539,Patanjali Shampoo,Patanjali,Personal Care,Shampoo,434,771.67,981.83,0,365,111,176,1.8,kg,2022-02-20 00:00:00,Active
7540,Dabur Diapers,Dabur,Baby Care,Diapers,161,1703.48,2219.12,18,365,63,278,5.42,L,2021-10-13 00:00:00,Active
7541,Nivea Cat Food,Nivea,Pet Care,Cat Food,26,645.85,875.59,18,30,24,210,6.75,g,2024-06-05 00:00:00,Active
7542,Surf Excel Floor Cleaner,Surf Excel,Household,Floor Cleaner,132,1626.23,2433.12,18,30,61,348,4.02,L,2024-07-29 00:00:00,Active
7543,Tata Milk,Tata,Dairy,Milk,214,161.61,210.8,18,180,51,317,8.77,g,2023-12-01 00:00:00,Active
7544,Mamaearth Dishwash Liquid,Mamaearth,Household,Dishwash Liquid,366,1076.27,1575.81,5,60,33,479,1.42,pcs,2025-06-22 00:00:00,Active
7545,Dabur Paneer,Dabur,Dairy,Paneer,5,451.76,652.62,0,90,30,267,7.91,L,2025-07-16 00:00:00,Active
7546,HUL Mineral Water,HUL,Beverages,Mineral Water,174,136.02,168.45,18,90,99,364,8.32,pcs,2026-04-24 00:00:00,Active
7547,Fortune Hair Oil,Fortune,Personal Care,Hair Oil,476,1490.88,2202.79,5,90,115,162,7.05,kg,2021-10-01 00:00:00,Active
7548,Colgate Mineral Water,Colgate,Beverages,Mineral Water,36,40.2,49.38,12,180,43,230,8.75,pcs,2023-12-08 00:00:00,Active
7549,Nestle Dishwash Liquid,Nestle,Household,Dishwash Liquid,346,280.51,374.62,12,365,45,54,3.46,L,2023-03-15 00:00:00,Active
7550,Amul Poha,Amul,Grocery,Poha,147,1073.82,1392.96,0,90,33,95,3.1,ml,2022-03-24 00:00:00,Discontinued
7551,Mamaearth Soft Drink,Mamaearth,Beverages,Soft Drink,329,604.14,693.46,18,90,119,269,0.26,ml,2024-03-28 00:00:00,Active
7552,Patanjali Tea,Patanjali,Grocery,Tea,476,181.45,223.25,12,60,114,51,4.92,g,2021-06-12 00:00:00,Active
7553,Mamaearth Chocolate,Mamaearth,Snacks,Chocolate,75,1587.71,2007.36,0,90,77,137,9.17,g,2021-07-19 00:00:00,Active
7554,Mamaearth Frying Pan,Mamaearth,Kitchen,Frying Pan,187,1743.68,2425.38,12,365,73,309,2.68,kg,2024-10-06 00:00:00,Active
7555,Nivea Chocolate,Nivea,Snacks,Chocolate,462,1007.28,1273.51,0,365,114,441,9.14,ml,2022-02-23 00:00:00,Active
7556,Parle Chips,Parle,Snacks,Chips,100,965.31,1345.96,12,60,117,309,4.56,ml,2023-10-18 00:00:00,Active
7557,Lizol Diapers,Lizol,Baby Care,Diapers,324,401.79,467.48,12,30,79,101,8.47,ml,2025-11-17 00:00:00,Active
7558,ITC Baby Soap,ITC,Baby Care,Baby Soap,306,1082.15,1552.54,0,180,70,414,3.67,L,2023-04-23 00:00:00,Active
7559,Patanjali Chips,Patanjali,Snacks,Chips,113,601.59,931.31,18,365,72,64,4.4,pcs,2023-10-16 00:00:00,Active
7560,ITC Baby Soap,ITC,Baby Care,Baby Soap,338,233.95,285.98,5,180,107,53,0.32,ml,2021-03-22 00:00:00,Active
7561,Pedigree Chips,Pedigree,Snacks,Chips,490,293.18,335.73,12,90,23,275,3.88,L,2021-03-19 00:00:00,Active
7562,Mamaearth Toothpaste,Mamaearth,Personal Care,Toothpaste,277,1382.81,1900.43,0,90,95,397,9.2,kg,2024-09-16 00:00:00,Active
7563,Godrej Cat Food,Godrej,Pet Care,Cat Food,41,453.85,518.4,18,30,41,59,4.21,g,2023-05-10 00:00:00,Active
7564,Dabur Knife,Dabur,Kitchen,Knife,263,412.86,615.67,18,60,53,94,3.72,g,2023-11-14 00:00:00,Active
7565,Lizol Lunch Box,Lizol,Kitchen,Lunch Box,226,1152.65,1337.95,0,90,58,313,3.59,pcs,2026-01-20 00:00:00,Active
7566,HUL Dog Food,HUL,Pet Care,Dog Food,410,1795.19,2203.65,18,365,55,234,5.59,kg,2024-05-14 00:00:00,Active
7567,Surf Excel Cookies,Surf Excel,Snacks,Cookies,407,504.48,780.44,5,60,108,71,6.55,L,2023-10-04 00:00:00,Active
7568,Surf Excel Pressure Cooker,Surf Excel,Kitchen,Pressure Cooker,428,1259.75,1847.06,0,60,47,433,6.41,ml,2021-05-05 00:00:00,Active
7569,Sunfeast Pet Shampoo,Sunfeast,Pet Care,Pet Shampoo,370,63.19,85.08,0,180,87,66,2.97,pcs,2022-09-06 00:00:00,Active
7570,Dabur Soft Drink,Dabur,Beverages,Soft Drink,491,1329.75,1879.43,18,60,33,141,7.98,L,2024-06-30 00:00:00,Active
7571,Dettol Butter,Dettol,Dairy,Butter,344,773.49,1042.91,18,180,105,111,9.28,g,2024-05-16 00:00:00,Active
7572,Tata Frying Pan,Tata,Kitchen,Frying Pan,167,1542.5,1764.77,12,60,55,71,1.29,g,2024-10-10 00:00:00,Active
7573,Patanjali Namkeen,Patanjali,Snacks,Namkeen,45,170.03,211.84,5,90,85,322,4.72,ml,2024-10-20 00:00:00,Active
7574,Dabur Dog Food,Dabur,Pet Care,Dog Food,137,1214.44,1845.45,12,60,27,348,5.32,L,2023-07-10 00:00:00,Active
7575,Fortune Bottle,Fortune,Kitchen,Bottle,352,973.66,1362.97,0,30,111,366,9.88,L,2024-02-21 00:00:00,Active
7576,Amul Baby Soap,Amul,Baby Care,Baby Soap,293,582.93,845.85,5,90,52,113,0.32,g,2025-10-02 00:00:00,Active
7577,Surf Excel Chips,Surf Excel,Snacks,Chips,183,1497.25,1758.85,18,90,69,210,6.45,L,2024-05-31 00:00:00,Active
7578,Colgate Pressure Cooker,Colgate,Kitchen,Pressure Cooker,135,368.69,516.78,12,180,85,70,1.71,L,2023-12-03 00:00:00,Active
7579,Colgate Sugar,Colgate,Grocery,Sugar,225,1673.62,2527.64,5,180,25,105,5.08,pcs,2023-05-30 00:00:00,Active
7580,Fortune Juice,Fortune,Beverages,Juice,309,578.44,651.05,18,30,78,372,5.31,L,2024-05-05 00:00:00,Active
7581,Fortune Pressure Cooker,Fortune,Kitchen,Pressure Cooker,38,1033.02,1282.38,0,180,116,411,2.69,ml,2026-03-17 00:00:00,Active
7582,Mamaearth Hair Oil,Mamaearth,Personal Care,Hair Oil,344,1214.05,1604.55,0,365,73,417,3.1,ml,2020-08-26 00:00:00,Active
7583,Britannia Garbage Bags,Britannia,Household,Garbage Bags,343,113.25,127.87,0,180,51,238,0.55,kg,2024-08-09 00:00:00,Active
7584,Surf Excel Mineral Water,Surf Excel,Beverages,Mineral Water,350,522.01,715.44,0,90,91,348,5.01,g,2024-10-31 00:00:00,Active
7585,Amul Coffee,Amul,Grocery,Coffee,231,1053.31,1389.26,0,60,96,62,1.85,pcs,2023-02-11 00:00:00,Active
7586,HUL Curd,HUL,Dairy,Curd,8,1522.97,2018.12,0,30,92,460,1.18,L,2024-07-26 00:00:00,Active
7587,Lizol Energy Drink,Lizol,Beverages,Energy Drink,449,1504.44,1816.98,12,180,109,304,0.8,L,2022-04-30 00:00:00,Active
7588,Colgate Dishwash Liquid,Colgate,Household,Dishwash Liquid,382,995.99,1149.67,0,180,97,76,5.4,L,2023-08-30 00:00:00,Active
7589,Nivea Salt,Nivea,Grocery,Salt,347,898.12,1129.13,12,365,68,243,1.61,L,2026-01-14 00:00:00,Discontinued
7590,Pedigree Diapers,Pedigree,Baby Care,Diapers,277,651.23,790.69,5,180,83,354,1.39,pcs,2025-05-16 00:00:00,Active
7591,Aashirvaad Soap,Aashirvaad,Personal Care,Soap,235,814.43,978.98,18,30,38,336,5.47,L,2025-01-24 00:00:00,Active
7592,Britannia Pressure Cooker,Britannia,Kitchen,Pressure Cooker,131,241.63,351.86,18,30,57,88,1.55,L,2021-03-02 00:00:00,Active
7593,Surf Excel Toor Dal,Surf Excel,Grocery,Toor Dal,185,1615.05,2390.13,0,30,20,235,3.71,ml,2026-05-31 00:00:00,Active
7594,Lizol Chocolate,Lizol,Snacks,Chocolate,272,970,1118.83,12,180,79,451,6.86,pcs,2024-06-03 00:00:00,Active
7595,Nestle Soft Drink,Nestle,Beverages,Soft Drink,70,706.28,855.8,18,90,102,490,4.96,g,2026-02-24 00:00:00,Active
7596,Godrej Toothpaste,Godrej,Personal Care,Toothpaste,227,1229.56,1645.95,18,90,53,142,0.93,pcs,2020-12-16 00:00:00,Active
7597,Dettol Toor Dal,Dettol,Grocery,Toor Dal,364,1094.33,1611.94,18,180,56,207,6.53,L,2025-10-12 00:00:00,Active
7598,Aashirvaad Pet Shampoo,Aashirvaad,Pet Care,Pet Shampoo,101,1674.48,2250.08,5,180,69,116,3.56,g,2022-07-21 00:00:00,Active
7599,ITC Lunch Box,ITC,Kitchen,Lunch Box,133,780.42,1105.23,12,60,103,374,2.65,pcs,2025-12-14 00:00:00,Active
7600,Aashirvaad Baby Powder,Aashirvaad,Baby Care,Baby Powder,33,879.84,1093.67,0,60,87,183,3.2,kg,2021-10-04 00:00:00,Active
7601,Parle Juice,Parle,Beverages,Juice,295,1092.32,1513.2,0,60,23,154,7.47,ml,2025-07-15 00:00:00,Active
7602,Dabur Tissue Paper,Dabur,Household,Tissue Paper,180,635.24,719.53,18,90,101,122,1.24,pcs,2021-11-11 00:00:00,Active
7603,ITC Shampoo,ITC,Personal Care,Shampoo,219,99.45,139.72,12,180,79,269,2.42,ml,2023-11-15 00:00:00,Active
7604,Amul Cat Food,Amul,Pet Care,Cat Food,69,788.47,1091.63,0,60,39,428,8.76,g,2020-08-11 00:00:00,Active
7605,Surf Excel Garbage Bags,Surf Excel,Household,Garbage Bags,119,673.14,790.11,12,30,68,413,2.94,ml,2021-01-09 00:00:00,Active
7606,Godrej Face Wash,Godrej,Personal Care,Face Wash,248,65.79,89.47,18,365,34,167,0.29,kg,2022-10-19 00:00:00,Active
7607,Aashirvaad Salt,Aashirvaad,Grocery,Salt,307,708.82,819.81,12,365,41,147,9.33,kg,2023-09-27 00:00:00,Active
7608,Lizol Diapers,Lizol,Baby Care,Diapers,415,1416.02,1858.78,18,60,29,163,6.43,L,2024-09-30 00:00:00,Active
7609,Lizol Milk,Lizol,Dairy,Milk,418,1431.63,1631.66,18,60,92,419,7.42,L,2024-09-16 00:00:00,Active
7610,Parle Dog Food,Parle,Pet Care,Dog Food,204,1401.08,1874.43,18,30,80,384,5.04,kg,2021-09-20 00:00:00,Active
7611,Patanjali Hair Oil,Patanjali,Personal Care,Hair Oil,20,1085.89,1270.02,18,30,106,222,3.46,pcs,2025-11-17 00:00:00,Active
7612,Patanjali Chocolate,Patanjali,Snacks,Chocolate,441,823.95,1202.6,12,60,112,126,9.36,L,2022-09-29 00:00:00,Active
7613,Aashirvaad Detergent,Aashirvaad,Household,Detergent,73,1672.62,1961.75,18,90,119,405,2.88,kg,2026-06-03 00:00:00,Active
7614,Tata Garbage Bags,Tata,Household,Garbage Bags,391,939.27,1355.6,5,90,68,125,9.48,pcs,2022-05-15 00:00:00,Active
7615,ITC Cheese,ITC,Dairy,Cheese,259,137.24,198.87,0,60,118,307,1.26,L,2020-08-24 00:00:00,Active
7616,Tata Shampoo,Tata,Personal Care,Shampoo,154,104.05,144.6,12,60,74,392,1.34,L,2021-05-04 00:00:00,Active
7617,Mamaearth Hair Oil,Mamaearth,Personal Care,Hair Oil,132,1666.97,2231.1,12,180,95,236,2.09,g,2024-06-12 00:00:00,Active
7618,Sunfeast Chana Dal,Sunfeast,Grocery,Chana Dal,174,769.15,874.84,5,60,73,418,9.94,pcs,2024-07-11 00:00:00,Active
7619,Dabur Knife,Dabur,Kitchen,Knife,6,80.41,120.39,5,90,88,81,1.59,pcs,2025-08-05 00:00:00,Active
7620,Nivea Face Wash,Nivea,Personal Care,Face Wash,407,1740.75,2621.53,12,60,80,472,9.85,pcs,2021-03-14 00:00:00,Active
7621,Surf Excel Coffee,Surf Excel,Grocery,Coffee,259,1508.75,1963.87,0,365,88,248,2.84,pcs,2024-07-29 00:00:00,Active
7622,Colgate Baby Soap,Colgate,Baby Care,Baby Soap,103,789.68,1077.47,12,60,51,317,3.71,kg,2025-09-17 00:00:00,Active
7623,Dabur Curd,Dabur,Dairy,Curd,61,1205.38,1806.48,0,365,37,380,6.42,L,2020-12-23 00:00:00,Active
7624,Patanjali Pet Shampoo,Patanjali,Pet Care,Pet Shampoo,190,1080.53,1629.98,0,30,97,138,1.66,kg,2022-03-25 00:00:00,Active
7625,Amul Diapers,Amul,Baby Care,Diapers,404,416.4,468.59,5,180,35,443,5.34,pcs,2021-01-26 00:00:00,Active
7626,HUL Moong Dal,HUL,Grocery,Moong Dal,455,1188.04,1810.96,18,90,48,89,1.64,L,2024-03-21 00:00:00,Active
7627,HUL Shampoo,HUL,Personal Care,Shampoo,73,162.35,234.13,0,180,75,181,6.9,L,2026-06-26 00:00:00,Active
7628,Dettol Poha,Dettol,Grocery,Poha,39,1217.3,1461.19,18,365,83,315,7.28,kg,2021-11-09 00:00:00,Active
7629,Dabur Cat Food,Dabur,Pet Care,Cat Food,475,1451.3,1935.18,5,180,56,359,6.84,g,2024-10-31 00:00:00,Active
7630,Nivea Diapers,Nivea,Baby Care,Diapers,336,154.1,229.07,5,30,22,296,8.06,g,2024-02-17 00:00:00,Active
7631,Tata Namkeen,Tata,Snacks,Namkeen,437,455.9,672.93,5,365,40,109,9.18,kg,2025-12-24 00:00:00,Active
7632,Fortune Lunch Box,Fortune,Kitchen,Lunch Box,140,1766.41,2447.42,5,60,30,472,2.71,L,2025-06-07 00:00:00,Active
7633,Mamaearth Dishwash Liquid,Mamaearth,Household,Dishwash Liquid,254,561.44,629.85,12,365,80,423,9.37,ml,2023-10-11 00:00:00,Active
7634,Mamaearth Diapers,Mamaearth,Baby Care,Diapers,229,721.8,814.89,0,365,95,367,7.45,L,2025-03-27 00:00:00,Active
7635,Colgate Namkeen,Colgate,Snacks,Namkeen,43,1613.17,2224.32,18,180,24,300,4.53,g,2024-08-08 00:00:00,Active
7636,Pedigree Juice,Pedigree,Beverages,Juice,221,1300.76,1904.84,12,30,74,145,0.47,kg,2025-05-12 00:00:00,Active
7637,Dettol Paneer,Dettol,Dairy,Paneer,419,364.18,456.76,5,30,65,360,4.03,ml,2023-07-14 00:00:00,Active
7638,Tata Detergent,Tata,Household,Detergent,48,1232.21,1510.95,5,365,110,255,0.51,kg,2022-11-30 00:00:00,Active
7639,Nivea Cheese,Nivea,Dairy,Cheese,280,258.54,362.48,5,60,91,374,6.35,kg,2026-01-07 00:00:00,Active
7640,Sunfeast Dishwash Liquid,Sunfeast,Household,Dishwash Liquid,394,551.66,682.76,0,365,77,131,8.71,pcs,2020-12-21 00:00:00,Active
7641,Dabur Cookies,Dabur,Snacks,Cookies,369,1199.23,1409.59,5,180,32,254,4.44,g,2024-08-22 00:00:00,Active
7642,Tata Baby Lotion,Tata,Baby Care,Baby Lotion,300,362.27,525.3,12,90,60,135,9.73,L,2023-01-17 00:00:00,Active
7643,Aashirvaad Poha,Aashirvaad,Grocery,Poha,437,1551.8,2218.22,0,60,40,154,4.55,L,2022-02-27 00:00:00,Active
7644,Aashirvaad Pet Shampoo,Aashirvaad,Pet Care,Pet Shampoo,375,425.86,604.47,12,90,97,460,1.35,kg,2023-02-18 00:00:00,Active
7645,Fortune Paneer,Fortune,Dairy,Paneer,196,857.41,1326.38,12,60,31,342,2.45,ml,2021-05-24 00:00:00,Active
7646,HUL Chips,HUL,Snacks,Chips,45,584.04,722.63,5,365,21,233,6.33,g,2021-12-06 00:00:00,Active
7647,Parle Curd,Parle,Dairy,Curd,217,294.9,409.95,0,30,33,80,1.22,L,2022-12-17 00:00:00,Active
7648,Colgate Knife,Colgate,Kitchen,Knife,237,1744.98,2600.96,12,365,117,122,6.76,g,2020-09-04 00:00:00,Active
7649,Nestle Lunch Box,Nestle,Kitchen,Lunch Box,485,1010.67,1350.69,0,365,113,251,2.05,pcs,2023-02-25 00:00:00,Active
7650,Godrej Curd,Godrej,Dairy,Curd,99,797.62,988.53,0,60,52,462,9.68,g,2025-08-14 00:00:00,Active
7651,Pedigree Soap,Pedigree,Personal Care,Soap,407,1054.47,1506.69,5,30,53,97,8.61,kg,2022-11-24 00:00:00,Active
7652,ITC Cheese,ITC,Dairy,Cheese,146,1423.88,2074.99,0,60,39,445,2.79,pcs,2024-10-27 00:00:00,Active
7653,Dabur Baby Soap,Dabur,Baby Care,Baby Soap,488,34.3,51.01,18,60,46,391,1.79,kg,2023-07-17 00:00:00,Active
7654,Mamaearth Baby Powder,Mamaearth,Baby Care,Baby Powder,236,839.62,960.49,5,90,92,220,2,kg,2021-10-27 00:00:00,Active
7655,ITC Energy Drink,ITC,Beverages,Energy Drink,398,1704.78,1971.83,12,30,115,482,4.09,ml,2024-11-05 00:00:00,Active
7656,Nestle Diapers,Nestle,Baby Care,Diapers,37,361.46,557.1,0,30,81,252,7.65,L,2024-07-15 00:00:00,Active
7657,HUL Soap,HUL,Personal Care,Soap,347,781.27,1143.81,12,30,71,98,2.83,pcs,2025-12-30 00:00:00,Active
7658,Colgate Dishwash Liquid,Colgate,Household,Dishwash Liquid,26,1387.36,1573.23,0,30,84,198,4.07,L,2024-09-04 00:00:00,Active
7659,Dettol Chips,Dettol,Snacks,Chips,410,885.15,1059.6,0,90,75,476,5.51,pcs,2022-03-07 00:00:00,Active
7660,Fortune Juice,Fortune,Beverages,Juice,367,1646.79,2130.73,12,180,49,450,5.48,g,2025-07-21 00:00:00,Active
7661,Amul Baby Powder,Amul,Baby Care,Baby Powder,152,143.3,217.36,12,90,108,398,8.82,g,2022-05-11 00:00:00,Active
7662,Godrej Chocolate,Godrej,Snacks,Chocolate,436,410.37,486.43,12,90,49,111,2.35,kg,2022-11-18 00:00:00,Active
7663,Mamaearth Floor Cleaner,Mamaearth,Household,Floor Cleaner,89,1699.94,2130.98,5,365,22,55,7.56,ml,2025-06-04 00:00:00,Discontinued
7664,Dabur Chocolate,Dabur,Snacks,Chocolate,148,1773.27,2115.04,12,60,46,172,6.7,kg,2022-09-21 00:00:00,Active
7665,Dettol Soft Drink,Dettol,Beverages,Soft Drink,72,1613.6,1952.98,0,180,75,420,9.24,ml,2022-01-26 00:00:00,Active
7666,Pedigree Dog Food,Pedigree,Pet Care,Dog Food,137,1115.76,1516.28,12,60,37,65,3.35,ml,2024-07-09 00:00:00,Active
7667,Godrej Frying Pan,Godrej,Kitchen,Frying Pan,161,1211.09,1795.37,12,60,109,293,7.26,kg,2020-09-01 00:00:00,Active
7668,HUL Butter,HUL,Dairy,Butter,5,1300.23,1920.85,0,365,49,141,8.97,kg,2021-01-19 00:00:00,Active
7669,Dabur Tissue Paper,Dabur,Household,Tissue Paper,341,785.49,1150.1,18,365,90,464,4.7,kg,2025-08-01 00:00:00,Active
7670,Dettol Curd,Dettol,Dairy,Curd,71,1025.9,1367.1,5,90,74,152,3.53,L,2023-09-04 00:00:00,Active
7671,ITC Soft Drink,ITC,Beverages,Soft Drink,490,120.06,163.19,12,180,61,468,4.86,pcs,2024-03-29 00:00:00,Active
7672,Parle Pet Shampoo,Parle,Pet Care,Pet Shampoo,88,1695.64,2335.09,18,365,89,416,7.81,pcs,2021-06-04 00:00:00,Active
7673,Nestle Dishwash Liquid,Nestle,Household,Dishwash Liquid,225,1063.61,1343.12,0,180,102,362,1.2,ml,2026-05-14 00:00:00,Active
7674,Godrej Juice,Godrej,Beverages,Juice,170,1265.07,1560.89,5,90,58,315,1.09,ml,2025-02-27 00:00:00,Active
7675,Britannia Baby Powder,Britannia,Baby Care,Baby Powder,444,1725.83,1945.61,12,365,41,75,6.16,L,2021-08-26 00:00:00,Active
7676,Surf Excel Soap,Surf Excel,Personal Care,Soap,449,203.21,308.9,12,30,80,428,0.74,L,2023-04-28 00:00:00,Active
7677,Britannia Garbage Bags,Britannia,Household,Garbage Bags,180,1483.7,1824.77,18,60,29,99,5.57,g,2021-03-09 00:00:00,Active
7678,Patanjali Bottle,Patanjali,Kitchen,Bottle,318,1485.65,2061.41,0,60,67,245,3.51,kg,2024-12-13 00:00:00,Active
7679,Amul Lunch Box,Amul,Kitchen,Lunch Box,267,895.12,1192.88,12,30,49,106,6.78,kg,2022-08-26 00:00:00,Active
7680,Dabur Floor Cleaner,Dabur,Household,Floor Cleaner,260,1686.59,2396.66,12,365,23,184,6.72,ml,2024-02-12 00:00:00,Active
7681,Mamaearth Namkeen,Mamaearth,Snacks,Namkeen,377,756.49,1029.62,12,365,55,464,9.41,L,2021-04-10 00:00:00,Active
7682,Pedigree Cookies,Pedigree,Snacks,Cookies,129,796.27,1085.76,18,90,87,190,0.68,L,2025-03-18 00:00:00,Active
7683,Dabur Chips,Dabur,Snacks,Chips,282,116.41,130.98,12,90,50,291,1.21,kg,2025-02-26 00:00:00,Active
7684,HUL Paneer,HUL,Dairy,Paneer,430,1108.5,1313.64,12,30,113,330,0.53,g,2021-12-26 00:00:00,Active
7685,ITC Baby Powder,ITC,Baby Care,Baby Powder,404,616.18,800.25,0,90,66,92,2.47,pcs,2024-01-18 00:00:00,Active
7686,Dettol Curd,Dettol,Dairy,Curd,146,202.25,285.9,5,30,85,244,7.45,ml,2024-10-21 00:00:00,Active
7687,Colgate Curd,Colgate,Dairy,Curd,10,902.32,1253.47,18,365,54,82,2.84,g,2020-09-22 00:00:00,Active
7688,Nivea Cookies,Nivea,Snacks,Cookies,141,969.77,1122.62,18,365,43,401,9.09,kg,2021-01-16 00:00:00,Active
7689,Nivea Atta,Nivea,Grocery,Atta,144,36.5,48.59,0,30,101,261,3.57,L,2022-07-24 00:00:00,Active
7690,Mamaearth Face Wash,Mamaearth,Personal Care,Face Wash,198,1524.27,2160.09,12,30,47,361,4.43,kg,2022-01-31 00:00:00,Active
7691,ITC Soft Drink,ITC,Beverages,Soft Drink,379,66.91,93.05,5,60,56,285,1.42,ml,2020-09-26 00:00:00,Active
7692,Fortune Biscuits,Fortune,Snacks,Biscuits,422,733.11,1120.96,12,365,53,93,5.64,pcs,2024-08-24 00:00:00,Active
7693,Amul Mineral Water,Amul,Beverages,Mineral Water,347,274.86,408.56,12,30,33,183,4.41,pcs,2022-08-07 00:00:00,Active
7694,Patanjali Mineral Water,Patanjali,Beverages,Mineral Water,387,1238.25,1849.21,18,180,75,463,9.52,pcs,2021-01-27 00:00:00,Active
7695,Britannia Pet Shampoo,Britannia,Pet Care,Pet Shampoo,438,339.31,449.12,18,90,115,342,0.86,kg,2022-05-23 00:00:00,Active
7696,Surf Excel Cookies,Surf Excel,Snacks,Cookies,365,397.23,463.07,18,180,116,52,1.14,g,2025-08-22 00:00:00,Active
7697,Colgate Cat Food,Colgate,Pet Care,Cat Food,342,672.61,970.4,12,365,112,190,4.07,g,2022-08-24 00:00:00,Active
7698,Dabur Floor Cleaner,Dabur,Household,Floor Cleaner,206,204.57,268.97,12,90,91,486,0.63,kg,2021-11-25 00:00:00,Active
7699,Godrej Chana Dal,Godrej,Grocery,Chana Dal,21,611.74,872.91,5,90,70,128,9.42,L,2021-12-24 00:00:00,Active
7700,Surf Excel Diapers,Surf Excel,Baby Care,Diapers,36,1583.97,2019.14,12,180,39,212,6.63,pcs,2026-03-22 00:00:00,Active
7701,Lizol Lunch Box,Lizol,Kitchen,Lunch Box,86,1308.33,1532.25,18,365,63,164,0.82,kg,2023-03-17 00:00:00,Active
7702,Dabur Rice,Dabur,Grocery,Rice,419,430.07,568.95,18,180,47,272,0.38,kg,2021-06-18 00:00:00,Active
7703,Fortune Energy Drink,Fortune,Beverages,Energy Drink,474,508.92,703.26,5,60,74,181,8.12,pcs,2025-01-30 00:00:00,Active
7704,ITC Bottle,ITC,Kitchen,Bottle,366,238.92,308.96,5,90,64,358,3.23,ml,2023-04-17 00:00:00,Discontinued
7705,ITC Biscuits,ITC,Snacks,Biscuits,58,944.94,1150.45,12,60,67,246,0.47,L,2021-09-12 00:00:00,Active
7706,Lizol Knife,Lizol,Kitchen,Knife,318,1421.57,1716.74,0,365,52,383,8.8,pcs,2025-03-31 00:00:00,Active
7707,Aashirvaad Baby Lotion,Aashirvaad,Baby Care,Baby Lotion,185,1163.38,1440.75,12,365,81,209,8.59,pcs,2023-12-27 00:00:00,Active
7708,Dabur Suji,Dabur,Grocery,Suji,420,1332.39,1526.06,0,90,27,425,5.96,L,2023-02-27 00:00:00,Active
7709,Fortune Shampoo,Fortune,Personal Care,Shampoo,278,1019.62,1578.65,5,180,61,445,3.03,g,2025-03-26 00:00:00,Active
7710,Nestle Pet Shampoo,Nestle,Pet Care,Pet Shampoo,157,552.62,638.52,18,30,117,237,4.66,pcs,2025-10-25 00:00:00,Active
7711,Dettol Baby Soap,Dettol,Baby Care,Baby Soap,441,309.05,375.01,18,180,30,419,0.85,ml,2022-12-17 00:00:00,Active
7712,Dabur Dog Food,Dabur,Pet Care,Dog Food,345,1524.39,2106.82,12,30,52,351,9.98,ml,2021-03-06 00:00:00,Active
7713,Dabur Butter,Dabur,Dairy,Butter,367,491.72,645.88,0,90,105,263,3.57,L,2024-04-23 00:00:00,Active
7714,Dabur Cheese,Dabur,Dairy,Cheese,2,461.96,524.27,0,60,26,129,5.83,pcs,2020-12-12 00:00:00,Active
7715,Surf Excel Dishwash Liquid,Surf Excel,Household,Dishwash Liquid,236,1553.54,1821.17,5,180,81,403,2.34,g,2025-01-13 00:00:00,Active
7716,Britannia Mineral Water,Britannia,Beverages,Mineral Water,38,467.06,556.25,18,90,67,374,9.83,ml,2024-02-01 00:00:00,Active
7717,Lizol Namkeen,Lizol,Snacks,Namkeen,206,1525.68,1912.37,5,30,112,485,6.22,g,2022-09-03 00:00:00,Active
7718,Nivea Pet Shampoo,Nivea,Pet Care,Pet Shampoo,442,694.68,942.95,18,30,120,179,2.57,ml,2022-08-14 00:00:00,Active
7719,Amul Suji,Amul,Grocery,Suji,200,1722.76,2551.76,18,365,20,394,0.3,kg,2022-07-05 00:00:00,Active
7720,Britannia Soft Drink,Britannia,Beverages,Soft Drink,8,356.43,518.02,5,90,81,222,9.6,kg,2023-01-29 00:00:00,Active
7721,Patanjali Cheese,Patanjali,Dairy,Cheese,471,1759.21,2430.19,0,30,105,226,3.13,kg,2024-07-13 00:00:00,Active
7722,Colgate Baby Powder,Colgate,Baby Care,Baby Powder,192,1022.6,1289.34,0,365,82,217,2.13,pcs,2020-08-03 00:00:00,Active
7723,Dettol Dishwash Liquid,Dettol,Household,Dishwash Liquid,5,761.62,1062.85,12,30,63,315,3.9,g,2021-10-07 00:00:00,Active
7724,Britannia Garbage Bags,Britannia,Household,Garbage Bags,353,453.1,604.27,0,180,43,389,1.66,pcs,2022-12-03 00:00:00,Active
7725,Mamaearth Soft Drink,Mamaearth,Beverages,Soft Drink,96,1360.2,1675.4,18,60,82,263,3.28,kg,2021-11-03 00:00:00,Active
7726,Britannia Sugar,Britannia,Grocery,Sugar,336,1440.03,2067.66,5,30,100,62,3.89,L,2024-05-21 00:00:00,Active
7727,Sunfeast Cat Food,Sunfeast,Pet Care,Cat Food,295,834.08,1285.11,0,180,118,87,0.38,g,2021-09-03 00:00:00,Active
7728,Sunfeast Milk,Sunfeast,Dairy,Milk,357,1794.98,2400.2,12,180,100,359,1.87,kg,2024-03-09 00:00:00,Active
7729,Nestle Baby Lotion,Nestle,Baby Care,Baby Lotion,325,487.9,699.86,5,90,52,327,1.1,L,2026-02-12 00:00:00,Active
7730,Parle Baby Soap,Parle,Baby Care,Baby Soap,316,727.07,1077.96,18,365,54,231,6.03,L,2021-12-18 00:00:00,Active
7731,ITC Butter,ITC,Dairy,Butter,368,452.31,670.41,18,30,115,342,3.36,kg,2024-12-02 00:00:00,Active
7732,Amul Biscuits,Amul,Snacks,Biscuits,373,1321.04,1545.15,5,180,34,478,5.59,pcs,2024-05-22 00:00:00,Active
7733,Sunfeast Namkeen,Sunfeast,Snacks,Namkeen,369,774.32,1169.39,18,365,66,176,0.24,L,2022-09-25 00:00:00,Active
7734,Nestle Soap,Nestle,Personal Care,Soap,206,1249.04,1780.02,18,90,52,424,9.1,pcs,2022-10-27 00:00:00,Active
7735,Sunfeast Face Wash,Sunfeast,Personal Care,Face Wash,143,763.37,1101.8,12,30,36,344,5.67,kg,2025-04-25 00:00:00,Active
7736,Nestle Soft Drink,Nestle,Beverages,Soft Drink,335,1087.97,1424.01,5,60,62,134,9.18,L,2026-05-19 00:00:00,Active
7737,Nestle Cooking Oil,Nestle,Grocery,Cooking Oil,207,1107.25,1559.38,5,30,58,123,5.72,pcs,2024-09-08 00:00:00,Active
7738,Parle Diapers,Parle,Baby Care,Diapers,492,214.31,317.03,5,90,49,341,0.62,pcs,2023-08-08 00:00:00,Active
7739,Patanjali Pet Shampoo,Patanjali,Pet Care,Pet Shampoo,342,285,432.16,5,30,98,92,3.28,L,2024-08-19 00:00:00,Active
7740,Tata Baby Soap,Tata,Baby Care,Baby Soap,318,899.19,1056.38,18,60,115,442,4.11,ml,2025-03-31 00:00:00,Active
7741,Amul Pet Shampoo,Amul,Pet Care,Pet Shampoo,440,1456.84,2136.37,12,60,119,332,9.31,kg,2026-04-23 00:00:00,Active
7742,Pedigree Soft Drink,Pedigree,Beverages,Soft Drink,378,46.2,71.32,18,30,50,275,7.51,g,2023-06-20 00:00:00,Active
7743,Aashirvaad Hair Oil,Aashirvaad,Personal Care,Hair Oil,414,1662.05,1997.29,12,60,61,336,3.04,ml,2023-12-21 00:00:00,Active
7744,Dettol Namkeen,Dettol,Snacks,Namkeen,183,1045.92,1266.81,0,365,56,473,5.64,g,2023-03-13 00:00:00,Active
7745,Sunfeast Diapers,Sunfeast,Baby Care,Diapers,442,488.05,632.42,18,365,59,253,5.54,ml,2024-05-10 00:00:00,Active
7746,HUL Lunch Box,HUL,Kitchen,Lunch Box,273,489.81,622.85,5,365,24,362,6.57,ml,2022-03-03 00:00:00,Active
7747,Surf Excel Face Wash,Surf Excel,Personal Care,Face Wash,109,386.89,458.61,12,365,116,195,5,L,2022-02-08 00:00:00,Active
7748,Fortune Floor Cleaner,Fortune,Household,Floor Cleaner,295,1197.65,1397.83,18,180,103,418,7.49,L,2024-07-12 00:00:00,Active
7749,Patanjali Cooking Oil,Patanjali,Grocery,Cooking Oil,228,852.77,1209.71,12,60,54,306,4.48,kg,2025-05-04 00:00:00,Active
7750,Surf Excel Chocolate,Surf Excel,Snacks,Chocolate,211,107.77,160.95,12,90,92,67,2.93,kg,2022-04-29 00:00:00,Active
7751,ITC Bottle,ITC,Kitchen,Bottle,179,1594.8,2083.51,18,180,39,53,5.28,ml,2024-02-07 00:00:00,Active
7752,Nivea Cheese,Nivea,Dairy,Cheese,156,448.3,517.51,12,180,96,393,2.32,pcs,2022-03-26 00:00:00,Active
7753,Sunfeast Chips,Sunfeast,Snacks,Chips,474,166.51,252.31,12,365,111,314,7.63,g,2026-06-27 00:00:00,Active
7754,Nivea Pet Shampoo,Nivea,Pet Care,Pet Shampoo,383,1335.27,1980.62,0,365,51,78,0.65,kg,2021-11-20 00:00:00,Active
7755,Lizol Floor Cleaner,Lizol,Household,Floor Cleaner,419,1555.84,2384.36,12,60,40,291,4.07,kg,2025-10-24 00:00:00,Active
7756,Sunfeast Baby Powder,Sunfeast,Baby Care,Baby Powder,114,1597.89,1978.02,5,60,78,328,7.94,pcs,2025-05-23 00:00:00,Active
7757,Mamaearth Cat Food,Mamaearth,Pet Care,Cat Food,397,244.78,314.31,5,180,78,425,4.53,kg,2023-09-29 00:00:00,Active
7758,Britannia Energy Drink,Britannia,Beverages,Energy Drink,20,443.53,577.49,18,90,64,89,5.02,pcs,2022-05-16 00:00:00,Active
7759,Aashirvaad Chips,Aashirvaad,Snacks,Chips,249,1514.42,1742.85,18,30,85,332,5.55,ml,2025-12-25 00:00:00,Active
7760,Dabur Toothpaste,Dabur,Personal Care,Toothpaste,495,401.09,610.22,0,30,55,78,6.55,ml,2021-01-16 00:00:00,Discontinued
7761,Nestle Cheese,Nestle,Dairy,Cheese,374,1270.92,1790.8,18,90,116,262,7.45,g,2022-07-31 00:00:00,Active
7762,Godrej Dog Food,Godrej,Pet Care,Dog Food,223,1735.4,2499.35,18,180,47,493,3.03,ml,2021-09-10 00:00:00,Active
7763,Parle Pet Shampoo,Parle,Pet Care,Pet Shampoo,99,250.89,377.91,0,365,62,363,2.31,pcs,2023-06-27 00:00:00,Active
7764,Lizol Tissue Paper,Lizol,Household,Tissue Paper,416,783.9,897.41,0,60,52,277,9.08,g,2020-11-18 00:00:00,Active
7765,ITC Soft Drink,ITC,Beverages,Soft Drink,281,257.12,336.48,0,365,30,55,5.65,pcs,2023-10-27 00:00:00,Discontinued
7766,Britannia Pet Shampoo,Britannia,Pet Care,Pet Shampoo,267,371.86,460.58,0,180,80,149,7.63,g,2022-05-28 00:00:00,Active
7767,Sunfeast Floor Cleaner,Sunfeast,Household,Floor Cleaner,304,594.37,722.41,18,365,113,212,7.1,pcs,2021-05-24 00:00:00,Active
7768,Amul Frying Pan,Amul,Kitchen,Frying Pan,451,636.23,799.98,18,365,72,260,7.93,ml,2023-09-09 00:00:00,Active
7769,Sunfeast Soap,Sunfeast,Personal Care,Soap,450,27.24,41.85,5,30,51,289,3.16,kg,2025-07-24 00:00:00,Active
7770,Colgate Poha,Colgate,Grocery,Poha,71,1159.92,1410.63,12,365,55,475,5.55,L,2022-11-09 00:00:00,Active
7771,HUL Curd,HUL,Dairy,Curd,412,944.66,1250.43,18,90,41,332,9.59,L,2021-09-13 00:00:00,Active
7772,ITC Bottle,ITC,Kitchen,Bottle,186,798.59,1064.28,18,90,70,471,3.38,pcs,2022-07-07 00:00:00,Active
7773,Nivea Baby Lotion,Nivea,Baby Care,Baby Lotion,134,162.7,205.26,18,60,68,312,7.3,L,2023-08-07 00:00:00,Active
7774,Pedigree Tissue Paper,Pedigree,Household,Tissue Paper,24,1585.61,1837.81,18,90,93,235,1.59,ml,2022-03-02 00:00:00,Active
7775,Tata Baby Soap,Tata,Baby Care,Baby Soap,497,454.2,652.52,5,180,75,179,1.83,L,2023-07-16 00:00:00,Active
7776,Parle Cat Food,Parle,Pet Care,Cat Food,474,183.58,281.61,5,180,73,172,9.29,kg,2023-07-04 00:00:00,Active
7777,Aashirvaad Dog Food,Aashirvaad,Pet Care,Dog Food,384,1046.94,1219.71,18,365,101,299,4.15,g,2023-08-20 00:00:00,Active
7778,Patanjali Knife,Patanjali,Kitchen,Knife,348,264.34,379.62,5,90,75,132,4.92,g,2023-01-25 00:00:00,Active
7779,ITC Cheese,ITC,Dairy,Cheese,441,1491.62,2106.83,0,180,20,201,3.6,kg,2024-02-04 00:00:00,Active
7780,Patanjali Knife,Patanjali,Kitchen,Knife,34,1178.55,1740.68,0,60,56,328,9.19,ml,2022-04-10 00:00:00,Active
7781,Parle Detergent,Parle,Household,Detergent,226,971.96,1474.26,5,90,85,431,0.8,pcs,2021-04-06 00:00:00,Active
7782,Fortune Dog Food,Fortune,Pet Care,Dog Food,312,1445.37,1867.08,18,30,97,56,2.04,L,2023-08-28 00:00:00,Active
7783,Dettol Chocolate,Dettol,Snacks,Chocolate,170,1659.41,2283.73,0,30,79,291,1.59,g,2024-04-27 00:00:00,Active
7784,Mamaearth Soft Drink,Mamaearth,Beverages,Soft Drink,440,1278.74,1788.78,0,30,51,98,5.29,pcs,2023-11-27 00:00:00,Active
7785,Nivea Baby Soap,Nivea,Baby Care,Baby Soap,396,1094.52,1356.23,5,180,85,170,5.62,kg,2025-10-04 00:00:00,Active
7786,HUL Toothpaste,HUL,Personal Care,Toothpaste,132,853.23,1115.25,0,365,111,78,0.98,g,2021-09-15 00:00:00,Active
7787,Nivea Cookies,Nivea,Snacks,Cookies,450,906.58,1053.89,18,30,59,413,1.39,ml,2025-12-19 00:00:00,Active
7788,Mamaearth Milk,Mamaearth,Dairy,Milk,161,581.88,805.91,18,365,62,415,3.04,kg,2026-05-26 00:00:00,Active
7789,Dabur Dog Food,Dabur,Pet Care,Dog Food,120,493.84,610.59,12,365,61,490,2.72,kg,2024-08-27 00:00:00,Active
7790,Amul Lunch Box,Amul,Kitchen,Lunch Box,132,1464.76,1948.38,5,365,92,150,5.79,L,2025-07-17 00:00:00,Active
7791,ITC Pressure Cooker,ITC,Kitchen,Pressure Cooker,214,257.1,308.68,5,365,111,160,5.5,g,2021-09-12 00:00:00,Active
7792,Lizol Cat Food,Lizol,Pet Care,Cat Food,255,979.36,1444.14,5,30,48,211,8.81,g,2026-02-18 00:00:00,Active
7793,HUL Cat Food,HUL,Pet Care,Cat Food,176,450.4,616.43,0,60,95,275,5.34,pcs,2021-06-22 00:00:00,Active
7794,Godrej Juice,Godrej,Beverages,Juice,54,1577.96,2081.13,18,180,50,101,8.57,pcs,2026-03-29 00:00:00,Active
7795,Colgate Cat Food,Colgate,Pet Care,Cat Food,409,1214.95,1487.42,0,60,57,497,5.98,ml,2021-03-11 00:00:00,Active
7796,Lizol Sugar,Lizol,Grocery,Sugar,213,689.52,775.13,18,30,53,336,0.58,pcs,2021-06-11 00:00:00,Active
7797,Colgate Juice,Colgate,Beverages,Juice,402,1120.06,1707.48,5,90,114,231,3.84,kg,2022-07-27 00:00:00,Active
7798,Pedigree Chips,Pedigree,Snacks,Chips,76,28.97,39.46,5,30,91,364,5.3,g,2026-05-05 00:00:00,Active
7799,ITC Baby Powder,ITC,Baby Care,Baby Powder,407,40.94,60.8,5,365,91,75,5.65,ml,2023-05-16 00:00:00,Active
7800,Dabur Diapers,Dabur,Baby Care,Diapers,293,1097.51,1320.96,0,60,42,255,4.26,L,2023-09-28 00:00:00,Active
7801,Lizol Soft Drink,Lizol,Beverages,Soft Drink,165,1183.48,1703.51,18,365,117,423,7.09,pcs,2024-06-18 00:00:00,Active
7802,Sunfeast Mineral Water,Sunfeast,Beverages,Mineral Water,434,967.01,1341.97,5,365,32,332,7.78,L,2025-12-05 00:00:00,Active
7803,Godrej Chips,Godrej,Snacks,Chips,161,1572.46,2143.91,5,365,73,351,2.2,g,2026-02-10 00:00:00,Active
7804,Nivea Salt,Nivea,Grocery,Salt,233,673.55,990.95,5,365,93,477,3.81,L,2020-12-02 00:00:00,Active
7805,Godrej Milk,Godrej,Dairy,Milk,264,1327.11,1914.77,12,180,35,338,4.9,pcs,2022-04-18 00:00:00,Active
7806,Nestle Hair Oil,Nestle,Personal Care,Hair Oil,380,1418.3,1947.8,0,60,95,70,1.06,kg,2021-05-05 00:00:00,Active
7807,Dettol Soap,Dettol,Personal Care,Soap,291,1170.25,1795.95,12,365,88,154,0.75,kg,2022-05-29 00:00:00,Active
7808,Amul Pet Shampoo,Amul,Pet Care,Pet Shampoo,351,1585.07,2393.96,18,60,83,295,2.57,g,2024-11-25 00:00:00,Active
7809,Nestle Lunch Box,Nestle,Kitchen,Lunch Box,330,514.49,585.12,18,30,95,319,2.94,g,2023-03-12 00:00:00,Active
7810,Dabur Salt,Dabur,Grocery,Salt,145,1636.25,2492.56,0,365,35,177,4.98,g,2023-10-11 00:00:00,Active
7811,HUL Cat Food,HUL,Pet Care,Cat Food,163,192.19,223.18,0,60,72,462,4,kg,2026-03-06 00:00:00,Active
7812,Colgate Juice,Colgate,Beverages,Juice,416,858.99,1244.84,5,60,91,181,9.5,L,2024-09-20 00:00:00,Active
7813,Surf Excel Juice,Surf Excel,Beverages,Juice,57,1341.58,1758.13,5,90,24,249,6.87,g,2025-03-20 00:00:00,Active
7814,Surf Excel Energy Drink,Surf Excel,Beverages,Energy Drink,496,1701.69,2146.81,12,30,54,298,6.62,ml,2023-01-07 00:00:00,Active
7815,HUL Pet Shampoo,HUL,Pet Care,Pet Shampoo,392,1591.78,2387.12,0,365,36,328,6.94,kg,2023-04-02 00:00:00,Active
7816,Godrej Frying Pan,Godrej,Kitchen,Frying Pan,281,1582.24,2166.25,12,180,35,155,9.19,ml,2020-08-22 00:00:00,Active
7817,Patanjali Baby Soap,Patanjali,Baby Care,Baby Soap,265,750.79,877.62,0,30,81,161,6.74,kg,2021-12-08 00:00:00,Active
7818,Colgate Paneer,Colgate,Dairy,Paneer,379,340.8,516.64,5,30,36,166,8.14,g,2024-05-15 00:00:00,Active
7819,Godrej Namkeen,Godrej,Snacks,Namkeen,311,1569.56,2017.26,18,90,26,175,0.22,pcs,2021-03-09 00:00:00,Active
7820,Lizol Pet Shampoo,Lizol,Pet Care,Pet Shampoo,175,351.47,487.39,18,180,100,108,2.72,ml,2023-09-11 00:00:00,Active
7821,ITC Butter,ITC,Dairy,Butter,409,588.22,828.57,5,30,56,244,3.13,L,2023-12-11 00:00:00,Active
7822,ITC Cat Food,ITC,Pet Care,Cat Food,311,393.82,555.39,18,90,73,257,6.18,g,2024-11-11 00:00:00,Active
7823,Pedigree Baby Soap,Pedigree,Baby Care,Baby Soap,237,120.01,152.77,12,60,20,282,8.94,L,2022-10-17 00:00:00,Active
7824,Nestle Baby Powder,Nestle,Baby Care,Baby Powder,140,1197.03,1375.63,5,60,101,337,1.02,g,2021-11-02 00:00:00,Active
7825,Amul Butter,Amul,Dairy,Butter,174,864.93,1023.26,0,180,59,488,8.01,kg,2022-01-17 00:00:00,Active
7826,Amul Baby Soap,Amul,Baby Care,Baby Soap,231,1317.32,1926.92,5,60,65,397,4.68,g,2021-12-31 00:00:00,Active
7827,Britannia Chips,Britannia,Snacks,Chips,394,819.24,1183.19,12,60,82,145,3.3,ml,2026-02-16 00:00:00,Active
7828,Dettol Baby Soap,Dettol,Baby Care,Baby Soap,476,886.83,1025.36,12,60,64,191,2.47,L,2020-12-27 00:00:00,Active
7829,Amul Hair Oil,Amul,Personal Care,Hair Oil,453,596.87,793.23,0,365,83,317,9.26,ml,2024-11-08 00:00:00,Active
7830,Lizol Coffee,Lizol,Grocery,Coffee,483,716.1,859.42,5,60,76,148,1.42,g,2024-03-27 00:00:00,Active
7831,HUL Shampoo,HUL,Personal Care,Shampoo,405,1348.58,1927.08,12,90,108,175,1.92,kg,2025-02-12 00:00:00,Active
7832,Parle Baby Powder,Parle,Baby Care,Baby Powder,281,936.6,1088.99,5,180,90,321,9.54,g,2026-01-13 00:00:00,Active
7833,Colgate Tea,Colgate,Grocery,Tea,188,1638.34,2410.57,0,60,28,424,7.25,ml,2025-04-03 00:00:00,Active
7834,Britannia Chana Dal,Britannia,Grocery,Chana Dal,326,1017.36,1236.87,0,180,54,375,6.81,ml,2026-04-18 00:00:00,Active
7835,Pedigree Frying Pan,Pedigree,Kitchen,Frying Pan,381,997.09,1167.74,5,90,84,487,7.15,g,2022-06-29 00:00:00,Active
7836,Amul Cookies,Amul,Snacks,Cookies,497,537.2,630.44,12,90,71,228,4.83,kg,2022-05-23 00:00:00,Active
7837,Surf Excel Knife,Surf Excel,Kitchen,Knife,220,1473.58,1799.55,0,365,20,242,8.77,L,2024-12-10 00:00:00,Active
7838,Patanjali Tissue Paper,Patanjali,Household,Tissue Paper,167,1474.71,1854.62,5,180,29,212,5.81,g,2023-08-01 00:00:00,Active
7839,Aashirvaad Milk,Aashirvaad,Dairy,Milk,69,1161.5,1753.86,12,30,74,242,5.52,g,2025-06-14 00:00:00,Active
7840,Colgate Sugar,Colgate,Grocery,Sugar,464,580.33,868.65,18,60,60,379,2.15,g,2021-11-26 00:00:00,Active
7841,Fortune Biscuits,Fortune,Snacks,Biscuits,483,339.53,468.98,0,30,108,180,4.98,ml,2023-04-25 00:00:00,Active
7842,Pedigree Toothpaste,Pedigree,Personal Care,Toothpaste,258,1432.32,2154.6,0,365,116,465,4.7,g,2022-06-18 00:00:00,Active
7843,Aashirvaad Coffee,Aashirvaad,Grocery,Coffee,196,308.79,461.1,5,30,52,221,2.78,ml,2021-10-11 00:00:00,Active
7844,Dabur Paneer,Dabur,Dairy,Paneer,436,339.66,431.03,12,30,94,384,3.98,L,2021-12-09 00:00:00,Active
7845,Colgate Baby Lotion,Colgate,Baby Care,Baby Lotion,456,491.29,711.52,0,90,40,443,8.95,kg,2024-10-19 00:00:00,Active
7846,Amul Poha,Amul,Grocery,Poha,64,1631.63,2431.93,5,60,119,238,5.32,g,2022-05-10 00:00:00,Active
7847,Nivea Lunch Box,Nivea,Kitchen,Lunch Box,138,1039.16,1202.47,0,90,55,340,7.72,g,2022-05-17 00:00:00,Active
7848,Tata Baby Soap,Tata,Baby Care,Baby Soap,436,849.21,1192.65,5,180,104,484,6.07,L,2022-10-01 00:00:00,Active
7849,Godrej Pressure Cooker,Godrej,Kitchen,Pressure Cooker,78,92.88,114.53,18,60,46,196,9.64,kg,2022-10-19 00:00:00,Active
7850,Patanjali Tissue Paper,Patanjali,Household,Tissue Paper,332,658.76,998.21,12,180,73,138,2.21,g,2024-10-12 00:00:00,Active
7851,Pedigree Knife,Pedigree,Kitchen,Knife,63,686.99,786.34,5,90,80,356,6.62,ml,2025-07-25 00:00:00,Active
7852,Aashirvaad Shampoo,Aashirvaad,Personal Care,Shampoo,458,715.46,1041.68,0,60,94,202,4.71,L,2024-01-08 00:00:00,Active
7853,Pedigree Mineral Water,Pedigree,Beverages,Mineral Water,402,705.24,926.7,18,60,78,84,6.69,g,2023-12-25 00:00:00,Discontinued
7854,HUL Dog Food,HUL,Pet Care,Dog Food,27,1772.21,2481.52,18,60,81,275,1.51,ml,2021-10-06 00:00:00,Active
7855,Sunfeast Mineral Water,Sunfeast,Beverages,Mineral Water,249,1073.12,1329.74,0,60,75,298,2.32,L,2022-08-01 00:00:00,Active
7856,Nestle Soft Drink,Nestle,Beverages,Soft Drink,244,1223.25,1833.73,12,365,118,54,0.16,pcs,2022-03-28 00:00:00,Active
7857,Parle Namkeen,Parle,Snacks,Namkeen,56,92.87,111.07,5,60,22,348,0.22,pcs,2024-04-07 00:00:00,Active
7858,Surf Excel Chips,Surf Excel,Snacks,Chips,32,987.74,1344.64,18,90,70,393,8.53,g,2020-08-23 00:00:00,Active
7859,Sunfeast Floor Cleaner,Sunfeast,Household,Floor Cleaner,102,957.49,1222.96,0,60,105,182,0.86,pcs,2023-11-01 00:00:00,Active
7860,Parle Tissue Paper,Parle,Household,Tissue Paper,427,1794.96,2343.48,0,60,23,420,9.7,ml,2021-12-18 00:00:00,Active
7861,Dettol Cheese,Dettol,Dairy,Cheese,163,607.56,896.29,12,365,21,199,4.94,ml,2022-05-03 00:00:00,Active
7862,Colgate Moong Dal,Colgate,Grocery,Moong Dal,458,638.41,874.38,5,180,44,239,5.99,L,2023-05-19 00:00:00,Active
7863,Amul Shampoo,Amul,Personal Care,Shampoo,450,843.63,1106.38,18,180,29,175,0.12,kg,2024-05-06 00:00:00,Active
7864,Mamaearth Atta,Mamaearth,Grocery,Atta,100,583.11,763.31,0,365,90,192,1.52,g,2020-10-18 00:00:00,Active
7865,Patanjali Frying Pan,Patanjali,Kitchen,Frying Pan,346,125.86,171.41,5,365,22,417,3.5,L,2023-08-05 00:00:00,Active
7866,Dabur Juice,Dabur,Beverages,Juice,278,1016.3,1294.41,5,365,54,158,8.61,kg,2023-02-24 00:00:00,Active
7867,Nestle Cookies,Nestle,Snacks,Cookies,381,1281.13,1657.82,0,60,62,207,1.89,pcs,2023-09-01 00:00:00,Active
7868,Britannia Garbage Bags,Britannia,Household,Garbage Bags,65,1487.84,1711.73,18,90,58,298,2.23,pcs,2022-04-23 00:00:00,Active
7869,Amul Face Wash,Amul,Personal Care,Face Wash,147,1130.34,1494.49,18,90,47,99,1.83,pcs,2025-03-20 00:00:00,Active
7870,Dettol Floor Cleaner,Dettol,Household,Floor Cleaner,309,1085.7,1601.99,5,180,70,142,3.51,pcs,2023-05-29 00:00:00,Active
7871,Britannia Atta,Britannia,Grocery,Atta,234,420.99,486.78,12,365,82,64,2.92,pcs,2021-12-16 00:00:00,Active
7872,Sunfeast Pet Shampoo,Sunfeast,Pet Care,Pet Shampoo,234,1750.12,2553.73,0,365,23,245,3.5,pcs,2021-02-28 00:00:00,Active
7873,Fortune Juice,Fortune,Beverages,Juice,464,1193.86,1459.77,18,60,109,415,2.12,kg,2024-12-05 00:00:00,Active
7874,Godrej Floor Cleaner,Godrej,Household,Floor Cleaner,229,172.68,247.56,5,90,89,371,7.1,g,2024-09-07 00:00:00,Active
7875,Parle Coffee,Parle,Grocery,Coffee,195,305.71,466,12,365,36,433,9.41,g,2021-02-17 00:00:00,Active
7876,Godrej Pressure Cooker,Godrej,Kitchen,Pressure Cooker,306,523.94,809.38,5,60,90,359,7.83,L,2021-10-22 00:00:00,Active
7877,Britannia Cheese,Britannia,Dairy,Cheese,242,603.78,870.47,12,30,41,128,1.8,pcs,2023-07-02 00:00:00,Active
7878,Colgate Mineral Water,Colgate,Beverages,Mineral Water,426,500.03,573.19,12,180,34,199,0.98,kg,2021-01-13 00:00:00,Active
7879,Sunfeast Frying Pan,Sunfeast,Kitchen,Frying Pan,225,919.04,1187.22,0,90,73,307,2.82,ml,2026-06-05 00:00:00,Active
7880,Amul Baby Powder,Amul,Baby Care,Baby Powder,350,987.03,1160.03,0,365,75,280,6.37,g,2020-12-03 00:00:00,Active
7881,Parle Dog Food,Parle,Pet Care,Dog Food,109,1455.92,2024.03,18,180,43,295,2.1,kg,2025-10-16 00:00:00,Active
7882,Amul Bottle,Amul,Kitchen,Bottle,176,1171.86,1332.75,0,180,71,277,3.47,kg,2023-11-12 00:00:00,Active
7883,Amul Baby Lotion,Amul,Baby Care,Baby Lotion,327,1697.08,1993.8,18,365,91,482,5.13,L,2020-11-10 00:00:00,Active
7884,Pedigree Baby Lotion,Pedigree,Baby Care,Baby Lotion,44,372.64,545.35,0,180,90,424,1.52,pcs,2023-08-09 00:00:00,Active
7885,Colgate Pet Shampoo,Colgate,Pet Care,Pet Shampoo,72,1264.93,1477.51,0,180,93,235,5.73,kg,2021-02-09 00:00:00,Active
7886,Nestle Soft Drink,Nestle,Beverages,Soft Drink,44,497.82,675.29,12,60,120,438,6.08,pcs,2025-12-21 00:00:00,Active
7887,Fortune Pet Shampoo,Fortune,Pet Care,Pet Shampoo,320,1474.02,1665.09,18,60,114,145,2.54,g,2022-06-04 00:00:00,Active
7888,Fortune Paneer,Fortune,Dairy,Paneer,419,402.34,456.37,18,60,105,466,8.24,g,2023-01-10 00:00:00,Active
7889,Pedigree Tissue Paper,Pedigree,Household,Tissue Paper,222,954.24,1111.31,12,180,112,181,6.05,g,2023-07-06 00:00:00,Active
7890,Dabur Toor Dal,Dabur,Grocery,Toor Dal,374,209.55,248.46,12,30,32,180,9.93,ml,2022-11-06 00:00:00,Active
7891,Nestle Namkeen,Nestle,Snacks,Namkeen,402,1653.23,2375.3,0,90,44,261,1.38,kg,2023-06-10 00:00:00,Active
7892,HUL Dog Food,HUL,Pet Care,Dog Food,266,1694.2,2047.55,0,365,69,445,6.35,pcs,2024-07-18 00:00:00,Active
7893,Pedigree Face Wash,Pedigree,Personal Care,Face Wash,447,710.91,969.75,12,30,61,336,6.66,kg,2026-01-23 00:00:00,Active
7894,Colgate Dog Food,Colgate,Pet Care,Dog Food,202,1653.17,2458.44,0,30,85,379,8.52,L,2024-12-22 00:00:00,Active
7895,Godrej Pet Shampoo,Godrej,Pet Care,Pet Shampoo,390,1106.98,1564.53,0,90,65,151,6.26,kg,2023-02-19 00:00:00,Active
7896,Sunfeast Dog Food,Sunfeast,Pet Care,Dog Food,405,1549.17,2331.93,12,30,102,290,0.56,kg,2025-07-07 00:00:00,Active
7897,Tata Chocolate,Tata,Snacks,Chocolate,21,20.01,25.46,18,180,30,53,8.9,kg,2025-09-15 00:00:00,Active
7898,Britannia Baby Soap,Britannia,Baby Care,Baby Soap,318,522.21,728.14,5,365,106,408,5.31,L,2024-12-11 00:00:00,Active
7899,ITC Shampoo,ITC,Personal Care,Shampoo,60,1691.41,2127.22,5,30,51,378,3.93,g,2025-09-08 00:00:00,Active
7900,Patanjali Floor Cleaner,Patanjali,Household,Floor Cleaner,125,687.32,894.98,18,365,52,379,1.87,ml,2025-01-23 00:00:00,Active
7901,Aashirvaad Shampoo,Aashirvaad,Personal Care,Shampoo,373,634.13,776.9,5,60,119,485,2.88,L,2021-12-12 00:00:00,Active
7902,Britannia Frying Pan,Britannia,Kitchen,Frying Pan,233,1367.66,1919.88,5,365,62,271,0.17,ml,2025-01-18 00:00:00,Active
7903,Aashirvaad Frying Pan,Aashirvaad,Kitchen,Frying Pan,454,45.57,63.73,0,90,30,54,7.61,L,2026-01-30 00:00:00,Active
7904,Patanjali Cheese,Patanjali,Dairy,Cheese,163,166.22,236.72,0,90,34,97,6.33,pcs,2024-01-18 00:00:00,Active
7905,Parle Chocolate,Parle,Snacks,Chocolate,362,573.92,731.28,18,30,41,338,5.62,kg,2023-05-23 00:00:00,Discontinued
7906,Tata Cheese,Tata,Dairy,Cheese,68,766.41,971.68,12,180,38,224,3.33,pcs,2024-04-10 00:00:00,Active
7907,Sunfeast Energy Drink,Sunfeast,Beverages,Energy Drink,273,744.3,860.58,0,30,98,385,7.86,ml,2024-02-02 00:00:00,Active
7908,Tata Garbage Bags,Tata,Household,Garbage Bags,467,1615.14,1909.91,5,60,33,489,3.36,ml,2024-11-24 00:00:00,Active
7909,Godrej Paneer,Godrej,Dairy,Paneer,350,1203.24,1486.48,18,365,53,481,4.9,ml,2020-11-10 00:00:00,Active
7910,Sunfeast Baby Powder,Sunfeast,Baby Care,Baby Powder,371,1123.66,1397.65,5,365,38,283,1.15,ml,2025-05-10 00:00:00,Active
7911,Dettol Cat Food,Dettol,Pet Care,Cat Food,322,579.6,853.3,5,30,30,78,5.37,kg,2024-03-17 00:00:00,Active
7912,Pedigree Hair Oil,Pedigree,Personal Care,Hair Oil,200,457.03,548.43,12,90,31,394,9.49,pcs,2023-12-25 00:00:00,Active
7913,Surf Excel Garbage Bags,Surf Excel,Household,Garbage Bags,459,1147.34,1515.41,18,30,90,422,6.68,ml,2020-12-28 00:00:00,Active
7914,Nestle Diapers,Nestle,Baby Care,Diapers,373,418,504.36,5,90,69,124,9.77,g,2023-05-01 00:00:00,Active
7915,Sunfeast Detergent,Sunfeast,Household,Detergent,346,485.28,741.46,0,365,67,322,4.74,kg,2020-12-29 00:00:00,Active
7916,HUL Chips,HUL,Snacks,Chips,174,1243.84,1419.94,18,30,66,104,6.04,L,2024-03-06 00:00:00,Active
7917,Parle Energy Drink,Parle,Beverages,Energy Drink,116,671.91,812.67,18,60,93,363,4.56,L,2022-12-01 00:00:00,Active
7918,Surf Excel Biscuits,Surf Excel,Snacks,Biscuits,67,620.26,747.41,12,180,47,164,8.76,kg,2024-11-03 00:00:00,Active
7919,HUL Floor Cleaner,HUL,Household,Floor Cleaner,331,1020.77,1397.41,0,60,73,223,6.11,ml,2022-04-27 00:00:00,Discontinued
7920,Mamaearth Detergent,Mamaearth,Household,Detergent,103,1696.17,2505.32,0,30,32,261,2.05,pcs,2025-09-12 00:00:00,Discontinued
7921,Parle Cat Food,Parle,Pet Care,Cat Food,414,1213.5,1438.51,0,30,100,419,9.25,g,2021-09-22 00:00:00,Active
7922,HUL Chocolate,HUL,Snacks,Chocolate,3,168.03,192.99,5,365,79,199,4.8,pcs,2022-11-04 00:00:00,Active
7923,Colgate Baby Soap,Colgate,Baby Care,Baby Soap,152,1184.2,1813.97,18,30,51,407,0.52,ml,2020-11-27 00:00:00,Active
7924,Colgate Chips,Colgate,Snacks,Chips,407,204.64,245.15,5,90,93,269,6.42,ml,2024-01-15 00:00:00,Active
7925,Godrej Butter,Godrej,Dairy,Butter,59,1742.67,2366.71,5,60,24,253,5.13,g,2025-01-31 00:00:00,Active
7926,Surf Excel Lunch Box,Surf Excel,Kitchen,Lunch Box,460,1533.43,2141.98,0,30,36,225,1.85,kg,2021-01-06 00:00:00,Active
7927,Parle Curd,Parle,Dairy,Curd,215,712.12,808.61,0,90,113,138,2.58,pcs,2023-01-22 00:00:00,Active
7928,Aashirvaad Paneer,Aashirvaad,Dairy,Paneer,116,1342.03,1798.15,0,60,109,325,7.84,g,2020-10-18 00:00:00,Active
7929,HUL Dog Food,HUL,Pet Care,Dog Food,490,372.73,488.04,5,180,67,159,3.17,L,2024-12-28 00:00:00,Active
7930,Amul Baby Soap,Amul,Baby Care,Baby Soap,182,283.48,432.7,12,90,108,91,1.37,g,2024-06-07 00:00:00,Active
7931,Patanjali Chocolate,Patanjali,Snacks,Chocolate,322,609.67,850.21,12,180,28,80,6.62,kg,2024-07-25 00:00:00,Active
7932,Britannia Paneer,Britannia,Dairy,Paneer,219,446.8,574.43,0,60,48,229,6.79,ml,2025-05-28 00:00:00,Active
7933,Patanjali Rice,Patanjali,Grocery,Rice,232,365.17,471.39,12,365,21,252,1.86,ml,2025-03-05 00:00:00,Discontinued
7934,Surf Excel Coffee,Surf Excel,Grocery,Coffee,295,711.61,1042.82,12,30,57,153,7.15,kg,2021-01-25 00:00:00,Active
7935,Tata Garbage Bags,Tata,Household,Garbage Bags,439,580.38,879.78,18,180,64,205,9.11,L,2025-09-29 00:00:00,Active
7936,Britannia Butter,Britannia,Dairy,Butter,252,1211.23,1401.92,5,30,65,258,4.15,pcs,2020-08-19 00:00:00,Active
7937,Pedigree Namkeen,Pedigree,Snacks,Namkeen,320,1643.11,2032.02,5,30,57,77,6.73,L,2022-09-24 00:00:00,Active
7938,Amul Dog Food,Amul,Pet Care,Dog Food,138,270.21,388.62,5,365,68,473,8.06,L,2025-07-15 00:00:00,Active
7939,Godrej Cat Food,Godrej,Pet Care,Cat Food,63,533.01,661.25,5,180,30,260,8.41,ml,2024-12-24 00:00:00,Active
7940,Amul Milk,Amul,Dairy,Milk,12,1485.24,2120.48,0,60,115,489,9.46,pcs,2025-12-05 00:00:00,Active
7941,Parle Dog Food,Parle,Pet Care,Dog Food,90,638.39,826.99,0,60,109,324,8.16,L,2022-05-04 00:00:00,Active
7942,HUL Toor Dal,HUL,Grocery,Toor Dal,178,1281.99,1756.63,0,30,62,190,0.78,kg,2020-08-21 00:00:00,Active
7943,Nestle Lunch Box,Nestle,Kitchen,Lunch Box,57,285.14,362.73,5,60,104,154,8.81,ml,2024-06-08 00:00:00,Active
7944,Amul Soft Drink,Amul,Beverages,Soft Drink,159,1084.72,1571.15,18,180,108,110,1.47,ml,2021-04-29 00:00:00,Active
7945,Tata Milk,Tata,Dairy,Milk,52,718.27,1091.77,18,30,73,116,4.24,pcs,2022-08-11 00:00:00,Active
7946,Tata Paneer,Tata,Dairy,Paneer,145,1175.14,1551.88,18,90,24,136,9.2,kg,2021-09-21 00:00:00,Active
7947,Colgate Garbage Bags,Colgate,Household,Garbage Bags,37,207.85,288.78,5,90,77,85,5.03,kg,2021-05-02 00:00:00,Active
7948,Nivea Pet Shampoo,Nivea,Pet Care,Pet Shampoo,213,1492.39,2172.57,18,90,52,457,5.89,L,2022-03-07 00:00:00,Active
7949,Dettol Dog Food,Dettol,Pet Care,Dog Food,208,1007.05,1413.38,12,365,35,489,1.31,pcs,2022-11-11 00:00:00,Active
7950,ITC Juice,ITC,Beverages,Juice,471,882.63,1053.96,5,365,84,310,2.41,kg,2025-01-21 00:00:00,Active
7951,Sunfeast Garbage Bags,Sunfeast,Household,Garbage Bags,15,307.44,372.27,18,365,41,283,2.45,g,2024-11-20 00:00:00,Active
7952,HUL Lunch Box,HUL,Kitchen,Lunch Box,89,861.94,1257.17,12,90,120,175,8.13,ml,2021-06-30 00:00:00,Discontinued
7953,Lizol Pressure Cooker,Lizol,Kitchen,Pressure Cooker,202,912.51,1121.93,5,180,93,162,0.54,L,2023-05-24 00:00:00,Active
7954,HUL Baby Soap,HUL,Baby Care,Baby Soap,99,995.34,1306.78,5,90,110,242,1.69,L,2025-12-19 00:00:00,Active
7955,Parle Toothpaste,Parle,Personal Care,Toothpaste,85,973.39,1411.9,5,60,32,423,8.18,g,2021-04-18 00:00:00,Active
7956,Amul Soap,Amul,Personal Care,Soap,84,1154.53,1763.53,12,365,73,365,1.97,kg,2023-09-07 00:00:00,Active
7957,Colgate Floor Cleaner,Colgate,Household,Floor Cleaner,388,1173.31,1339.23,12,60,76,69,2.22,g,2024-06-22 00:00:00,Active
7958,HUL Baby Lotion,HUL,Baby Care,Baby Lotion,114,695.2,820.53,5,365,55,404,1.94,pcs,2020-09-29 00:00:00,Active
7959,Nivea Rice,Nivea,Grocery,Rice,46,1095.43,1354.08,5,90,38,261,1.35,g,2026-06-09 00:00:00,Active
7960,Amul Pressure Cooker,Amul,Kitchen,Pressure Cooker,488,993.76,1131.21,0,30,113,487,6.04,pcs,2022-12-12 00:00:00,Active
7961,Dettol Baby Soap,Dettol,Baby Care,Baby Soap,403,1077.27,1260.95,12,30,44,101,5.91,kg,2021-06-07 00:00:00,Active
7962,Amul Butter,Amul,Dairy,Butter,288,971.18,1291.6,5,60,49,313,3.39,L,2025-06-16 00:00:00,Active
7963,Surf Excel Cat Food,Surf Excel,Pet Care,Cat Food,247,480.05,739.71,12,30,108,376,8.77,g,2023-12-27 00:00:00,Active
7964,Mamaearth Dog Food,Mamaearth,Pet Care,Dog Food,92,500.2,622.12,18,90,26,295,4.12,L,2023-12-11 00:00:00,Active
7965,Sunfeast Milk,Sunfeast,Dairy,Milk,263,232.39,276.87,12,30,110,120,1.5,kg,2023-05-25 00:00:00,Active
7966,Colgate Energy Drink,Colgate,Beverages,Energy Drink,374,820.9,1159.71,12,60,94,423,0.75,L,2020-09-09 00:00:00,Active
7967,Parle Curd,Parle,Dairy,Curd,258,448.12,522.81,5,90,115,236,6.74,kg,2024-02-25 00:00:00,Active
7968,Colgate Soap,Colgate,Personal Care,Soap,121,1701.56,2467.85,12,30,41,367,8.52,ml,2025-10-11 00:00:00,Active
7969,Patanjali Pet Shampoo,Patanjali,Pet Care,Pet Shampoo,420,203.47,267.48,12,30,59,146,5,L,2025-01-23 00:00:00,Active
7970,Dettol Cheese,Dettol,Dairy,Cheese,115,1250.71,1540.04,18,60,85,54,9.65,pcs,2021-05-01 00:00:00,Active
7971,Surf Excel Floor Cleaner,Surf Excel,Household,Floor Cleaner,48,469.76,573.41,0,90,118,320,4.6,ml,2022-12-26 00:00:00,Active
7972,Nestle Hair Oil,Nestle,Personal Care,Hair Oil,491,1254.35,1827.7,5,365,85,486,9.09,kg,2022-11-12 00:00:00,Active
7973,Britannia Lunch Box,Britannia,Kitchen,Lunch Box,51,556.2,773.61,12,365,48,320,3.35,pcs,2022-07-31 00:00:00,Active
7974,Godrej Pressure Cooker,Godrej,Kitchen,Pressure Cooker,213,1058.86,1502.73,12,90,47,173,7.34,kg,2022-11-10 00:00:00,Active
7975,Godrej Pet Shampoo,Godrej,Pet Care,Pet Shampoo,98,1434.92,1748.89,12,60,54,86,1.33,pcs,2023-09-22 00:00:00,Active
7976,Godrej Detergent,Godrej,Household,Detergent,353,1680.71,2171.08,12,30,38,135,9.9,L,2021-07-13 00:00:00,Active
7977,Parle Juice,Parle,Beverages,Juice,378,1693.69,2000.77,12,365,76,136,5.31,L,2023-06-23 00:00:00,Active
7978,Tata Shampoo,Tata,Personal Care,Shampoo,481,1010.73,1301.59,5,30,50,372,1.3,pcs,2026-05-15 00:00:00,Active
7979,Britannia Cheese,Britannia,Dairy,Cheese,228,1309.01,1531.97,0,365,91,323,3.99,L,2025-03-08 00:00:00,Active
7980,ITC Dishwash Liquid,ITC,Household,Dishwash Liquid,92,1761.43,2560.73,5,90,102,130,3.4,g,2025-08-09 00:00:00,Active
7981,Dettol Baby Lotion,Dettol,Baby Care,Baby Lotion,168,584.76,734.64,0,180,46,380,9.34,pcs,2021-07-25 00:00:00,Active
7982,Parle Namkeen,Parle,Snacks,Namkeen,324,1332.79,1862.3,18,30,93,495,3,g,2025-05-09 00:00:00,Active
7983,Amul Floor Cleaner,Amul,Household,Floor Cleaner,136,1390.97,1871.16,18,30,89,225,2.94,kg,2025-07-26 00:00:00,Active
7984,Godrej Cookies,Godrej,Snacks,Cookies,148,885.93,1203.81,5,30,22,401,7.96,L,2026-07-12 00:00:00,Active
7985,Patanjali Pet Shampoo,Patanjali,Pet Care,Pet Shampoo,92,596.74,752.5,12,90,52,363,1.59,L,2020-12-19 00:00:00,Active
7986,Sunfeast Pet Shampoo,Sunfeast,Pet Care,Pet Shampoo,69,1152.25,1751.35,18,30,27,159,2.62,g,2021-08-11 00:00:00,Active
7987,Sunfeast Cookies,Sunfeast,Snacks,Cookies,482,247.07,305.94,18,180,80,215,0.87,ml,2025-10-16 00:00:00,Active
7988,Amul Baby Powder,Amul,Baby Care,Baby Powder,339,448.99,517.59,5,30,32,267,1.72,L,2023-12-19 00:00:00,Active
7989,ITC Shampoo,ITC,Personal Care,Shampoo,196,755.87,1065.59,0,180,75,70,0.13,kg,2023-04-12 00:00:00,Active
7990,Nivea Suji,Nivea,Grocery,Suji,477,1307.92,1570.45,5,180,106,252,6.83,ml,2024-06-27 00:00:00,Active
7991,Britannia Namkeen,Britannia,Snacks,Namkeen,173,921.1,1274.9,12,365,84,482,7.06,ml,2021-01-11 00:00:00,Active
7992,Aashirvaad Salt,Aashirvaad,Grocery,Salt,184,1137.61,1548.22,5,180,83,372,5.73,g,2022-01-04 00:00:00,Active
7993,Amul Cat Food,Amul,Pet Care,Cat Food,180,465.38,537.9,5,365,34,121,6.99,g,2026-03-25 00:00:00,Active
7994,Nivea Garbage Bags,Nivea,Household,Garbage Bags,15,1781.92,2738.77,12,60,38,477,8.61,pcs,2025-06-16 00:00:00,Active
7995,Surf Excel Face Wash,Surf Excel,Personal Care,Face Wash,32,1549.07,2113.55,0,365,84,500,5.38,ml,2024-10-05 00:00:00,Active
7996,Patanjali Dog Food,Patanjali,Pet Care,Dog Food,465,1346.05,2068.84,12,365,84,398,2.58,ml,2024-07-15 00:00:00,Active
7997,Dabur Cat Food,Dabur,Pet Care,Cat Food,219,542.5,775.72,5,365,97,218,0.26,kg,2022-10-16 00:00:00,Active
7998,Mamaearth Floor Cleaner,Mamaearth,Household,Floor Cleaner,142,622.66,911.86,5,180,103,132,3.02,L,2023-10-13 00:00:00,Active
7999,Godrej Curd,Godrej,Dairy,Curd,161,834.12,960.93,12,30,20,105,9.92,pcs,2025-03-01 00:00:00,Active
8000,Fortune Atta,Fortune,Grocery,Atta,348,442.68,518.95,5,90,65,146,8.61,pcs,2024-11-17 00:00:00,Active
